index,Date,Close,Return,Volatility
22,2006-02-06,1265.02001953125,0.0007832015153355076,0.006191410204983906
23,2006-02-07,1254.780029296875,-0.008094725835381955,0.006410315644030835
24,2006-02-08,1265.6500244140625,0.008662869079354651,0.00635701890917853
25,2006-02-09,1263.780029296875,-0.001477497792530147,0.006283834480609323
26,2006-02-10,1266.989990234375,0.002539968082329924,0.006326387679617845
27,2006-02-13,1262.8599853515625,-0.003259698114938203,0.006272790609460553
28,2006-02-14,1275.530029296875,0.010032817645881265,0.0065871182305013735
29,2006-02-15,1280.0,0.003504402562430453,0.006631107605568113
30,2006-02-16,1289.3800048828125,0.0073281288146973544,0.006774872684646903
31,2006-02-17,1287.239990234375,-0.0016597237744756521,0.006726267638367339
32,2006-02-21,1283.030029296875,-0.003270533054782976,0.006663704616874254
33,2006-02-22,1292.6700439453125,0.007513475466915054,0.005456891421071441
34,2006-02-23,1287.7900390625,-0.0037751357399127272,0.005552263950250348
35,2006-02-24,1289.4300537109375,0.0012735108974994969,0.005542585397513408
36,2006-02-27,1294.1199951171875,0.0036372204857118007,0.005543451786990819
37,2006-02-28,1280.6600341796875,-0.010400860034838644,0.005873479234334572
38,2006-03-01,1291.239990234375,0.008261330698481784,0.005904612428182911
39,2006-03-02,1289.1400146484375,-0.0016263247744955356,0.005914880373750009
40,2006-03-03,1287.22998046875,-0.0014816343903563123,0.0058555068710933475
41,2006-03-06,1278.260009765625,-0.006968428982565,0.006040914668051054
42,2006-03-07,1275.8800048828125,-0.0018619098341728924,0.00572070686022979
43,2006-03-08,1278.469970703125,0.0020299446737943594,0.005594603291342654
44,2006-03-09,1272.22998046875,-0.0048808265953584895,0.005711565769102433
45,2006-03-10,1281.4200439453125,0.007223586629499623,0.005574854968415331
46,2006-03-13,1284.1300048828125,0.002114810791593591,0.00531325096799605
47,2006-03-14,1297.47998046875,0.01039612464094386,0.005675174307322655
48,2006-03-15,1303.02001953125,0.004269845505052494,0.005706343954178389
49,2006-03-16,1305.3299560546875,0.001772755973671547,0.005615380741824428
50,2006-03-17,1307.25,0.0014709261335852375,0.005284203750564719
51,2006-03-20,1305.0799560546875,-0.0016600068428476167,0.005288433194350406
52,2006-03-21,1297.22998046875,-0.00601493843309675,0.005280725392657377
53,2006-03-22,1305.0400390625,0.006020565906847075,0.0053983054652180845
54,2006-03-23,1301.6700439453125,-0.002582292509284545,0.0053765247809915585
55,2006-03-24,1302.949951171875,0.000983280849487178,0.00515645291296424
56,2006-03-27,1301.6099853515625,-0.0010284092793489963,0.005083981555908417
57,2006-03-28,1293.22998046875,-0.00643818423116127,0.0052896343434992105
58,2006-03-29,1302.8900146484375,0.007469695510914587,0.005470076885963263
59,2006-03-30,1300.25,-0.002026275908753372,0.0049555871473223705
60,2006-03-31,1294.8699951171875,-0.004137669588781034,0.0047559750377892335
61,2006-04-03,1297.81005859375,0.002270547226863817,0.004759686220808717
62,2006-04-04,1305.9300537109375,0.006256689924245107,0.004904287077013909
63,2006-04-05,1311.56005859375,0.004311107525869495,0.004651079455913524
64,2006-04-06,1309.0400390625,-0.0019213908770231436,0.00465294882386414
65,2006-04-07,1295.5,-0.010343487333051349,0.005253978765017473
66,2006-04-10,1296.6199951171875,0.00086452730002895,0.005108581679745949
67,2006-04-11,1286.5699462890625,-0.007750959314195005,0.005218964781094002
68,2006-04-12,1288.1199951171875,0.0012047917274888853,0.005206618614535891
69,2006-04-13,1289.1199951171875,0.0007763251900372303,0.004683128519590208
70,2006-04-17,1285.3299560546875,-0.00294002038356056,0.0046008786943503716
71,2006-04-18,1307.280029296875,0.017077384012400332,0.0059404990572847465
72,2006-04-19,1309.9300537109375,0.002027128354043395,0.005947858812578722
73,2006-04-20,1311.4599609375,0.0011679304724923067,0.005938336727367814
74,2006-04-21,1311.280029296875,-0.0001371994921570696,0.005773528907101471
75,2006-04-24,1308.1099853515625,-0.0024175186645771785,0.005669048749313123
76,2006-04-25,1301.739990234375,-0.004869617378140845,0.005741519786474807
77,2006-04-26,1305.4100341796875,0.0028193371739710926,0.005769493181184705
78,2006-04-27,1309.719970703125,0.00330159598179125,0.005802869141213812
79,2006-04-28,1310.6099853515625,0.0006795457566091123,0.005604420106980996
80,2006-05-01,1305.18994140625,-0.004135512475787029,0.005473831845590289
81,2006-05-02,1313.2099609375,0.0061447144793416175,0.0055988666279667325
82,2006-05-03,1308.1199951171875,-0.003875972595181021,0.005588889430794735
83,2006-05-04,1312.25,0.0031572064475955397,0.005605605448262025
84,2006-05-05,1325.760009765625,0.010295301783673105,0.005862717254766022
85,2006-05-08,1324.6600341796875,-0.0008296943472687612,0.005814250089756826
86,2006-05-09,1325.1400146484375,0.0003623423794523184,0.0057898960618640825
87,2006-05-10,1322.8499755859375,-0.0017281487519698047,0.005285895008122348
88,2006-05-11,1305.9200439453125,-0.012798073820219913,0.00604599951978448
89,2006-05-12,1291.239990234375,-0.011241158123729833,0.006308566952066323
90,2006-05-15,1294.5,0.002524712516867922,0.006324995625911007
91,2006-05-16,1292.0799560546875,-0.0018694816109019463,0.0063395223810341645
92,2006-05-17,1270.3199462890625,-0.01684107060376383,0.0072820900490272586
93,2006-05-18,1261.81005859375,-0.006699011316142922,0.006237253887511521
94,2006-05-19,1267.030029296875,0.004136891022205491,0.006311282674475664
95,2006-05-22,1262.0699462890625,-0.0039147320056533985,0.00630224780863277
96,2006-05-23,1256.5799560546875,-0.004349988881771183,0.006315714189210876
97,2006-05-24,1258.5699462890625,0.0015836558786301858,0.006358047756240114
98,2006-05-25,1272.8800048828125,0.011370093999100828,0.0068965708901749636
99,2006-05-26,1280.1600341796875,0.005719336676629716,0.006999904648786985
100,2006-05-30,1259.8699951171875,-0.015849611392923735,0.007620517358545394
101,2006-05-31,1270.0899658203125,0.00811192483568468,0.007892525976878284
102,2006-06-01,1285.7099609375,0.012298337548946048,0.008383392308550388
103,2006-06-02,1288.219970703125,0.0019522363844757251,0.008268454182495862
104,2006-06-05,1265.2900390625,-0.017799702040102394,0.009011394634640433
105,2006-06-06,1263.8499755859375,-0.0011381291499216184,0.008952636123447388
106,2006-06-07,1256.1500244140625,-0.00609245663695579,0.008583982062988708
107,2006-06-08,1257.9300537109375,0.0014170515163627329,0.008617020445077077
108,2006-06-09,1252.300048828125,-0.004475610441298961,0.008607271113599702
109,2006-06-12,1237.43994140625,-0.011866251571083786,0.008830728432392722
110,2006-06-13,1223.68994140625,-0.01111165038391615,0.008748488218034622
111,2006-06-14,1230.0400390625,0.005189302813874974,0.008705082706349935
112,2006-06-15,1256.1600341796875,0.021235077141956493,0.010002693625613717
113,2006-06-16,1251.5400390625,-0.003677871442713476,0.010014865263557748
114,2006-06-19,1240.1300048828125,-0.009116795167204206,0.009573425090675783
115,2006-06-20,1240.1199951171875,-8.071545390841983e-06,0.009491313654038217
116,2006-06-21,1252.199951171875,0.009740957409162698,0.009701445897463424
117,2006-06-22,1245.5999755859375,-0.005270704235182944,0.009728508703978483
118,2006-06-23,1244.5,-0.0008830889591340263,0.009692064649650854
119,2006-06-26,1250.56005859375,0.004869472554238641,0.009749143827005858
120,2006-06-27,1239.199951171875,-0.00908401587257579,0.009562252211947293
121,2006-06-28,1246.0,0.005487450852216691,0.009554415954728326
122,2006-06-29,1272.8699951171875,0.021565004106891994,0.010132253102076143
123,2006-06-30,1270.199951171875,-0.002097656442177853,0.01000071404697432
124,2006-07-03,1280.18994140625,0.0078648957789349,0.009784512934742732
125,2006-07-05,1270.9100341796875,-0.007248851851131444,0.009886489610302574
126,2006-07-06,1274.0799560546875,0.0024942142163870695,0.00911913761479849
127,2006-07-07,1265.47998046875,-0.006749949675504019,0.009240548428229014
128,2006-07-10,1267.3399658203125,0.0014697864685884188,0.009139360824865396
129,2006-07-11,1272.4300537109375,0.004016355538295047,0.009169307000190316
130,2006-07-12,1258.5999755859375,-0.01086902819111013,0.009434031903197618
131,2006-07-13,1242.280029296875,-0.012966746071534585,0.009504106306539733
132,2006-07-14,1236.199951171875,-0.004894289517349271,0.009239863905131065
133,2006-07-17,1234.489990234375,-0.001383239771105771,0.009187230686450453
134,2006-07-18,1236.8599853515625,0.001919817200573215,0.007916822502506294
135,2006-07-19,1259.81005859375,0.018555110128867458,0.008876006290885812
136,2006-07-20,1249.1300048828125,-0.008477511064532206,0.008844573862284471
137,2006-07-21,1240.2900390625,-0.007076898149718125,0.008986074933880754
138,2006-07-24,1260.9100341796875,0.016625139659086186,0.009447804576218315
139,2006-07-25,1268.8800048828125,0.0063208083741757015,0.009442199864123308
140,2006-07-26,1268.4000244140625,-0.00037827096880949096,0.009438312605868988
141,2006-07-27,1263.199951171875,-0.004099710771126586,0.009452719822146871
142,2006-07-28,1278.550048828125,0.012151756055729379,0.009511543776758193
143,2006-07-31,1276.6600341796875,-0.0014782484660414985,0.009487171084125357
144,2006-08-01,1270.9200439453125,-0.004496099259552078,0.008378771412124227
145,2006-08-02,1277.4100341796875,0.005106529136347682,0.008434962460633291
146,2006-08-03,1280.27001953125,0.0022388937577111356,0.008278238602011644
147,2006-08-04,1279.3599853515625,-0.0007108142546528029,0.008120130714554976
148,2006-08-07,1275.77001953125,-0.0028060638611625555,0.00813156359573368
149,2006-08-08,1271.47998046875,-0.003362705657620202,0.008027251526363714
150,2006-08-09,1265.949951171875,-0.004349285385394919,0.008080688351770848
151,2006-08-10,1271.81005859375,0.0046290198253495785,0.00809629764423506
152,2006-08-11,1266.739990234375,-0.003986498082096501,0.007782856636155386
153,2006-08-14,1268.2099609375,0.0011604360124866098,0.007194822085437863
154,2006-08-15,1285.5799560546875,0.013696466399260254,0.007556647310356191
155,2006-08-16,1295.4300537109375,0.007661987579892671,0.007620489063118817
156,2006-08-17,1297.47998046875,0.0015824295197877092,0.007621461725235366
157,2006-08-18,1302.300048828125,0.003714946228020821,0.006707347976745486
158,2006-08-21,1297.52001953125,-0.003670451599211977,0.006438722744223273
159,2006-08-22,1298.8199462890625,0.0010018548756436374,0.006134596138168675
160,2006-08-23,1292.989990234375,-0.0044886560845824874,0.005359201934000895
161,2006-08-24,1296.06005859375,0.0023743945293950297,0.00524288880600626
162,2006-08-25,1295.0899658203125,-0.0007484936882400373,0.005248037330030032
163,2006-08-28,1301.780029296875,0.005165713311912734,0.005194152193113873
164,2006-08-29,1304.280029296875,0.0019204473442031578,0.004608955883690572
165,2006-08-30,1305.3699951171875,0.0008356838990319915,0.004578010639568066
166,2006-08-31,1303.8199462890625,-0.0011874402153588814,0.004440402738636763
167,2006-09-01,1311.010009765625,0.00551461380616769,0.0044584383319488585
168,2006-09-05,1313.25,0.0017085988800158436,0.004453930399917628
169,2006-09-06,1300.260009765625,-0.009891483140586299,0.005030882188171598
170,2006-09-07,1294.02001953125,-0.004799032645401269,0.0051151804057323535
171,2006-09-08,1298.9200439453125,0.0037866681659510792,0.005074499156194543
172,2006-09-11,1299.5400390625,0.00047731584409493877,0.004935403270819847
173,2006-09-12,1313.0,0.010357480749273451,0.00526489502596651
174,2006-09-13,1318.0699462890625,0.00386134523157855,0.00514252281334186
175,2006-09-14,1316.280029296875,-0.0013579833128180008,0.005185747108509097
176,2006-09-15,1319.6600341796875,0.0025678463606395585,0.004451098208835321
177,2006-09-18,1321.1800537109375,0.0011518266007009004,0.004210921884358261
178,2006-09-19,1317.6400146484375,-0.0026794523975416373,0.004275736361895427
179,2006-09-20,1325.1800537109375,0.005722381666218412,0.004363442408135658
180,2006-09-21,1318.030029296875,-0.005395511646919315,0.004462009047214234
181,2006-09-22,1314.780029296875,-0.002465801178850091,0.004512636507543241
182,2006-09-25,1326.3699951171875,0.00881513680011592,0.004691031821903639
183,2006-09-26,1336.3499755859375,0.007524280936307193,0.004878743326355017
184,2006-09-27,1336.5899658203125,0.00017958636491899327,0.004863234271064313
185,2006-09-28,1338.8800048828125,0.0017133444968626677,0.004792680473800143
186,2006-09-29,1335.8499755859375,-0.0022631074374287463,0.004849101062003245
187,2006-10-02,1331.3199462890625,-0.00339112129330843,0.004942856883275686
188,2006-10-03,1334.1099853515625,0.0020956938790537283,0.004926150931518973
189,2006-10-04,1350.199951171875,0.012060449286025232,0.005384620437720816
190,2006-10-05,1353.219970703125,0.002236720219570998,0.005387455080529921
191,2006-10-06,1349.5899658203125,-0.0026824943182935934,0.004863118739092459
192,2006-10-09,1350.6600341796875,0.0007928840510640356,0.004648367562945165
193,2006-10-10,1353.4200439453125,0.0020434526052304225,0.0046305603836514515
194,2006-10-11,1349.949951171875,-0.002563943683974057,0.0047189877449087415
195,2006-10-12,1362.8299560546875,0.009541098076733423,0.004650728599257518
196,2006-10-13,1365.6199951171875,0.002047239312655602,0.00462669255515615
197,2006-10-16,1369.06005859375,0.0025190488487738527,0.004581381112112652
198,2006-10-17,1364.050048828125,-0.0036594521432252725,0.00472181469051356
199,2006-10-18,1365.800048828125,0.0012829441276758224,0.004721416458374926
200,2006-10-19,1366.9599609375,0.0008492546990097605,0.004630977696946854
201,2006-10-20,1368.5999755859375,0.0011997532446470505,0.004542615138087855
202,2006-10-23,1377.02001953125,0.006152304614580828,0.0043748375037186175
203,2006-10-24,1377.3800048828125,0.0002614234698528062,0.004279840305726872
204,2006-10-25,1382.219970703125,0.003513892900401272,0.004027013168415524
205,2006-10-26,1389.0799560546875,0.004963019994619788,0.003890918423995246
206,2006-10-27,1377.3399658203125,-0.00845163029183671,0.0044532093380949215
207,2006-10-30,1377.9300537109375,0.00042842573748558266,0.0044569917242325945
208,2006-10-31,1377.93994140625,7.175759964006545e-06,0.004396015977121266
209,2006-11-01,1367.81005859375,-0.007351469035843494,0.004674679270470658
210,2006-11-02,1367.3399658203125,-0.0003436827873022352,0.0046823467632618795
211,2006-11-03,1364.300048828125,-0.0022232342125417803,0.004040802679135506
212,2006-11-06,1379.780029296875,0.011346463325312195,0.0046501887012875545
213,2006-11-07,1382.8399658203125,0.002217698805944357,0.004587647899209665
214,2006-11-08,1385.719970703125,0.0020826740288086842,0.004591549138621364
215,2006-11-09,1378.3299560546875,-0.005332978382845854,0.004790185696475194
216,2006-11-10,1380.9000244140625,0.0018646249021037065,0.004733027783462363
217,2006-11-13,1384.4200439453125,0.0025490763045961096,0.004354751242697228
218,2006-11-14,1393.219970703125,0.006356399415263114,0.004511213931043833
219,2006-11-15,1396.5699462890625,0.002404484328664136,0.004509345468165256
220,2006-11-16,1399.760009765625,0.002284213178895156,0.004398963152353947
221,2006-11-17,1401.199951171875,0.0010287059183031744,0.004399026396740563
222,2006-11-20,1400.5,-0.0004995369656483062,0.004413130015972119
223,2006-11-21,1402.81005859375,0.001649452762406245,0.004414598418727389
224,2006-11-22,1406.0899658203125,0.0023380978817977294,0.004280928977823129
225,2006-11-24,1400.949951171875,-0.0036555375355650233,0.004391342619307635
226,2006-11-27,1381.9599609375,-0.013555081120842472,0.005299435025078116
227,2006-11-28,1386.719970703125,0.0034443905034671207,0.005241348858437269
228,2006-11-29,1399.47998046875,0.009201576407062984,0.005247425870476738
229,2006-11-30,1400.6300048828125,0.0008217512433992269,0.005246989963528155
230,2006-12-01,1396.7099609375,-0.002798771932377986,0.005299899354647714
231,2006-12-04,1409.1199951171875,0.00888519057411008,0.005266127466206743
232,2006-12-05,1414.760009765625,0.00400250842226435,0.0052804134909553505
233,2006-12-06,1412.9000244140625,-0.0013147002592126533,0.005252863199211008
234,2006-12-07,1407.2900390625,-0.003970546574156186,0.004903766260700595
235,2006-12-08,1409.8399658203125,0.001811941168510689,0.0048993718298775265
236,2006-12-11,1413.0400390625,0.002269813113380925,0.004901701583996151
237,2006-12-12,1411.56005859375,-0.0010473733424651854,0.004724170215815841
238,2006-12-13,1413.2099609375,0.0011688502615989638,0.00472109437157711
239,2006-12-14,1425.489990234375,0.008689458492585622,0.004987174896041742
240,2006-12-15,1427.0899658203125,0.0011224039431343424,0.004859770927969067
241,2006-12-18,1422.47998046875,-0.00323033968563613,0.004935842711279522
242,2006-12-19,1425.550048828125,0.002158250661892236,0.004934169620904801
243,2006-12-20,1423.530029296875,-0.0014170106008628558,0.004957256497383556
244,2006-12-21,1418.300048828125,-0.003673951628075822,0.00504027345486998
245,2006-12-22,1410.760009765625,-0.005316251006780903,0.005186965909905739
246,2006-12-26,1416.9000244140625,0.004352274381138388,0.005242688463894173
247,2006-12-27,1426.8399658203125,0.007015273650207154,0.005345963477013341
248,2006-12-28,1424.72998046875,-0.0014787820653379136,0.004317968819856323
249,2006-12-29,1418.300048828125,-0.004513087903512458,0.004468799299003705
250,2007-01-03,1416.5999755859375,-0.0011986696634412874,0.004098335436608894
251,2007-01-04,1418.3399658203125,0.0012282862236074887,0.004100483868334194
252,2007-01-05,1409.7099609375,-0.006084581335068839,0.00428507136792267
253,2007-01-08,1412.8399658203125,0.00222031834174663,0.0038747891778367714
254,2007-01-09,1412.1099853515625,-0.00051667597633831,0.0037781343542554195
255,2007-01-10,1414.8499755859375,0.0019403518584233392,0.003791128021340668
256,2007-01-11,1423.8199462890625,0.006339874091180642,0.0039035293692584257
257,2007-01-12,1430.72998046875,0.004853165737491727,0.00400335859753679
258,2007-01-16,1431.9000244140625,0.000817795084526729,0.00398777763259709
259,2007-01-17,1430.6199951171875,-0.0008939376178855873,0.003984873288381371
260,2007-01-18,1426.3699951171875,-0.002970739969038294,0.004054717012904946
261,2007-01-19,1430.5,0.0028954653399542174,0.0036617751362137243
262,2007-01-22,1422.949951171875,-0.005277909002534109,0.003832433531936246
263,2007-01-23,1427.989990234375,0.003541965097471733,0.0038431001304050152
264,2007-01-24,1440.1300048828125,0.008501470410478884,0.004218027273388527
265,2007-01-25,1423.9000244140625,-0.011269802319041844,0.004896541270249382
266,2007-01-26,1422.1800537109375,-0.001207929400684371,0.0048357224676043985
267,2007-01-29,1420.6199951171875,-0.001096948722968838,0.004690709065385789
268,2007-01-30,1428.8199462890625,0.005772093311412707,0.0047580105308262345
269,2007-01-31,1438.239990234375,0.006592883847806208,0.004730784574121202
270,2007-02-01,1445.93994140625,0.005353731800087358,0.004826763091586784
271,2007-02-02,1448.3900146484375,0.0016944502133364736,0.004687988842557
272,2007-02-05,1446.989990234375,-0.0009666073363550076,0.004683146691019629
273,2007-02-06,1448.0,0.0006980074309024253,0.004683149717892704
274,2007-02-07,1450.02001953125,0.0013950411127416906,0.004411644343555516
275,2007-02-08,1448.31005859375,-0.0011792671235344443,0.004437032089722686
276,2007-02-09,1438.06005859375,-0.0070772138460132306,0.004762032770571723
277,2007-02-12,1433.3699951171875,-0.0032613821992586445,0.00483334327555206
278,2007-02-13,1444.260009765625,0.007597490309923183,0.004911240651714467
279,2007-02-14,1455.300048828125,0.007644080004882037,0.005058555856187308
280,2007-02-15,1456.81005859375,0.0010375934274453602,0.005058837680254572
281,2007-02-16,1455.5400390625,-0.0008717811383565088,0.005058487320562267
282,2007-02-20,1459.6800537109375,0.002844315193901492,0.005003841939293059
283,2007-02-21,1457.6300048828125,-0.001404450806129165,0.005012778039540865
284,2007-02-22,1456.3800048828125,-0.0008575564414925463,0.004840398152043519
285,2007-02-23,1451.18994140625,-0.003563673944411261,0.004904056715755451
286,2007-02-26,1449.3699951171875,-0.0012541061904680628,0.004600927108075509
287,2007-02-27,1399.0400390625,-0.034725402225963764,0.008486657728378318
288,2007-02-28,1406.8199462890625,0.005560889616694542,0.008591891900227312
289,2007-03-01,1403.1700439453125,-0.0025944345993798024,0.008603122402493876
290,2007-03-02,1387.1700439453125,-0.011402751982227732,0.008781821765281769
291,2007-03-05,1374.1199951171875,-0.009407677800631231,0.008759006393157598
292,2007-03-06,1395.4100341796875,0.01549358071940743,0.00940891511269509
293,2007-03-07,1391.969970703125,-0.0024652707034493737,0.009381889097151389
294,2007-03-08,1401.8900146484375,0.007126622092502144,0.009571315902751126
295,2007-03-09,1402.8399658203125,0.0006776217548800645,0.009571104713658688
296,2007-03-12,1406.5999755859375,0.0026802841786919274,0.009592842612651779
297,2007-03-13,1377.949951171875,-0.020368281609082217,0.010415014113214435
298,2007-03-14,1387.1700439453125,0.006691166660731218,0.010521659044404589
299,2007-03-15,1392.280029296875,0.003683748343518811,0.010572963845100323
300,2007-03-16,1386.949951171875,-0.003828308970065253,0.010395928183775703
301,2007-03-19,1402.06005859375,0.010894486429815275,0.010558168486264742
302,2007-03-20,1410.93994140625,0.006333453947334089,0.01068174272864752
303,2007-03-21,1435.0400390625,0.017080881296924755,0.011386368018385398
304,2007-03-22,1434.5400390625,-0.0003484223341437831,0.011360936071992697
305,2007-03-23,1436.1099853515625,0.001094390010953239,0.011366332385630624
306,2007-03-26,1437.5,0.0009679026415914116,0.01137112852971297
307,2007-03-27,1428.6099853515625,-0.006184358016304348,0.011418045619987929
308,2007-03-28,1417.22998046875,-0.00796578842336182,0.011524134075654722
309,2007-03-29,1422.530029296875,0.0037397238988494674,0.008737579523347692
310,2007-03-30,1420.8599853515625,-0.0011739955648866207,0.008680393879083328
311,2007-04-02,1424.550048828125,0.0025970634085028532,0.008663170704207109
312,2007-04-03,1437.77001953125,0.009280102663995704,0.008402912486134631
313,2007-04-04,1439.3699951171875,0.0011128174632957233,0.008034115322992006
314,2007-04-05,1443.760009765625,0.003049955649575775,0.0074674000360794085
315,2007-04-09,1444.6099853515625,0.0005887235968500271,0.00741690852152611
316,2007-04-10,1448.3900146484375,0.0026166434783123638,0.007321930047233467
317,2007-04-11,1438.8699951171875,-0.006572828751212234,0.007521630688968737
318,2007-04-12,1447.800048828125,0.006206296427920366,0.007592346302540813
319,2007-04-13,1452.8499755859375,0.0034880001295067853,0.005847181069021818
320,2007-04-16,1468.3299560546875,0.010654906376349693,0.006042691349247194
321,2007-04-17,1471.47998046875,0.0021453110052500612,0.006038516384268789
322,2007-04-18,1472.5,0.0006931929382587576,0.005886650367810398
323,2007-04-19,1470.72998046875,-0.0012020506154498678,0.005648931313701739
324,2007-04-20,1484.3499755859375,0.009260704070808812,0.005784010167722824
325,2007-04-23,1480.9300537109375,-0.002303986210293818,0.004826141247135021
326,2007-04-24,1480.4100341796875,-0.00035114388417389897,0.004826189385232661
327,2007-04-25,1495.4200439453125,0.010139089454322958,0.005168216868802198
328,2007-04-26,1494.25,-0.0007824182576994243,0.005195903979056251
329,2007-04-27,1494.0699462890625,-0.000120497715199952,0.004906379084991369
330,2007-04-30,1482.3699951171875,-0.007830925989064319,0.004893336218872404
331,2007-05-01,1486.300048828125,0.002651196208694806,0.004880989680752711
332,2007-05-02,1495.9200439453125,0.0064724448638566745,0.0049158371111955555
333,2007-05-03,1502.3900146484375,0.004325077887225248,0.004933675158357287
334,2007-05-04,1505.6199951171875,0.002149894792468965,0.004690654839997795
335,2007-05-07,1509.47998046875,0.0025637181786113405,0.004686184372678514
336,2007-05-08,1507.719970703125,-0.0011659709227004322,0.004734634792568806
337,2007-05-09,1512.5799560546875,0.0032234005292746115,0.0047310087076823295
338,2007-05-10,1491.469970703125,-0.013956277330703482,0.005835744897395932
339,2007-05-11,1505.8499755859375,0.00964149809602488,0.005811404142270929
340,2007-05-14,1503.1500244140625,-0.0017929748750863395,0.005791573114917941
341,2007-05-15,1501.18994140625,-0.0013039836183860176,0.005812100138642367
342,2007-05-16,1514.1400146484375,0.008626538777668946,0.0056745011176251945
343,2007-05-17,1512.75,-0.000918022530934981,0.005693224473429992
344,2007-05-18,1522.75,0.006610477607007059,0.005803213849102338
345,2007-05-21,1525.0999755859375,0.0015432445154737184,0.0057708123610669395
346,2007-05-22,1524.1199951171875,-0.0006425680181219029,0.00553158022878726
347,2007-05-23,1522.280029296875,-0.001207231600010017,0.005503204587476445
348,2007-05-24,1507.510009765625,-0.009702564079535403,0.005975063043651578
349,2007-05-25,1515.72998046875,0.00545268067865301,0.0057052723898641045
350,2007-05-29,1518.1099853515625,0.0015702037391096546,0.00569960417907917
351,2007-05-30,1530.22998046875,0.007983608061428171,0.005899984369545387
352,2007-05-31,1530.6199951171875,0.00025487322390449485,0.005558855648461267
353,2007-06-01,1536.3399658203125,0.0037370286036848555,0.005574624157840679
354,2007-06-04,1539.1800537109375,0.0018486063981995038,0.005465149904516329
355,2007-06-05,1530.949951171875,-0.005347069382311664,0.0055985432234179925
356,2007-06-06,1517.3800048828125,-0.008863742592418067,0.005959548265021493
357,2007-06-07,1490.719970703125,-0.017569780868271323,0.007052412055052828
358,2007-06-08,1507.6700439453125,0.011370393887050856,0.007492537668271698
359,2007-06-11,1509.1199951171875,0.0009617165093236402,0.007462022615011827
360,2007-06-12,1493.0,-0.010681718597158829,0.007200061222404391
361,2007-06-13,1515.6700439453125,0.015184222334435615,0.007634734165743386
362,2007-06-14,1522.969970703125,0.004816303381447451,0.007677408313176511
363,2007-06-15,1532.9100341796875,0.006526762620259197,0.007764805085197576
364,2007-06-18,1531.050048828125,-0.0012133688932095543,0.007584668082626981
365,2007-06-19,1533.699951171875,0.0017307744745367337,0.007581569592665117
366,2007-06-20,1512.8399658203125,-0.013601086272203244,0.008036219452328791
367,2007-06-21,1522.18994140625,0.006180412864005502,0.008145993311508054
368,2007-06-22,1502.56005859375,-0.012895816927002701,0.008594617169613858
369,2007-06-25,1497.739990234375,-0.0032079039581859314,0.00861178224533412
370,2007-06-26,1492.8900146484375,-0.0032381959602871824,0.008397714982914296
371,2007-06-27,1506.3399658203125,0.009009338290096647,0.008548811560753832
372,2007-06-28,1505.7099609375,-0.0004182355225962331,0.008539184872319989
373,2007-06-29,1503.3499755859375,-0.0015673572021088766,0.008336350996191974
374,2007-07-02,1519.4300537109375,0.010696164157472765,0.008687424953535087
375,2007-07-03,1524.8699951171875,0.0035802512876219605,0.008684021589847784
376,2007-07-05,1525.4000244140625,0.0003475898263931576,0.008672188025074764
377,2007-07-06,1530.43994140625,0.0033039969263952695,0.008631935115652769
378,2007-07-09,1531.8499755859375,0.0009213260458897921,0.008401377973345068
379,2007-07-10,1510.1199951171875,-0.014185449499020453,0.008080270312712457
380,2007-07-11,1518.760009765625,0.00572140934255172,0.007807501987065329
381,2007-07-12,1547.699951171875,0.01905497986526261,0.008767566453936126
382,2007-07-13,1552.5,0.003101407882381002,0.008362330706019938
383,2007-07-16,1549.52001953125,-0.0019194721215780586,0.007838503567037807
384,2007-07-17,1549.3699951171875,-9.681992628141067e-05,0.0077954771895408165
385,2007-07-18,1546.1700439453125,-0.0020653240878290013,0.007710220797919364
386,2007-07-19,1553.0799560546875,0.0044690505655788915,0.00774798747022129
387,2007-07-20,1534.0999755859375,-0.012220864994591185,0.008214646141034551
388,2007-07-23,1541.5699462890625,0.004869285458577677,0.007680135959790766
389,2007-07-24,1511.0400390625,-0.01980442554686246,0.008750298866589375
390,2007-07-25,1518.0899658203125,0.004665612144987508,0.00833757695617922
391,2007-07-26,1482.6600341796875,-0.02333849273648292,0.009749124701434716
392,2007-07-27,1458.949951171875,-0.01599158435597181,0.01028924260749773
393,2007-07-30,1473.9100341796875,0.010254006997153065,0.0103501074408327
394,2007-07-31,1455.27001953125,-0.012646643428824822,0.010645050034046156
395,2007-08-01,1465.81005859375,0.007242669003718616,0.010806615127491367
396,2007-08-02,1472.199951171875,0.004359290987711706,0.01055904497665193
397,2007-08-03,1433.06005859375,-0.026585989591270898,0.011773024496940506
398,2007-08-06,1467.6700439453125,0.024151105980530163,0.013091440224318282
399,2007-08-07,1476.7099609375,0.006159366016551537,0.01315709100877583
400,2007-08-08,1497.489990234375,0.014071842031649018,0.01356660345868955
401,2007-08-09,1453.0899658203125,-0.029649630183580356,0.014643316097588878
402,2007-08-10,1453.6400146484375,0.0003785373521689728,0.014559384983342917
403,2007-08-13,1452.9200439453125,-0.0004952881702965373,0.013796888206371316
404,2007-08-14,1426.5400390625,-0.018156542744898196,0.014106522472012278
405,2007-08-15,1406.699951171875,-0.013907838088907498,0.01426339756662356
406,2007-08-16,1411.27001953125,0.003248786889889166,0.014327901379798927
407,2007-08-17,1445.93994140625,0.024566469488606746,0.01558138666414308
408,2007-08-20,1445.550048828125,-0.0002696464541576127,0.015506872801108943
409,2007-08-21,1447.1199951171875,0.0010860546062276821,0.015394955812245646
410,2007-08-22,1464.0699462890625,0.011712885751746116,0.015619222352114234
411,2007-08-23,1462.5,-0.001072316451165345,0.015117798024580808
412,2007-08-24,1479.3699951171875,0.011535039396367575,0.015318085999855567
413,2007-08-27,1466.7900390625,-0.008503590106740622,0.014600438674782954
414,2007-08-28,1432.3599853515625,-0.023473062124790167,0.0150610640802627
415,2007-08-29,1463.760009765625,0.021921880487575596,0.01565970005572733
416,2007-08-30,1457.6400146484375,-0.0041810099171704085,0.015441696439029122
417,2007-08-31,1473.989990234375,0.011216744478492524,0.015551009233987327
418,2007-09-04,1489.4200439453125,0.01046822150297233,0.01567966519363677
419,2007-09-05,1472.2900390625,-0.011501124180816724,0.014733350917201059
420,2007-09-06,1478.550048828125,0.0042518862449216765,0.013850089443070345
421,2007-09-07,1453.550048828125,-0.016908457052106307,0.014262544625381178
422,2007-09-10,1451.699951171875,-0.0012728131774627505,0.013879873971101414
423,2007-09-11,1471.489990234375,0.013632320540153398,0.012689296542213081
424,2007-09-12,1471.56005859375,4.761728577151736e-05,0.01268982848963109
425,2007-09-13,1483.949951171875,0.008419562970447103,0.012793963144060614
426,2007-09-14,1484.25,0.0002021960564695391,0.012059972081831127
427,2007-09-17,1476.6500244140625,-0.0051204147454522175,0.011650982957356603
428,2007-09-18,1519.780029296875,0.02920800742879237,0.012991869398335385
429,2007-09-19,1529.030029296875,0.0060864071258255326,0.012130629814483177
430,2007-09-20,1518.75,-0.00672323571146749,0.012280760254477899
431,2007-09-21,1525.75,0.004609053497942384,0.012286876102354455
432,2007-09-24,1517.72998046875,-0.0052564440643945165,0.012212064120226235
433,2007-09-25,1517.2099609375,-0.00034262980763510864,0.012205140872785143
434,2007-09-26,1525.4200439453125,0.005411303128236344,0.01203986628672807
435,2007-09-27,1531.3800048828125,0.003907094941590916,0.011839719836101692
436,2007-09-28,1526.75,-0.0030234199663373706,0.010465331404136653
437,2007-10-01,1547.0400390625,0.013289693179957318,0.009865032601208586
438,2007-10-02,1546.6300048828125,-0.00026504432292262514,0.009772417595050188
439,2007-10-03,1539.5899658203125,-0.004551857289897487,0.009699282879312814
440,2007-10-04,1542.8399658203125,0.002110951663853111,0.009514790857324108
441,2007-10-05,1557.5899658203125,0.009560291622441541,0.009182760730178352
442,2007-10-08,1552.5799560546875,-0.003216513893620543,0.00925666222363871
443,2007-10-09,1565.1500244140625,0.008096245420633474,0.008273375967678005
444,2007-10-10,1562.469970703125,-0.00171233023616435,0.008285719324523808
445,2007-10-11,1554.4100341796875,-0.005158458514124553,0.008145921164142783
446,2007-10-12,1561.800048828125,0.004754224745041169,0.008139526582571515
447,2007-10-15,1548.7099609375,-0.00838141086014621,0.008366300517884992
448,2007-10-16,1538.530029296875,-0.006573168570868315,0.008557250253646701
449,2007-10-17,1541.239990234375,0.0017613961937021916,0.008421974936624603
450,2007-10-18,1540.0799560546875,-0.0007526629123547623,0.005834650979319561
451,2007-10-19,1500.6300048828125,-0.025615521464831148,0.007951084063346206
452,2007-10-22,1506.3299560546875,0.003798372119262039,0.007895431724197769
453,2007-10-23,1519.5899658203125,0.008802858704579641,0.008069404211246153
454,2007-10-24,1515.8800048828125,-0.0024414223711310967,0.008006694262785547
455,2007-10-25,1514.4000244140625,-0.0009763176926820272,0.008009032215663188
456,2007-10-26,1535.280029296875,0.013787641670760742,0.00846719002431433
457,2007-10-29,1540.97998046875,0.0037126459428287184,0.008463375895400707
458,2007-10-30,1531.02001953125,-0.006463394115263088,0.00855929148734429
459,2007-10-31,1549.3800048828125,0.011991995609034412,0.008468504870063863
460,2007-11-01,1508.43994140625,-0.026423513500588247,0.010185074396460556
461,2007-11-02,1509.6500244140625,0.0008022082779672868,0.010162254422045427
462,2007-11-05,1502.1700439453125,-0.004954777827830159,0.010176110685362645
463,2007-11-06,1520.27001953125,0.012049218834373487,0.010313914544951808
464,2007-11-07,1475.6199951171875,-0.02936979868078282,0.011952505026386808
465,2007-11-08,1474.77001953125,-0.0005760125159255391,0.011736457855909445
466,2007-11-09,1453.699951171875,-0.014287019725334527,0.011992855944418707
467,2007-11-12,1439.1800537109375,-0.009988235501578235,0.012074244853122841
468,2007-11-13,1481.050048828125,0.029092951232353004,0.013844562900420049
469,2007-11-14,1470.5799560546875,-0.007069371343474851,0.013820005583750034
470,2007-11-15,1451.1500244140625,-0.013212427900045731,0.01399014825608085
471,2007-11-16,1458.739990234375,0.005230310920731451,0.014060549756387016
472,2007-11-19,1433.27001953125,-0.017460253968243356,0.014413939763522905
473,2007-11-20,1439.699951171875,0.004486196985218349,0.013585984042472372
474,2007-11-21,1416.77001953125,-0.015926882279853283,0.013847702189408803
475,2007-11-23,1440.699951171875,0.01689048420755146,0.014268316914694969
476,2007-11-26,1407.219970703125,-0.023238690638891946,0.014949238630931746
477,2007-11-27,1428.22998046875,0.014930153212029174,0.015441910943266675
478,2007-11-28,1469.02001953125,0.028559853539212643,0.016472706760522378
479,2007-11-29,1469.719970703125,0.0004764749033838722,0.016434850575711788
480,2007-11-30,1481.1400146484375,0.0077702175740654855,0.016531518037587855
481,2007-12-03,1472.4200439453125,-0.005887337197621245,0.016280728475813116
482,2007-12-04,1462.7900390625,-0.006540256581273551,0.015399230942905757
483,2007-12-05,1485.010009765625,0.015190129895446658,0.015792501114677737
484,2007-12-06,1507.3399658203125,0.015036906086721702,0.01610383148621581
485,2007-12-07,1504.6600341796875,-0.0017779211733210953,0.015891038177322684
486,2007-12-10,1515.9599609375,0.007509953412149439,0.014574496423721411
487,2007-12-11,1477.6500244140625,-0.025271074111842595,0.015640126744384565
488,2007-12-12,1486.5899658203125,0.006050107439882435,0.015340925446524793
489,2007-12-13,1488.4100341796875,0.0012243243942324789,0.015138899543428576
490,2007-12-14,1467.949951171875,-0.01374626785493871,0.01416317080233483
491,2007-12-17,1445.9000244140625,-0.015020898185397868,0.01444263412826584
492,2007-12-18,1454.97998046875,0.006279795215002659,0.014232887673656078
493,2007-12-19,1453.0,-0.0013608300425632658,0.01419163619836484
494,2007-12-20,1460.1199951171875,0.004900203108869627,0.013679302160770117
495,2007-12-21,1484.4599609375,0.016669839397931874,0.014071002720339938
496,2007-12-24,1496.449951171875,0.008077004803014542,0.013578415446897878
497,2007-12-26,1497.6600341796875,0.0008086358029313345,0.013198804842410091
498,2007-12-27,1476.27001953125,-0.014282289812289406,0.012508260449286959
499,2007-12-28,1478.489990234375,0.0015037700920255137,0.012183679193206141
500,2007-12-31,1468.3599853515625,-0.006851588410961562,0.010708260167003101
501,2008-01-02,1447.1600341796875,-0.014437843160646446,0.011142253388271657
502,2008-01-03,1447.1600341796875,0.0,0.010984894847297201
503,2008-01-04,1411.6300048828125,-0.024551555085623233,0.012049714163359742
504,2008-01-07,1416.1800537109375,0.0032232587947169655,0.01204834806532146
505,2008-01-08,1390.18994140625,-0.018352265474000595,0.011970882396702026
506,2008-01-09,1409.1300048828125,0.013624083236714934,0.011873322400861175
507,2008-01-10,1420.3299560546875,0.007948131920451518,0.012099521105148957
508,2008-01-11,1401.02001953125,-0.013595387776707546,0.012100773029442166
509,2008-01-14,1416.25,0.01087063729028337,0.011440723220656037
510,2008-01-15,1380.949951171875,-0.024925012411738723,0.012294457167811131
511,2008-01-16,1373.199951171875,-0.005612078839948742,0.01226173975632392
512,2008-01-17,1333.25,-0.02909259582902124,0.013263073473131845
513,2008-01-18,1325.18994140625,-0.006045421784173999,0.013053358217368166
514,2008-01-22,1310.5,-0.011085159151345114,0.012934689453115149
515,2008-01-23,1338.5999755859375,0.021442179004912187,0.014075189642443486
516,2008-01-24,1352.0699462890625,0.01006273042641359,0.014265843294655032
517,2008-01-25,1330.6099853515625,-0.015871931031674613,0.013765043137203965
518,2008-01-28,1353.9599609375,0.01754832433469833,0.014325943463442412
519,2008-01-29,1362.300048828125,0.0061597743886385725,0.014464055689606266
520,2008-01-30,1355.81005859375,-0.0047639947161109975,0.014289299132810398
521,2008-01-31,1378.550048828125,0.016772253672436177,0.014914436451594302
522,2008-02-01,1395.4200439453125,0.01223749194418322,0.015235755159367129
523,2008-02-04,1380.8199462890625,-0.010462869384454843,0.015106764461800459
524,2008-02-05,1336.6400146484375,-0.031995432684296055,0.016388627654792133
525,2008-02-06,1326.449951171875,-0.007623640894248274,0.01573639568620576
526,2008-02-07,1336.9100341796875,0.007885772846967454,0.01585103365218632
527,2008-02-08,1331.2900390625,-0.004203719751894819,0.015459175540615835
528,2008-02-11,1339.1300048828125,0.005888999083801139,0.015175819312821111
529,2008-02-12,1348.8599853515625,0.007265896838448915,0.015154771388929664
530,2008-02-13,1367.2099609375,0.013604062530741423,0.01529259463851023
531,2008-02-14,1348.8599853515625,-0.013421475932895444,0.01527184574610626
532,2008-02-15,1349.989990234375,0.0008377480947496796,0.014401353720165478
533,2008-02-19,1348.780029296875,-0.0008962740066612573,0.014363400576982184
534,2008-02-20,1360.030029296875,0.008340870828184466,0.012993721294230778
535,2008-02-21,1342.530029296875,-0.012867362942748706,0.013248400110126703
536,2008-02-22,1353.1099853515625,0.007880610357913875,0.013062458670983183
537,2008-02-25,1371.800048828125,0.013812671311938196,0.012602000221828353
538,2008-02-26,1381.2900390625,0.006917910698780005,0.012514098106974838
539,2008-02-27,1380.02001953125,-0.0009194445013966934,0.011944502397716697
540,2008-02-28,1367.6800537109375,-0.00894187449867867,0.01160401750576422
541,2008-02-29,1330.6300048828125,-0.027089704735838493,0.012924986143905708
542,2008-03-03,1331.3399658203125,0.0005335524788219193,0.012900617563679035
543,2008-03-04,1326.75,-0.003447628658457935,0.012299267578544031
544,2008-03-05,1333.699951171875,0.005238327621537531,0.012009599372352683
545,2008-03-06,1304.3399658203125,-0.022013935987449718,0.012634168526339465
546,2008-03-07,1293.3699951171875,-0.008410361554953893,0.010893844859584358
547,2008-03-10,1273.3699951171875,-0.01546347918654778,0.01122890847902832
548,2008-03-11,1320.6500244140625,0.037129844018763736,0.013853575297366649
549,2008-03-12,1308.77001953125,-0.008995573894062803,0.01395247672591957
550,2008-03-13,1315.47998046875,0.005126921336342294,0.01393632117870962
551,2008-03-14,1288.1400146484375,-0.02078326255529206,0.014444963973893827
552,2008-03-17,1276.5999755859375,-0.00895868378535658,0.014081305373967071
553,2008-03-18,1330.739990234375,0.04240953758720556,0.016871589819314352
554,2008-03-19,1298.4200439453125,-0.02428719849575589,0.017612245206842653
555,2008-03-20,1329.510009765625,0.0239444592412823,0.01843790726150494
556,2008-03-24,1349.8800048828125,0.015321430427423843,0.018655941900785882
557,2008-03-25,1352.989990234375,0.0023038976355771457,0.01844364971916462
558,2008-03-26,1341.1300048828125,-0.008765759863092581,0.018468485387287105
559,2008-03-27,1325.760009765625,-0.011460481132498757,0.018338144308242033
560,2008-03-28,1315.219970703125,-0.00795018629681199,0.018291244523954017
561,2008-03-31,1322.699951171875,0.0056872467232620405,0.018365071608741772
562,2008-04-01,1370.1800537109375,0.03589635162305438,0.01995047787958642
563,2008-04-02,1367.530029296875,-0.0019340702025878453,0.019006183967219193
564,2008-04-03,1369.31005859375,0.001301638178863307,0.019005193934246378
565,2008-04-04,1370.4000244140625,0.0007959963585104646,0.018974634634536833
566,2008-04-07,1372.5400390625,0.0015615985189088022,0.018957638573343188
567,2008-04-08,1365.5400390625,-0.005100033369358936,0.018290931214675017
568,2008-04-09,1354.489990234375,-0.008092072375784243,0.018282226306044983
569,2008-04-10,1360.550048828125,0.004474051958627934,0.01785097763133994
570,2008-04-11,1332.8299560546875,-0.020374180867005598,0.016821131826574496
571,2008-04-14,1328.3199462890625,-0.0033837848145122917,0.01671166427654373
572,2008-04-15,1334.4300537109375,0.004599876286541349,0.016705551912100988
573,2008-04-16,1364.7099609375,0.022691265939609684,0.016604101771787002
574,2008-04-17,1365.56005859375,0.0006229145243916712,0.01640661989721738
575,2008-04-18,1390.3299560546875,0.01813900260560164,0.014328506180100465
576,2008-04-21,1388.1700439453125,-0.001553524830540276,0.013102944074063023
577,2008-04-22,1375.93994140625,-0.008810233726340488,0.012470136843011157
578,2008-04-23,1379.9300537109375,0.0028999174924810855,0.012096555809073576
579,2008-04-24,1388.8199462890625,0.006442277675030139,0.012148714931677651
580,2008-04-25,1397.8399658203125,0.006494736452591576,0.011983644502806366
581,2008-04-28,1396.3699951171875,-0.0010516015703287973,0.01162911080721657
582,2008-04-29,1390.93994140625,-0.003888692631555557,0.01148793641823174
583,2008-04-30,1385.5899658203125,-0.0038463023648085404,0.011545991464358205
584,2008-05-01,1409.3399658203125,0.017140713043443112,0.009437567993498446
585,2008-05-02,1413.9000244140625,0.0032355987230490157,0.00941691784269003
586,2008-05-05,1407.489990234375,-0.0045335837534509205,0.009506267139776937
587,2008-05-06,1418.260009765625,0.007651933303949532,0.009601073137356187
588,2008-05-07,1392.5699462890625,-0.018113789643415146,0.010481372945507484
589,2008-05-08,1397.6800537109375,0.0036695517058173976,0.010416401857920662
590,2008-05-09,1388.280029296875,-0.0067254479228667785,0.010362850158878263
591,2008-05-12,1403.5799560546875,0.011020778542468523,0.010554418221464792
592,2008-05-13,1403.0400390625,-0.00038467134690722826,0.00937941590091104
593,2008-05-14,1408.6600341796875,0.0040055842746602455,0.00929518715775309
594,2008-05-15,1423.5699462890625,0.01058446448937378,0.009439459295304334
595,2008-05-16,1425.3499755859375,0.0012503981989189228,0.008352324819941321
596,2008-05-19,1426.6300048828125,0.0008980456160241346,0.008350352637470877
597,2008-05-20,1413.4000244140625,-0.009273589104020541,0.007862128831563509
598,2008-05-21,1390.7099609375,-0.016053532676263305,0.00863651602383565
599,2008-05-22,1394.3499755859375,0.0026173787135195248,0.008414720672364632
600,2008-05-23,1375.9300537109375,-0.013210400686713863,0.008895768545402315
601,2008-05-27,1385.3499755859375,0.006846221470047986,0.008910307216743966
602,2008-05-28,1390.8399658203125,0.003962890483361736,0.008837455694063252
603,2008-05-29,1398.260009765625,0.005334937252062799,0.00891241014780893
604,2008-05-30,1400.3800048828125,0.0015161665944682934,0.008871639733879987
605,2008-06-02,1385.6700439453125,-0.010504263761414556,0.009131193075448634
606,2008-06-03,1377.6500244140625,-0.005787827748960472,0.008362902168967592
607,2008-06-04,1377.199951171875,-0.0003266963555412783,0.008311321102773146
608,2008-06-05,1404.050048828125,0.019496150601372664,0.009359907995491624
609,2008-06-06,1360.6800537109375,-0.030889208795217615,0.011259898871043096
610,2008-06-09,1361.760009765625,0.0007936884587542714,0.010662868505451362
611,2008-06-10,1358.43994140625,-0.002438071565889488,0.010615950592171113
612,2008-06-11,1335.489990234375,-0.01689434363076614,0.011077533252727626
613,2008-06-12,1339.8699951171875,0.0032796987733647587,0.010772930578242156
614,2008-06-13,1360.030029296875,0.015046261393385496,0.011372418958696475
615,2008-06-16,1360.1400146484375,8.086979639654324e-05,0.01131501045701436
616,2008-06-17,1350.9300537109375,-0.006771332979186417,0.01103160189626965
617,2008-06-18,1337.81005859375,-0.009711824147480841,0.011109977231889214
618,2008-06-19,1342.8299560546875,0.003752324501292925,0.011171927953454196
619,2008-06-20,1317.9300537109375,-0.01854285587797533,0.011598755613253542
620,2008-06-23,1318.0,5.307283862721057e-05,0.011245756981580786
621,2008-06-24,1314.2900390625,-0.002814841378983357,0.011190372257516068
622,2008-06-25,1321.969970703125,0.005843407020038827,0.011068699743366307
623,2008-06-26,1283.1500244140625,-0.029365225496321257,0.012346896520717944
624,2008-06-27,1278.3800048828125,-0.0037174293266512004,0.012236770368488062
625,2008-06-30,1280.0,0.0012672250121246176,0.012123116417352243
626,2008-07-01,1284.9100341796875,0.003835964202880904,0.012182756667292127
627,2008-07-02,1261.52001953125,-0.01820362050746238,0.012490248963554607
628,2008-07-03,1262.9000244140625,0.0010939223012293997,0.012534226206749953
629,2008-07-07,1252.31005859375,-0.008385434805281422,0.012543506705460153
630,2008-07-08,1273.699951171875,0.01708034877731812,0.012334692330693323
631,2008-07-09,1244.68994140625,-0.022776172472122824,0.011602896576603221
632,2008-07-10,1253.3900146484375,0.0069897513852792414,0.011797773618557918
633,2008-07-11,1239.489990234375,-0.011089943474586694,0.011897644827703308
634,2008-07-14,1228.300048828125,-0.00902785943768214,0.011609171489032634
635,2008-07-15,1214.9100341796875,-0.010901257116461394,0.011595051767201965
636,2008-07-16,1245.3599853515625,0.02506354406105049,0.012551312545404954
637,2008-07-17,1260.3199462890625,0.012012559511679566,0.01298281046156623
638,2008-07-18,1260.6800537109375,0.00028572698776629935,0.0129821580223571
639,2008-07-21,1260.0,-0.0005394340212933058,0.01290532568928571
640,2008-07-22,1277.0,0.013492063492063444,0.013296206575720438
641,2008-07-23,1282.18994140625,0.004064167115309214,0.012838523456709392
642,2008-07-24,1252.5400390625,-0.023124422822433988,0.013658183073958836
643,2008-07-25,1257.760009765625,0.00416750805589583,0.013724750812883183
644,2008-07-28,1234.3699951171875,-0.01859656410350974,0.014052808136418115
645,2008-07-29,1263.199951171875,0.023356008464828548,0.013839345090580067
646,2008-07-30,1284.260009765625,0.01667199129814123,0.0142972255251534
647,2008-07-31,1267.3800048828125,-0.013143759639368535,0.01457845995445086
648,2008-08-01,1260.31005859375,-0.005578395005305659,0.014587940278384361
649,2008-08-04,1249.010009765625,-0.00896608636190177,0.014189968566955423
650,2008-08-05,1284.8800048828125,0.028718741112345736,0.015487413439427904
651,2008-08-06,1289.18994140625,0.003354349438903892,0.01535396346582571
652,2008-08-07,1266.0699462890625,-0.017933738369047658,0.015469002258654234
653,2008-08-08,1296.3199462890625,0.02389283474318682,0.015419620699488497
654,2008-08-11,1305.3199462890625,0.006942730477737413,0.015418893883834658
655,2008-08-12,1289.5899658203125,-0.012050670422580567,0.015458922579975
656,2008-08-13,1285.8299560546875,-0.0029156630132689543,0.015307045284491836
657,2008-08-14,1292.9300537109375,0.005521801403690407,0.015036052970120475
658,2008-08-15,1298.199951171875,0.004075933919094776,0.014208627795713928
659,2008-08-18,1278.5999755859375,-0.015097809523290096,0.014470894696718948
660,2008-08-19,1266.68994140625,-0.009314902555218274,0.014629592753730906
661,2008-08-20,1274.5400390625,0.006197331643397197,0.014681203866042917
662,2008-08-21,1277.719970703125,0.0024949640993341404,0.014406867546985997
663,2008-08-22,1292.199951171875,0.011332671321386378,0.014583775958315176
664,2008-08-25,1266.8399658203125,-0.019625434383095275,0.01433127906114121
665,2008-08-26,1271.510009765625,0.0036863724474374138,0.014325963939751354
666,2008-08-27,1281.6600341796875,0.007982653959549557,0.013739429553265124
667,2008-08-28,1300.6800537109375,0.014840144050698667,0.013213087664930848
668,2008-08-29,1282.8299560546875,-0.013723665251360151,0.013130455538574367
669,2008-09-02,1277.5799560546875,-0.004092514347066145,0.012836488939055684
670,2008-09-03,1274.97998046875,-0.0020350785667978544,0.012779445559462577
671,2008-09-04,1236.8299560546875,-0.02992205759970956,0.014225873772533894
672,2008-09-05,1242.31005859375,0.004430764724152825,0.012726049957696555
673,2008-09-08,1267.7900390625,0.02051016192977806,0.013534576457159882
674,2008-09-09,1224.510009765625,-0.03413816796421554,0.014891565029816015
675,2008-09-10,1232.0400390625,0.006149422411268146,0.013903671868150988
676,2008-09-11,1249.050048828125,0.013806377411702098,0.01419296638190085
677,2008-09-12,1251.699951171875,0.002121534158087801,0.014031199531834343
678,2008-09-15,1192.699951171875,-0.04713589702129706,0.01710939423259882
679,2008-09-16,1213.5999755859375,0.017523287725070613,0.017587700967685107
680,2008-09-17,1156.3900146484375,-0.04714070706031326,0.019884446133804343
681,2008-09-18,1206.510009765625,0.043341774386062015,0.02224223072337268
682,2008-09-19,1255.0799560546875,0.0402565630586833,0.023953051110469845
683,2008-09-22,1207.0899658203125,-0.038236599989398545,0.02523218498158172
684,2008-09-23,1188.219970703125,-0.01563263356626765,0.025368469970769657
685,2008-09-24,1185.8699951171875,-0.001977727730452905,0.025168643519747243
686,2008-09-25,1209.1800537109375,0.019656504245599393,0.02536956407154496
687,2008-09-26,1213.27001953125,0.0033824291161275166,0.02536651328087829
688,2008-09-29,1106.4200439453125,-0.08806776221769597,0.03119520149979747
689,2008-09-30,1166.3599853515625,0.0541746705821724,0.03349975671501847
690,2008-10-01,1161.06005859375,-0.004543988840816637,0.033435171895122184
691,2008-10-02,1114.280029296875,-0.04029079197981711,0.034319919622756365
692,2008-10-03,1099.22998046875,-0.013506522985628489,0.034349897880049086
693,2008-10-06,1056.8900146484375,-0.03851784119121027,0.034680501212033595
694,2008-10-07,996.22998046875,-0.05739484084336377,0.03622012330702401
695,2008-10-08,984.9400024414062,-0.01133270253725105,0.035601076740095626
696,2008-10-09,909.9199829101562,-0.07616709580816616,0.037962658993668304
697,2008-10-10,899.219970703125,-0.011759289177065702,0.03773038637652872
698,2008-10-13,1003.3499755859375,0.11580036951513706,0.04649598474732545
699,2008-10-14,998.010009765625,-0.005322136791994336,0.04643913352648135
700,2008-10-15,907.8400268554688,-0.0903497780862258,0.048964417348299455
701,2008-10-16,946.4299926757812,0.042507451399756535,0.04994197443539238
702,2008-10-17,940.5499877929688,-0.006212826018106576,0.04925210012985846
703,2008-10-20,985.4000244140625,0.04768490479313692,0.04947668309438461
704,2008-10-21,955.0499877929688,-0.030799711659374562,0.04848632013784871
705,2008-10-22,896.780029296875,-0.06101246975642627,0.049326446991582354
706,2008-10-23,908.1099853515625,0.012634041442215027,0.049601741461663365
707,2008-10-24,876.77001953125,-0.034511200543819176,0.049805327009850436
708,2008-10-27,848.9199829101562,-0.03176435781413156,0.04943190874789409
709,2008-10-28,940.510009765625,0.10789005877973534,0.05586437555171211
710,2008-10-29,930.0900268554688,-0.011079077098555157,0.05308600278755787
711,2008-10-30,954.0900268554688,0.025803953710955563,0.05187158553415467
712,2008-10-31,968.75,0.01536539816147986,0.052104780449959594
713,2008-11-03,966.2999877929688,-0.0025290448588709546,0.05157253338172521
714,2008-11-04,1005.75,0.04082584363592434,0.05244965892851192
715,2008-11-05,952.77001953125,-0.05267708721725084,0.05299366450535216
716,2008-11-06,904.8800048828125,-0.05026398151360678,0.05266837718749107
717,2008-11-07,930.989990234375,0.028854638416884848,0.05306313679392947
718,2008-11-10,919.2100219726562,-0.012653163176065019,0.05045568803538043
719,2008-11-11,898.9500122070312,-0.02204067545102073,0.050633164194448445
720,2008-11-12,852.2999877929688,-0.05189390264262972,0.04484987853817067
721,2008-11-13,911.2899780273438,0.06921270805966984,0.04766469129015114
722,2008-11-14,873.2899780273438,-0.041699130810434304,0.04444091390184641
723,2008-11-17,850.75,-0.025810416464710606,0.04364795317548826
724,2008-11-18,859.1199951171875,0.00983837216243022,0.04374219953523881
725,2008-11-19,806.5800170898438,-0.06115557585198217,0.04386661078993186
726,2008-11-20,752.4400024414062,-0.06712293077105447,0.045415621258687866
727,2008-11-21,800.030029296875,0.06324760339835156,0.04645923295302551
728,2008-11-24,851.8099975585938,0.06472253086203117,0.04863231331318686
729,2008-11-25,857.3900146484375,0.006550776705881445,0.04810188247694062
730,2008-11-26,887.6799926757812,0.03532812081997916,0.04811405558397245
731,2008-11-28,896.239990234375,0.009643111965147444,0.042112048241142896
732,2008-12-01,816.2100219726562,-0.0892952436107991,0.04608725801167894
733,2008-12-02,848.8099975585938,0.03994067054843109,0.04663104661826302
734,2008-12-03,870.739990234375,0.025836162084397873,0.04689353722890287
735,2008-12-04,845.219970703125,-0.02930842710506598,0.047206066170070844
736,2008-12-05,876.0700073242188,0.03649941753675101,0.04701470930377001
737,2008-12-08,909.7000122070312,0.0383873487297306,0.04664231173270679
738,2008-12-09,888.6699829101562,-0.023117543162227583,0.045626473182268916
739,2008-12-10,899.239990234375,0.01189418741207482,0.045260723541582545
740,2008-12-11,873.5900268554688,-0.0285240465920793,0.04558744274690447
741,2008-12-12,879.72998046875,0.007028415417449585,0.0453788267082893
742,2008-12-15,868.5700073242188,-0.012685680143110334,0.043992070824430185
743,2008-12-16,913.1799926757812,0.05136026454446818,0.04283873433655042
744,2008-12-17,904.4199829101562,-0.009592862125632595,0.041851055808407346
745,2008-12-18,885.280029296875,-0.021162683238924562,0.04171316665069431
746,2008-12-19,887.8800048828125,0.002936896236101161,0.04168247652433581
747,2008-12-22,871.6300048828125,-0.018302022695223075,0.039519258433233555
748,2008-12-23,863.1599731445312,-0.009717462330154691,0.036347806976611635
749,2008-12-24,868.1500244140625,0.005781143038123382,0.03410057501690875
750,2008-12-26,872.7999877929688,0.005356174910027267,0.031326032275543904
751,2008-12-29,869.4199829101562,-0.003872599599089699,0.03132615116999171
752,2008-12-30,890.6400146484375,0.024407112966569722,0.03084085916035337
753,2008-12-31,903.25,0.01415834135471683,0.030918737209682533
754,2009-01-02,931.7999877929688,0.03160806841181141,0.02414085866695515
755,2009-01-05,927.4500122070312,-0.004668357633531128,0.023029815146456818
756,2009-01-06,934.7000122070312,0.0078171328961949,0.022542169178866388
757,2009-01-07,906.6500244140625,-0.030009615306130777,0.022591159861076553
758,2009-01-08,909.72998046875,0.0033970727091503505,0.02135253280635859
759,2009-01-09,890.3499755859375,-0.021303029798827477,0.020264127317894766
760,2009-01-12,870.260009765625,-0.02256412239141281,0.020235403649317734
761,2009-01-13,871.7899780273438,0.0017580587922576552,0.020048159067511475
762,2009-01-14,842.6199951171875,-0.03345987410426654,0.020392942514721783
763,2009-01-15,843.739990234375,0.0013291817470242329,0.020316268834445365
764,2009-01-16,850.1199951171875,0.0075615769747268136,0.020253485267929826
765,2009-01-20,805.219970703125,-0.052816102046715274,0.019651627647344124
766,2009-01-21,840.239990234375,0.04349124562903017,0.022218553596463395
767,2009-01-22,827.5,-0.015162323124874533,0.02202227167815576
768,2009-01-23,831.9500122070312,0.005377658256231044,0.022058828507985205
769,2009-01-26,836.5700073242188,0.005553212391849582,0.02184163146755806
770,2009-01-27,845.7100219726562,0.010925582519593302,0.021921157973109177
771,2009-01-28,874.0900268554688,0.03355760738960489,0.02308124761910811
772,2009-01-29,845.1400146484375,-0.03312017219917118,0.024134651080175106
773,2009-01-30,825.8800048828125,-0.022789134855526583,0.024568098328316867
774,2009-02-02,825.4400024414062,-0.0005327680035899229,0.023854528576393932
775,2009-02-03,838.510009765625,0.01583398827965876,0.02391511247715555
776,2009-02-04,832.22998046875,-0.007489510230927809,0.02263127420252438
777,2009-02-05,845.8499755859375,0.016365662661559144,0.023080396222665053
778,2009-02-06,868.5999755859375,0.026896022529575125,0.02388682330334056
779,2009-02-09,869.8900146484375,0.0014851935283901607,0.02312608533912422
780,2009-02-10,827.1599731445312,-0.04912120013376109,0.025200759394796726
781,2009-02-11,833.739990234375,0.007954951041488467,0.025016045455070347
782,2009-02-12,835.1900024414062,0.0017391659558319006,0.024629799752483146
783,2009-02-13,826.8400268554688,-0.00999769580757559,0.02468150045606997
784,2009-02-17,789.1699829101562,-0.0455590473632177,0.02553341347266918
785,2009-02-18,788.4199829101562,-0.000950365594538094,0.025521077188414686
786,2009-02-19,778.9400024414062,-0.01202402358417931,0.025485334611492654
787,2009-02-20,770.0499877929688,-0.01141296456796903,0.023099057569443658
788,2009-02-23,743.3300170898438,-0.034699008021163436,0.021780793305018736
789,2009-02-24,773.1400146484375,0.04010331464253336,0.023695173160491623
790,2009-02-25,764.9000244140625,-0.010657824039959851,0.023677824311714203
791,2009-02-26,752.8300170898438,-0.01577984957375933,0.02372436286620474
792,2009-02-27,735.0900268554688,-0.023564403426620917,0.02379508972370264
793,2009-03-02,700.8200073242188,-0.04662016661802437,0.02357407669206909
794,2009-03-03,696.3300170898438,-0.006406766626880556,0.02299243581339663
795,2009-03-04,712.8699951171875,0.02375307342984989,0.023744945346445067
796,2009-03-05,682.5499877929688,-0.04253230958224652,0.024910938881066574
797,2009-03-06,683.3800048828125,0.0012160531897855709,0.02442669699651406
798,2009-03-09,676.530029296875,-0.010023669901070842,0.024425366728292302
799,2009-03-10,719.5999755859375,0.06366302222212594,0.028511716383616853
800,2009-03-11,721.3599853515625,0.002445816877900686,0.027591955138867662
801,2009-03-12,750.739990234375,0.04072863130673077,0.029443789465247477
802,2009-03-13,756.5499877929688,0.007739027671590959,0.027960630459865857
803,2009-03-16,753.8900146484375,-0.0035159251701146754,0.02784009272417404
804,2009-03-17,778.1199951171875,0.032139940837456527,0.02888373440364253
805,2009-03-18,794.3499755859375,0.020857940382711382,0.029265031919861816
806,2009-03-19,784.0399780273438,-0.012979162680767709,0.027707639395427492
807,2009-03-20,768.5399780273438,-0.01976940007446848,0.02802918508553784
808,2009-03-23,822.9199829101562,0.07075754864749229,0.031757553601085974
809,2009-03-24,806.1199951171875,-0.020415092769478838,0.03200876367048959
810,2009-03-25,813.8800048828125,0.009626370531222062,0.030928247866047125
811,2009-03-26,832.8599853515625,0.02332036707485252,0.03020894590336088
812,2009-03-27,815.9400024414062,-0.020315519064124654,0.03049809916949329
813,2009-03-30,787.530029296875,-0.03481870365409789,0.03132648377472842
814,2009-03-31,797.8699951171875,0.013129614663131228,0.030845079314809242
815,2009-04-01,811.0800170898438,0.01655660953977356,0.028760736315477434
816,2009-04-02,834.3800048828125,0.028727113604116505,0.02895258812658105
817,2009-04-03,842.5,0.00973177097925304,0.02875795516597522
818,2009-04-06,835.47998046875,-0.008332367396142404,0.026749852459096713
819,2009-04-07,815.5499877929688,-0.02385454246862917,0.02764169471224341
820,2009-04-08,825.1599731445312,0.011783441230339475,0.027337869160147025
821,2009-04-09,856.5599975585938,0.0380532568665477,0.0253942335258065
822,2009-04-13,858.72998046875,0.0025333694269418228,0.02539328672872408
823,2009-04-14,841.5,-0.02006449158715151,0.024996262189640354
824,2009-04-15,852.0599975585938,0.012549016706588034,0.02503782561093235
825,2009-04-16,865.2999877929688,0.015538800404093056,0.025032921395298845
826,2009-04-17,869.5999755859375,0.004969360746134077,0.024373392256569194
827,2009-04-20,832.3900146484375,-0.04278974468970964,0.02615652951577813
828,2009-04-21,850.0800170898438,0.021252059887909347,0.026212977090054105
829,2009-04-22,843.5499877929688,-0.007681664273476052,0.025814515459197013
830,2009-04-23,851.9199829101562,0.009922346320087705,0.02123814873303935
831,2009-04-24,866.22998046875,0.016797349335216705,0.020863854276980096
832,2009-04-27,857.510009765625,-0.0100665768903615,0.02100968588049425
833,2009-04-28,855.1599731445312,-0.0027405354973477625,0.020513929414052248
834,2009-04-29,873.6400146484375,0.021610040324914648,0.020346904108562602
835,2009-04-30,872.8099975585938,-0.0009500676204463598,0.018524348384173606
836,2009-05-01,877.52001953125,0.005396388659423046,0.01843287848114444
837,2009-05-04,907.239990234375,0.03386813980494785,0.01932034175908705
838,2009-05-05,903.7999877929688,-0.0037917226736418064,0.01867456004453693
839,2009-05-06,919.530029296875,0.01740433914180306,0.018861205016972606
840,2009-05-07,907.3900146484375,-0.013202412386380091,0.019042448601701772
841,2009-05-08,929.22998046875,0.024068995104353563,0.018443975010779715
842,2009-05-11,909.239990234375,-0.02151242496964101,0.019302508446589612
843,2009-05-12,908.3499755859375,-0.0009788555914792552,0.017817792174350942
844,2009-05-13,883.9199829101562,-0.02689491201893024,0.018911727970514356
845,2009-05-14,893.0700073242188,0.010351643351174777,0.018365100209637518
846,2009-05-15,882.8800048828125,-0.01141008247711417,0.018473810602262802
847,2009-05-18,909.7100219726562,0.030389200051489373,0.019255267757438455
848,2009-05-19,908.1300048828125,-0.0017368359715522752,0.019266647519359633
849,2009-05-20,903.469970703125,-0.005131461524926495,0.016567667445600523
850,2009-05-21,888.3300170898438,-0.016757561517510733,0.016649493910937396
851,2009-05-22,887.0,-0.00149721056843366,0.01652763271326573
852,2009-05-26,910.3300170898438,0.02630216131887675,0.017235683865704912
853,2009-05-27,893.0599975585938,-0.018971163431981575,0.017571749673072297
854,2009-05-28,906.8300170898438,0.015418918738823617,0.017610583919018288
855,2009-05-29,919.1400146484375,0.013574757481119137,0.017714122387129737
856,2009-06-01,942.8699951171875,0.025817590454732198,0.017940966728951
857,2009-06-02,944.739990234375,0.0019833011198484574,0.01791622683211948
858,2009-06-03,931.760009765625,-0.013739209309357014,0.018293460279687365
859,2009-06-04,942.4600219726562,0.011483656837475431,0.017069945876865864
860,2009-06-05,940.0900268554688,-0.002514690344346815,0.017051933013771375
861,2009-06-08,939.1400146484375,-0.001010554499986549,0.01670456733398944
862,2009-06-09,942.4299926757812,0.0035031816087351952,0.01640075315478475
863,2009-06-10,939.1500244140625,-0.0034803309393901527,0.01565856729700842
864,2009-06-11,944.8900146484375,0.006111899148334876,0.01488970215493048
865,2009-06-12,946.2100219726562,0.0013969957389272647,0.014876778879799707
866,2009-06-15,923.719970703125,-0.023768561680042266,0.014600356348025966
867,2009-06-16,911.969970703125,-0.012720305257724385,0.014806975148460815
868,2009-06-17,910.7100219726562,-0.0013815682214813885,0.014557166824090558
869,2009-06-18,918.3699951171875,0.008410990281999098,0.013169041202416371
870,2009-06-19,921.22998046875,0.003114197291689047,0.013170182497750288
871,2009-06-22,893.0399780273438,-0.030600396251826645,0.014736538457137353
872,2009-06-23,895.0999755859375,0.0023067249051313965,0.014283892168448865
873,2009-06-24,900.9400024414062,0.006524440861084724,0.014334307542817035
874,2009-06-25,920.260009765625,0.021444277390130884,0.01395527662647019
875,2009-06-26,918.9000244140625,-0.001477827284822375,0.013269356430158821
876,2009-06-29,927.22998046875,0.009065138571521025,0.013016013885772946
877,2009-06-30,919.3200073242188,-0.008530756458643096,0.012858858805561554
878,2009-07-01,923.3300170898438,0.004361930267673175,0.011562849770065536
879,2009-07-02,896.4199829101562,-0.029144546025377416,0.013008947476539617
880,2009-07-06,898.719970703125,0.0025657480163505664,0.012788927500684368
881,2009-07-07,881.030029296875,-0.019683485382449017,0.012999637240649935
882,2009-07-08,879.5599975585938,-0.001668537608706111,0.013002323553894711
883,2009-07-09,882.6799926757812,0.003547222617954038,0.013070647048196375
884,2009-07-10,879.1300048828125,-0.00402182877421664,0.012997968090473159
885,2009-07-13,901.0499877929688,0.024933721734452963,0.014301950287411613
886,2009-07-14,905.8400268554688,0.005316063622877065,0.014282024558944754
887,2009-07-15,932.6799926757812,0.02962991811422233,0.015775117884538642
888,2009-07-16,940.739990234375,0.008641760970416357,0.01499623909819768
889,2009-07-17,940.3800048828125,-0.00038266189946156715,0.014688690653078183
890,2009-07-20,951.1300048828125,0.01143154888894049,0.014822464145547014
891,2009-07-21,954.5800170898438,0.003627277227424175,0.01476014105573384
892,2009-07-22,954.0700073242188,-0.0005342765996504406,0.014765916420985176
893,2009-07-23,976.2899780273438,0.023289664838582524,0.013574674574860786
894,2009-07-24,979.260009765625,0.003042161453180592,0.013570831034618947
895,2009-07-27,982.1799926757812,0.0029818259512661704,0.013562712842772506
896,2009-07-28,979.6199951171875,-0.0026064444171983725,0.013050980840593755
897,2009-07-29,975.1500244140625,-0.004562963930304753,0.013116967608122468
898,2009-07-30,986.75,0.01189558047020256,0.013195133801318351
899,2009-07-31,987.47998046875,0.0007397825880415265,0.01295810707630437
900,2009-08-03,1002.6300048828125,0.015342107904679603,0.013208528574102507
901,2009-08-04,1005.6500244140625,0.003012097699592653,0.010975657134421155
902,2009-08-05,1002.719970703125,-0.002913591845875696,0.011102030207648678
903,2009-08-06,997.0800170898438,-0.005624654717235167,0.009956166859478296
904,2009-08-07,1010.47998046875,0.013439205629671047,0.009945676323019762
905,2009-08-10,1007.0999755859375,-0.0033449498734695604,0.010145492435627113
906,2009-08-11,994.3499755859375,-0.012660113503211945,0.010705957004147294
907,2009-08-12,1005.8099975585938,0.011525139291026054,0.009908942593416991
908,2009-08-13,1012.72998046875,0.0068800100684554,0.009916486392064761
909,2009-08-14,1004.0900268554688,-0.008531349698250423,0.008688312966786958
910,2009-08-17,979.72998046875,-0.02426081898553223,0.010404489811242687
911,2009-08-18,989.6699829101562,0.01014565506778764,0.01053583044664038
912,2009-08-19,996.4600219726562,0.006860912404894393,0.010392893804999819
913,2009-08-20,1007.3699951171875,0.010948731413161106,0.010557690740283055
914,2009-08-21,1026.1300048828125,0.018622760114512582,0.011072715619694707
915,2009-08-24,1025.5699462890625,-0.0005457969176273503,0.010159670473030843
916,2009-08-25,1028.0,0.0023694665778091206,0.010158311888418698
917,2009-08-26,1028.1199951171875,0.0001167267676920325,0.010166974639316427
918,2009-08-27,1030.97998046875,0.002781762211750971,0.010112208988909731
919,2009-08-28,1028.9300537109375,-0.001988328383331406,0.010042759806165483
920,2009-08-31,1020.6199951171875,-0.008076407685613796,0.010054863062180808
921,2009-09-01,998.0399780273438,-0.022123823948061228,0.011256051767026628
922,2009-09-02,994.75,-0.003296439120451411,0.0107806228774832
923,2009-09-03,1003.239990234375,0.008534797923473336,0.010924824826299384
924,2009-09-04,1016.4000244140625,0.013117533499250822,0.011254522382249716
925,2009-09-08,1025.3900146484375,0.008844933115342624,0.011291468546481106
926,2009-09-09,1033.3699951171875,0.007782385584753415,0.011064829769851611
927,2009-09-10,1044.1400146484375,0.010422229774562641,0.011191393502970388
928,2009-09-11,1042.72998046875,-0.0013504263412050799,0.010751299630125161
929,2009-09-14,1049.3399658203125,0.0063391150876768165,0.010593191582959183
930,2009-09-15,1052.6300048828125,0.0031353414238139976,0.010540689055267992
931,2009-09-16,1068.760009765625,0.015323527552882465,0.010652456920103534
932,2009-09-17,1065.489990234375,-0.003059638741504833,0.008892299477230253
933,2009-09-18,1068.300048828125,0.0026373392706691146,0.00878295294615155
934,2009-09-21,1064.6600341796875,-0.0034072961546995906,0.008869257443592956
935,2009-09-22,1071.6600341796875,0.006574868761175523,0.008731755877679014
936,2009-09-23,1060.8699951171875,-0.010068528001755062,0.008400532702499585
937,2009-09-24,1050.780029296875,-0.00951102950102567,0.008718395025980308
938,2009-09-25,1044.3800048828125,-0.006090736629573268,0.008847251739106004
939,2009-09-28,1062.97998046875,0.017809586069224448,0.009561651557270881
940,2009-09-29,1060.6099853515625,-0.0022295764367475934,0.009590819912415812
941,2009-09-30,1057.0799560546875,-0.003328301020761093,0.009617133638627854
942,2009-10-01,1029.8499755859375,-0.025759622356647194,0.011065539737692287
943,2009-10-02,1025.2099609375,-0.004505524841904807,0.009932163543093906
944,2009-10-05,1040.4599609375,0.014875001786029074,0.010283787390523162
945,2009-10-06,1054.719970703125,0.013705486324313787,0.01049489888905191
946,2009-10-07,1057.5799560546875,0.002711606332490124,0.010216351459389724
947,2009-10-08,1065.47998046875,0.007469907470196047,0.010175689406715104
948,2009-10-09,1071.489990234375,0.005640659492242017,0.010125796342374063
949,2009-10-12,1076.18994140625,0.00438636964853667,0.009958518414813143
950,2009-10-13,1073.18994140625,-0.0027876120046986808,0.009982261205654005
951,2009-10-14,1092.02001953125,0.0175458950913443,0.010520047461110285
952,2009-10-15,1096.56005859375,0.004157468710554335,0.010528170876390608
953,2009-10-16,1087.6800537109375,-0.008098056110305896,0.010289019089087548
954,2009-10-19,1097.9100341796875,0.009405321384581278,0.010406096856445436
955,2009-10-20,1091.06005859375,-0.006239104637617676,0.010527823171906484
956,2009-10-21,1081.4000244140625,-0.008853806079326398,0.010699328568994117
957,2009-10-22,1092.9100341796875,0.010643618925255227,0.010838809489562874
958,2009-10-23,1079.5999755859375,-0.012178549173757158,0.01094971202560786
959,2009-10-26,1066.949951171875,-0.01171732558366989,0.011058716409818392
960,2009-10-27,1063.4100341796875,-0.0033177910438061398,0.010992606411125145
961,2009-10-28,1042.6300048828125,-0.019540937765275768,0.011136586119781033
962,2009-10-29,1066.1099853515625,0.02251995469034007,0.012187741510106669
963,2009-10-30,1036.18994140625,-0.02806468784310845,0.013598393710223634
964,2009-11-02,1042.8800048828125,0.006456406503505763,0.012472666795407402
965,2009-11-03,1045.4100341796875,0.0024260023061419833,0.012423787848231078
966,2009-11-04,1046.5,0.0010426203926459099,0.012029874696762323
967,2009-11-05,1066.6300048828125,0.01923555172748448,0.012375426684202682
968,2009-11-06,1069.300048828125,0.0025032522365671106,0.012373800394250954
969,2009-11-09,1093.0799560546875,0.022238760067974983,0.013142468126954035
970,2009-11-10,1093.010009765625,-6.399009393143196e-05,0.013107855711023419
971,2009-11-11,1098.510009765625,0.005031975874749239,0.013116549955348528
972,2009-11-12,1087.239990234375,-0.010259368991689555,0.013314949786848641
973,2009-11-13,1093.47998046875,0.0057392942592462415,0.012831795254071734
974,2009-11-16,1109.300048828125,0.014467634197192325,0.01316936589505399
975,2009-11-17,1110.3199462890625,0.0009194063067201608,0.013025032612208267
976,2009-11-18,1109.800048828125,-0.00046824112515952976,0.0128916914888284
977,2009-11-19,1094.9000244140625,-0.013425863902056911,0.013160673502869109
978,2009-11-20,1091.3800048828125,-0.00321492323752004,0.013029337038213198
979,2009-11-23,1106.239990234375,0.013615775701478094,0.013154344712731945
980,2009-11-24,1105.6500244140625,-0.0005333072620051782,0.012844885452264062
981,2009-11-25,1110.6300048828125,0.004504120073066664,0.012532065802550937
982,2009-11-27,1091.489990234375,-0.017233475202623416,0.013144224324684435
983,2009-11-30,1095.6300048828125,0.003792993692547375,0.01229943541275018
984,2009-12-01,1108.8599853515625,0.012075226499629332,0.01166832541396643
985,2009-12-02,1109.239990234375,0.00034269870662884117,0.0095857750857465
986,2009-12-03,1099.9200439453125,-0.008402100871871099,0.009860858394754778
987,2009-12-04,1105.97998046875,0.0055094336691066115,0.009882097387035242
988,2009-12-07,1103.25,-0.0024683814508043023,0.009936812204403199
989,2009-12-08,1091.93994140625,-0.010251582681849114,0.009545917731169615
990,2009-12-09,1095.949951171875,0.0036723720907769763,0.009557290889926729
991,2009-12-10,1102.3499755859375,0.005839705004064388,0.008405331402396557
992,2009-12-11,1106.4100341796875,0.003683094011583732,0.008433024868439066
993,2009-12-14,1114.1099853515625,0.006959401066516824,0.008491202617779465
994,2009-12-15,1107.9300537109375,-0.005546967284989268,0.00825846767573608
995,2009-12-16,1109.1800537109375,0.0011282300681465518,0.008187741003889906
996,2009-12-17,1096.0799560546875,-0.011810614167124256,0.007995122949732003
997,2009-12-18,1102.469970703125,0.005829880031232637,0.008104843257475439
998,2009-12-21,1114.050048828125,0.010503758317892853,0.008424686094670482
999,2009-12-22,1118.02001953125,0.0035635478920368335,0.007876274150529106
1000,2009-12-23,1120.5899658203125,0.0022986585608189003,0.007823985781135703
1001,2009-12-24,1126.47998046875,0.005256172933982839,0.007384492851951171
1002,2009-12-28,1127.780029296875,0.0011540807210652648,0.007378194899196273
1003,2009-12-29,1126.199951171875,-0.0014010516979849896,0.0073492315901940875
1004,2009-12-30,1126.4200439453125,0.00019542957110640913,0.0061740878695134465
1005,2009-12-31,1115.0999755859375,-0.010049597767921581,0.0066137591592111055
1006,2010-01-04,1132.989990234375,0.01604341766668682,0.006979287902617466
1007,2010-01-05,1136.52001953125,0.0031156756258232665,0.0069918376651322625
1008,2010-01-06,1137.1400146484375,0.0005455206301101523,0.006663595866750577
1009,2010-01-07,1141.68994140625,0.00400120187417663,0.006628424946925647
1010,2010-01-08,1144.97998046875,0.0028817272914287706,0.0065751167784464
1011,2010-01-11,1146.97998046875,0.0017467554316374923,0.00600897060965057
1012,2010-01-12,1136.219970703125,-0.009381166148364262,0.006487750192413253
1013,2010-01-13,1145.6800537109375,0.008325925658531075,0.006584918865682549
1014,2010-01-14,1148.4599609375,0.0024264254383745687,0.006573015706724126
1015,2010-01-15,1136.030029296875,-0.010823130159869354,0.006978585751388291
1016,2010-01-19,1150.22998046875,0.012499626599363545,0.00723932280702334
1017,2010-01-20,1138.0400390625,-0.010597829662970737,0.007702556068922464
1018,2010-01-21,1116.47998046875,-0.01894490338978838,0.008395279993991245
1019,2010-01-22,1091.760009765625,-0.022140988764300484,0.009635167858486714
1020,2010-01-25,1096.780029296875,0.004598098012701168,0.00939624980782039
1021,2010-01-26,1092.1700439453125,-0.004203199573680982,0.009375591937754049
1022,2010-01-27,1097.5,0.004880152210944955,0.009435078119592911
1023,2010-01-28,1084.530029296875,-0.011817740959567224,0.009604986841197155
1024,2010-01-29,1073.8699951171875,-0.009829173828039273,0.009735255949639171
1025,2010-02-01,1089.18994140625,0.014266108894671836,0.010348557396285624
1026,2010-02-02,1103.3199462890625,0.01297294837718499,0.010795189443010946
1027,2010-02-03,1097.280029296875,-0.00547431142933863,0.010653380231224818
1028,2010-02-04,1063.1099853515625,-0.031140677888039425,0.011813202978982622
1029,2010-02-05,1066.18994140625,0.002897118921960873,0.011808062292778098
1030,2010-02-08,1056.739990234375,-0.00886329049344714,0.011850207019073331
1031,2010-02-09,1070.52001953125,0.013040132316577413,0.012263440288339414
1032,2010-02-10,1068.1300048828125,-0.0022325735201887964,0.012197930304806703
1033,2010-02-11,1078.469970703125,0.009680437561949251,0.012461895180561334
1034,2010-02-12,1075.510009765625,-0.002744592819371894,0.012373004807223906
1035,2010-02-16,1094.8699951171875,0.01800074864554846,0.01293238977551077
1036,2010-02-17,1099.510009765625,0.0042379594555796984,0.012967498812369384
1037,2010-02-18,1106.75,0.006584742448973557,0.01292795873358576
1038,2010-02-19,1109.1700439453125,0.002186622042297248,0.012593779693647575
1039,2010-02-22,1108.010009765625,-0.0010458578339902491,0.01243149850683031
1040,2010-02-23,1094.5999755859375,-0.012102809596931441,0.012044428787613548
1041,2010-02-24,1105.239990234375,0.00972045942422195,0.011249160199485193
1042,2010-02-25,1102.93994140625,-0.002081040179913507,0.011226755604522812
1043,2010-02-26,1104.489990234375,0.0014053791778985136,0.011182862614084195
1044,2010-03-01,1115.7099609375,0.01015850827289455,0.01133532206655944
1045,2010-03-02,1118.31005859375,0.0023304422719907514,0.010980576860469382
1046,2010-03-03,1118.7900390625,0.00042920160206150193,0.010692700178332511
1047,2010-03-04,1122.969970703125,0.0037361180334851696,0.010343686124415642
1048,2010-03-05,1138.699951171875,0.014007480947064943,0.010400804120034269
1049,2010-03-08,1138.5,-0.00017559601339156572,0.010292696486632693
1050,2010-03-09,1140.449951171875,0.0017127370855292146,0.00722193114678251
1051,2010-03-10,1145.6099853515625,0.00452455995494172,0.007226779076095042
1052,2010-03-11,1150.239990234375,0.004041519314613495,0.0066971685235265215
1053,2010-03-12,1149.989990234375,-0.00021734594703937127,0.00642484117294157
1054,2010-03-15,1150.510009765625,0.000452194832708086,0.006340089204398055
1055,2010-03-16,1159.4599609375,0.0077791163013856135,0.0062629182107738785
1056,2010-03-17,1166.2099609375,0.005821675803744153,0.006133157663149605
1057,2010-03-18,1165.8299560546875,-0.0003258460273372066,0.005284908965819528
1058,2010-03-19,1159.9000244140625,-0.005086446449439896,0.005537969866698754
1059,2010-03-22,1165.81005859375,0.005095296193887933,0.005493918674979326
1060,2010-03-23,1174.1700439453125,0.007170966908320198,0.005587527839911256
1061,2010-03-24,1167.719970703125,-0.005493304207041971,0.0058023023471049685
1062,2010-03-25,1165.72998046875,-0.001704167338318907,0.004920805993780388
1063,2010-03-26,1166.5899658203125,0.000737722599547963,0.0046933757125575785
1064,2010-03-29,1173.219970703125,0.005683234964352302,0.00462637737272809
1065,2010-03-30,1173.27001953125,4.265937281555665e-05,0.004655279448324494
1066,2010-03-31,1169.4300537109375,-0.00327287474868454,0.00451749304145013
1067,2010-04-01,1178.0999755859375,0.0074138011482498545,0.004655094535976725
1068,2010-04-05,1187.43994140625,0.00792799084446738,0.004778313821739941
1069,2010-04-06,1189.43994140625,0.0016842957106795176,0.0047775897592326555
1070,2010-04-07,1182.449951171875,-0.005876707172041695,0.004387237307753645
1071,2010-04-08,1186.43994140625,0.003374341747336196,0.004379306327778739
1072,2010-04-09,1194.3699951171875,0.00668390656297202,0.004496635600180786
1073,2010-04-12,1196.47998046875,0.0017666094762833762,0.004464492809453897
1074,2010-04-13,1197.300048828125,0.0006854008197059169,0.004448231658697675
1075,2010-04-14,1210.6500244140625,0.011150066851666862,0.004841464048825785
1076,2010-04-15,1211.6700439453125,0.0008425387276917995,0.0048348868777563
1077,2010-04-16,1192.1300048828125,-0.016126534744455467,0.006085499220827427
1078,2010-04-19,1197.52001953125,0.004521331252766547,0.006045486154578348
1079,2010-04-20,1207.1700439453125,0.008058340784849571,0.006205384151720896
1080,2010-04-21,1205.93994140625,-0.0010189969053922,0.0060553486725611495
1081,2010-04-22,1208.6700439453125,0.002263879356942944,0.006011649797856975
1082,2010-04-23,1217.280029296875,0.0071235200993795544,0.006009586661577812
1083,2010-04-26,1212.050048828125,-0.004296448099761374,0.005946859636373227
1084,2010-04-27,1183.7099609375,-0.023381945257149872,0.007986128955241895
1085,2010-04-28,1191.3599853515625,0.006462752419523099,0.008079239673990699
1086,2010-04-29,1206.780029296875,0.012943228020842135,0.008421229495157521
1087,2010-04-30,1186.68994140625,-0.016647680109796337,0.009252280406214883
1088,2010-05-03,1202.260009765625,0.013120586781854904,0.0095832657858799
1089,2010-05-04,1173.5999755859375,-0.02383846584506677,0.010864967587649982
1090,2010-05-05,1165.8699951171875,-0.006586554728659322,0.010793626713878677
1091,2010-05-06,1128.1500244140625,-0.032353496411350324,0.012695911009356327
1092,2010-05-07,1110.8800048828125,-0.015308264998017185,0.012977697575584786
1093,2010-05-10,1159.72998046875,0.04397412445198401,0.016341261420087058
1094,2010-05-11,1155.7900390625,-0.003397292018489928,0.01625939437862978
1095,2010-05-12,1171.6700439453125,0.013739523915341278,0.016566696681925137
1096,2010-05-13,1157.43994140625,-0.012145144968583543,0.016736100975868876
1097,2010-05-14,1135.6800537109375,-0.018800014512092122,0.016883701704921317
1098,2010-05-17,1136.93994140625,0.0011093685155389998,0.016886512958193597
1099,2010-05-18,1120.800048828125,-0.014195906037184347,0.016818588287979885
1100,2010-05-19,1115.050048828125,-0.005130263873571406,0.016747910194813424
1101,2010-05-20,1071.5899658203125,-0.03897590341661106,0.018194595257376298
1102,2010-05-21,1087.68994140625,0.015024380686144978,0.0186867976908759
1103,2010-05-24,1073.6500244140625,-0.012908014000787449,0.018704720441171573
1104,2010-05-25,1074.030029296875,0.00035393738571354305,0.018547301338657975
1105,2010-05-26,1067.949951171875,-0.0056609945338124135,0.018545328524045876
1106,2010-05-27,1103.06005859375,0.032876173067238,0.019808380849483512
1107,2010-05-28,1089.4100341796875,-0.01237468831159061,0.019786279057353397
1108,2010-06-01,1070.7099609375,-0.01716532127985071,0.019608302017661408
1109,2010-06-02,1098.3800048828125,0.025842707133391096,0.020503389185302857
1110,2010-06-03,1102.8299560546875,0.004051376711240895,0.020246895394307483
1111,2010-06-04,1064.8800048828125,-0.034411425771964765,0.020863244413335726
1112,2010-06-07,1050.469970703125,-0.01353207320412908,0.020953403178849524
1113,2010-06-08,1062.0,0.010976067492112662,0.020236488922444947
1114,2010-06-09,1055.68994140625,-0.005941674758709992,0.020052943456100415
1115,2010-06-10,1086.8399658203125,0.029506792849203878,0.01865799474786939
1116,2010-06-11,1091.5999755859375,0.004379678623643857,0.018719312397112563
1117,2010-06-14,1089.6300048828125,-0.0018046635646612463,0.01837017713579484
1118,2010-06-15,1115.22998046875,0.023494191121040897,0.01909473149954959
1119,2010-06-16,1114.6099853515625,-0.0005559347650669899,0.018700306030520593
1120,2010-06-17,1116.0400390625,0.0012830081640498037,0.01870113549725505
1121,2010-06-18,1117.510009765625,0.0013171307943036226,0.018457961065139278
1122,2010-06-21,1113.199951171875,-0.003856841152281021,0.01844300119907726
1123,2010-06-22,1095.31005859375,-0.016070691127224812,0.0166966419582835
1124,2010-06-23,1092.0400390625,-0.0029854738442266493,0.016422131458347485
1125,2010-06-24,1073.68994140625,-0.01680350261882635,0.016591561771897977
1126,2010-06-25,1076.760009765625,0.002859362131449217,0.016601748541361497
1127,2010-06-28,1074.5699462890625,-0.00203393834902843,0.016558242097743932
1128,2010-06-29,1041.239990234375,-0.03101701864061035,0.016192154140034748
1129,2010-06-30,1030.7099609375,-0.0101129704925228,0.01613349961823703
1130,2010-07-01,1027.3699951171875,-0.0032404516759250157,0.015795850823814413
1131,2010-07-02,1022.5800170898438,-0.004662369010297374,0.014547262274970659
1132,2010-07-06,1028.06005859375,0.00535903441522545,0.014580693813830165
1133,2010-07-07,1060.27001953125,0.03133081639370272,0.01459138563243513
1134,2010-07-08,1070.25,0.00941267817151159,0.014404091768961664
1135,2010-07-09,1077.9599609375,0.007203887818266752,0.014301106270418008
1136,2010-07-12,1078.75,0.0007329020475055348,0.014222401511833257
1137,2010-07-13,1095.3399658203125,0.015378879091830777,0.013156715204534696
1138,2010-07-14,1095.1700439453125,-0.0001551316306374062,0.013127489909422748
1139,2010-07-15,1096.47998046875,0.0011961033180916125,0.013120923852310685
1140,2010-07-16,1064.8800048828125,-0.028819473359129044,0.013465859557965344
1141,2010-07-19,1071.25,0.005981890060832162,0.013571226319883466
1142,2010-07-20,1083.47998046875,0.011416551196032687,0.01384694935964716
1143,2010-07-21,1069.5899658203125,-0.012819816608358736,0.01404854880920932
1144,2010-07-22,1093.6700439453125,0.022513373250030444,0.014968132562783025
1145,2010-07-23,1102.6600341796875,0.008220020548377116,0.014673089686089855
1146,2010-07-26,1115.010009765625,0.011200166146517754,0.0148277822669346
1147,2010-07-27,1113.8399658203125,-0.0010493573466290318,0.014295262616063667
1148,2010-07-28,1106.1300048828125,-0.006921964711350426,0.014411338149780845
1149,2010-07-29,1101.530029296875,-0.004158621107493432,0.014441994753638988
1150,2010-07-30,1101.5999755859375,6.349921218862242e-05,0.012531440834410873
1151,2010-08-02,1125.8599853515625,0.022022522061804883,0.012843213701992033
1152,2010-08-03,1120.4599609375,-0.004796355216742376,0.012889760602578952
1153,2010-08-04,1127.239990234375,0.006051112519185553,0.012747334707161353
1154,2010-08-05,1125.81005859375,-0.001268524584838171,0.012804659288153608
1155,2010-08-06,1121.6400146484375,-0.003704038628435491,0.011369995211696576
1156,2010-08-09,1127.7900390625,0.005483064382283187,0.011288824886349049
1157,2010-08-10,1121.06005859375,-0.0059674054882985494,0.011373322489729555
1158,2010-08-11,1089.469970703125,-0.028178764954173263,0.013054138912771237
1159,2010-08-12,1083.6099853515625,-0.0053787488495717906,0.012674519640896007
1160,2010-08-13,1079.25,-0.004023574358396065,0.012697595579347649
1161,2010-08-16,1079.3800048828125,0.00012045854325926086,0.012692468092351642
1162,2010-08-17,1092.5400390625,0.012192216013040102,0.01129044673433805
1163,2010-08-18,1094.1600341796875,0.0014827787168125717,0.011240860420991374
1164,2010-08-19,1075.6300048828125,-0.016935392189468268,0.011611605032270456
1165,2010-08-20,1071.68994140625,-0.0036630286052607985,0.01130012263139577
1166,2010-08-23,1067.3599853515625,-0.004040306703826824,0.010158141927389458
1167,2010-08-24,1051.8699951171875,-0.014512432962598854,0.01032437898449124
1168,2010-08-25,1055.3299560546875,0.0032893427453595248,0.009971175373299938
1169,2010-08-26,1047.219970703125,-0.007684786454732473,0.01002699899948511
1170,2010-08-27,1064.5899658203125,0.01658676839931239,0.010785354154438648
1171,2010-08-30,1048.9200439453125,-0.01471920868888299,0.011130291943048152
1172,2010-08-31,1049.3299560546875,0.000390794428747121,0.011133627563058157
1173,2010-09-01,1080.2900390625,0.029504621333996228,0.011988563788795653
1174,2010-09-02,1090.0999755859375,0.009080835857702363,0.012187261326627173
1175,2010-09-03,1104.510009765625,0.013219002387319545,0.012481949129973363
1176,2010-09-07,1091.8399658203125,-0.011471189788493708,0.012686060331990328
1177,2010-09-08,1098.8699951171875,0.006438699367075529,0.012779063869009191
1178,2010-09-09,1104.1800537109375,0.0048322900955937165,0.012764441501218252
1179,2010-09-10,1109.550048828125,0.004863332840635781,0.012767888079790684
1180,2010-09-13,1121.9000244140625,0.011130616053760978,0.011367798655660878
1181,2010-09-14,1121.0999755859375,-0.0007131195389205036,0.011278570611955
1182,2010-09-15,1125.0699462890625,0.00354113887216001,0.011213842485680456
1183,2010-09-16,1124.6600341796875,-0.00036434366656679096,0.01121808761372855
1184,2010-09-17,1125.5899658203125,0.0008268557718451586,0.010982184613351166
1185,2010-09-20,1142.7099609375,0.015209797205957498,0.011369468435085168
1186,2010-09-21,1139.780029296875,-0.002564020390809607,0.010615342943775303
1187,2010-09-22,1134.280029296875,-0.004825492514895946,0.010651304478362987
1188,2010-09-23,1124.8299560546875,-0.008331340584428193,0.010817400383961118
1189,2010-09-24,1148.6700439453125,0.021194392772258208,0.010831109483405517
1190,2010-09-27,1142.1600341796875,-0.005667432349210744,0.0110282056212638
1191,2010-09-28,1147.699951171875,0.004850385958537151,0.01073415968231046
1192,2010-09-29,1144.72998046875,-0.0025877588476783675,0.010457771742439267
1193,2010-09-30,1141.199951171875,-0.003083722237648967,0.009771826713920427
1194,2010-10-01,1146.239990234375,0.004416438203773465,0.00974091831209309
1195,2010-10-04,1137.030029296875,-0.008034932488803492,0.00824624817497469
1196,2010-10-05,1160.75,0.02086134059079603,0.009046944394126328
1197,2010-10-06,1159.969970703125,-0.0006720045633211713,0.008772856322560847
1198,2010-10-07,1158.06005859375,-0.0016465185803191673,0.00827628561058315
1199,2010-10-08,1165.1500244140625,0.00612227817348443,0.00826977409914758
1200,2010-10-11,1165.3199462890625,0.00014583690635494584,0.008272540339225988
1201,2010-10-12,1169.77001953125,0.003818756605307172,0.008261230172811483
1202,2010-10-13,1178.0999755859375,0.007121020299379444,0.008103031522392565
1203,2010-10-14,1173.81005859375,-0.0036413861990395313,0.008177819606082548
1204,2010-10-15,1176.18994140625,0.002027485447987365,0.008171678635956768
1205,2010-10-18,1184.7099609375,0.007243744595420987,0.008225296449275403
1206,2010-10-19,1165.9000244140625,-0.015877250249970554,0.009101650452645327
1207,2010-10-20,1178.1700439453125,0.01052407519882892,0.008819432261520434
1208,2010-10-21,1180.260009765625,0.0017739084702186325,0.008774331855973504
1209,2010-10-22,1183.0799560546875,0.0023892585241640507,0.008655821106390115
1210,2010-10-25,1185.6199951171875,0.002146971596890701,0.008345759697195204
1211,2010-10-26,1185.6400146484375,1.688528477283846e-05,0.007224143140067175
1212,2010-10-27,1182.449951171875,-0.002690583513671685,0.0071111679590022394
1213,2010-10-28,1183.780029296875,0.0011248494058304637,0.007074370165122632
1214,2010-10-29,1183.260009765625,-0.0004392872986367369,0.007030936584874134
1215,2010-11-01,1184.3800048828125,0.0009465333975153811,0.006957133513966641
1216,2010-11-02,1193.5699462890625,0.007759284493458862,0.007054817636449496
1217,2010-11-03,1197.9599609375,0.003678053944041082,0.0067054784370545115
1218,2010-11-04,1221.06005859375,0.01928286287479275,0.006503916009391049
1219,2010-11-05,1225.8499755859375,0.00392275298702649,0.006476803110801893
1220,2010-11-08,1223.25,-0.0021209574072836856,0.006492157454702403
1221,2010-11-09,1213.4000244140625,-0.008052299681943542,0.006812321556926711
1222,2010-11-10,1218.7099609375,0.004376080778473401,0.006821086718197934
1223,2010-11-11,1213.5400390625,-0.004242126544221403,0.006937646180950725
1224,2010-11-12,1199.2099609375,-0.011808492232419865,0.0073915332377491386
1225,2010-11-15,1197.75,-0.0012174356326716262,0.007339534029197642
1226,2010-11-16,1178.3399658203125,-0.016205413633636034,0.008191329468031123
1227,2010-11-17,1178.5899658203125,0.00021216287934855416,0.008035633076890276
1228,2010-11-18,1196.68994140625,0.015357313493959523,0.007892709916073043
1229,2010-11-19,1199.72998046875,0.002540373205550228,0.007623259960638477
1230,2010-11-22,1197.8399658203125,-0.0015753666901773267,0.00763740881168946
1231,2010-11-23,1180.72998046875,-0.014284032792181156,0.008263412691761448
1232,2010-11-24,1198.3499755859375,0.014922967493543604,0.008853589803241524
1233,2010-11-26,1189.4000244140625,-0.007468562068020934,0.009016302248762535
1234,2010-11-29,1187.760009765625,-0.001378858764733426,0.00900072064513363
1235,2010-11-30,1180.550048828125,-0.006070216944686235,0.009097325945859377
1236,2010-12-01,1206.0699462890625,0.02161695515261708,0.010204373798347592
1237,2010-12-02,1221.530029296875,0.012818562518186694,0.010515147552173509
1238,2010-12-03,1224.7099609375,0.0026032365675492386,0.01042507521792751
1239,2010-12-06,1223.1199951171875,-0.001298238661417761,0.01042325811921817
1240,2010-12-07,1223.75,0.0005150801927265025,0.009590111150173008
1241,2010-12-08,1228.280029296875,0.003701760406026544,0.00958607930102486
1242,2010-12-09,1233.0,0.0038427480627742927,0.009603589564155425
1243,2010-12-10,1240.4000244140625,0.006001641860553519,0.009480885652105094
1244,2010-12-13,1240.4599609375,4.832031784740565e-05,0.009453306876997308
1245,2010-12-14,1241.5899658203125,0.00091095635360805,0.009384799915019686
1246,2010-12-15,1235.22998046875,-0.005122452280258649,0.009049792432083606
1247,2010-12-16,1242.8699951171875,0.006185094896691501,0.009085965211837141
1248,2010-12-17,1243.9100341796875,0.0008368043854836138,0.00816454356892937
1249,2010-12-20,1247.0799560546875,0.0025483530061645165,0.008148599209667717
1250,2010-12-21,1254.5999755859375,0.006030102155631267,0.007682694423688746
1251,2010-12-22,1258.8399658203125,0.0033795554893063517,0.007686659354507848
1252,2010-12-23,1256.77001953125,-0.0016443283858672553,0.007688293228703271
1253,2010-12-27,1257.5400390625,0.0006126972471360848,0.006766922544134042
1254,2010-12-28,1258.510009765625,0.0007713239125555216,0.006219114422097767
1255,2010-12-29,1259.780029296875,0.0010091453555356455,0.0058394931354260335
1256,2010-12-30,1257.8800048828125,-0.0015082191889665975,0.0058437883807105915
1257,2010-12-31,1257.6400146484375,-0.0001907894500615681,0.005554393147183771
1258,2011-01-03,1271.8699951171875,0.011314828013585299,0.004159980930782631
1259,2011-01-04,1270.199951171875,-0.0013130618315739806,0.003520718421432342
1260,2011-01-05,1276.56005859375,0.0050071702616640845,0.0035841088459616704
1261,2011-01-06,1273.8499755859375,-0.002122957701494954,0.003623172730585924
1262,2011-01-07,1271.5,-0.001844782063018524,0.003698878021249239
1263,2011-01-10,1269.75,-0.001376327172630698,0.003729463205862356
1264,2011-01-11,1274.47998046875,0.0037251273626697223,0.0037260532223314167
1265,2011-01-12,1285.9599609375,0.00900758006769764,0.003947094372384725
1266,2011-01-13,1283.760009765625,-0.001710746243041017,0.003998532385849907
1267,2011-01-14,1293.239990234375,0.007384542591010179,0.004181841295614199
1268,2011-01-18,1295.02001953125,0.00137641065101346,0.00388384019736228
1269,2011-01-19,1281.9200439453125,-0.010115654884377157,0.0045727867264860065
1270,2011-01-20,1280.260009765625,-0.0012949592195925508,0.004608119213310376
1271,2011-01-21,1283.3499755859375,0.0024135455272700224,0.00460649770085939
1272,2011-01-24,1290.8399658203125,0.00583628034196626,0.004597224699023898
1273,2011-01-25,1291.1800537109375,0.0002634624737614111,0.004578237526387754
1274,2011-01-26,1296.6300048828125,0.00422090718967616,0.0045777091380527855
1275,2011-01-27,1299.5400390625,0.0022443057531671418,0.004577050017789947
1276,2011-01-28,1276.3399658203125,-0.017852526697772375,0.006165669495421357
1277,2011-01-31,1286.1199951171875,0.007662558220206783,0.006344307860422595
1278,2011-02-01,1307.5899658203125,0.01669359840810869,0.00714355737699991
1279,2011-02-02,1304.030029296875,-0.00272251746839014,0.007197138125091444
1280,2011-02-03,1307.0999755859375,0.0023541990752451447,0.006871669728772282
1281,2011-02-04,1310.8699951171875,0.002884262567260709,0.006854922475929522
1282,2011-02-07,1319.050048828125,0.006240171597036381,0.006890287929678508
1283,2011-02-08,1324.5699462890625,0.004184752099316791,0.006863007037674669
1284,2011-02-09,1320.8800048828125,-0.0027857656113878804,0.00688967665263386
1285,2011-02-10,1321.8699951171875,0.0007494929370688297,0.006858489586445033
1286,2011-02-11,1329.1500244140625,0.005507371620330659,0.006892103096274279
1287,2011-02-14,1332.3199462890625,0.002384924061824778,0.0067106628592522154
1288,2011-02-15,1328.010009765625,-0.003234911055292722,0.0067545477363809715
1289,2011-02-16,1336.3199462890625,0.006257435156610036,0.0067124358738882344
1290,2011-02-17,1340.4300537109375,0.003075691142146564,0.006720571401616011
1291,2011-02-18,1343.010009765625,0.0019247226272978146,0.006191401208067499
1292,2011-02-22,1315.43994140625,-0.02052856505826517,0.007838016670696127
1293,2011-02-23,1307.4000244140625,-0.006111960522950599,0.007987720636820628
1294,2011-02-24,1306.0999755859375,-0.000994377240208233,0.007918139046717966
1295,2011-02-25,1319.8800048828125,0.01055051646463201,0.008198306568406612
1296,2011-02-28,1327.219970703125,0.005561085699577806,0.008228054957066732
1297,2011-03-01,1306.3299560546875,-0.015739677754675885,0.008968273720905902
1298,2011-03-02,1308.43994140625,0.0016152009236127807,0.008002892460731529
1299,2011-03-03,1330.969970703125,0.017219001487115193,0.008609026307176365
1300,2011-03-04,1321.1500244140625,-0.0073780374502926405,0.008114125506406607
1301,2011-03-07,1310.1300048828125,-0.008341232507744434,0.008306549655660614
1302,2011-03-08,1321.8199462890625,0.008922733898683255,0.008501721735842254
1303,2011-03-09,1320.02001953125,-0.0013617034323515353,0.008494250548844638
1304,2011-03-10,1295.1099853515625,-0.018870951812180237,0.009312882299150253
1305,2011-03-11,1304.280029296875,0.007080513662183874,0.009406544667614179
1306,2011-03-14,1296.3900146484375,-0.006049325659529536,0.00946721897728501
1307,2011-03-15,1281.8699951171875,-0.01120034817237281,0.009713251518092983
1308,2011-03-16,1256.8800048828125,-0.019494949042855536,0.010316576090421843
1309,2011-03-17,1273.719970703125,0.013398228752857344,0.010819203248088832
1310,2011-03-18,1279.2099609375,0.004310201897316901,0.010897048877143295
1311,2011-03-21,1298.3800048828125,0.014985846366661448,0.011347971554724284
1312,2011-03-22,1293.77001953125,-0.003550567117658776,0.011315675152620346
1313,2011-03-23,1297.5400390625,0.00291397966743423,0.011332085405562676
1314,2011-03-24,1309.6600341796875,0.009340748456551973,0.010716689871015329
1315,2011-03-25,1313.800048828125,0.003161136890789118,0.010653007235186349
1316,2011-03-28,1310.18994140625,-0.002747836267090409,0.01066951321805358
1317,2011-03-29,1319.43994140625,0.007060045042073693,0.010533298805407196
1318,2011-03-30,1328.260009765625,0.006684706201916635,0.0105640339815359
1319,2011-03-31,1325.8299560546875,-0.0018295015230987977,0.009971182112162694
1320,2011-04-01,1332.4100341796875,0.004962987972138233,0.01001094058916108
1321,2011-04-04,1332.8699951171875,0.0003452097520288966,0.009321652125410605
1322,2011-04-05,1332.6300048828125,-0.0001800552456384663,0.009171557131409856
1323,2011-04-06,1335.5400390625,0.002183677516658822,0.00896420379104147
1324,2011-04-07,1333.510009765625,-0.0015200063176690204,0.008794702468470117
1325,2011-04-08,1328.1700439453125,-0.00400444374710851,0.008838385392342349
1326,2011-04-11,1324.4599609375,-0.0027933795260068894,0.007777249903248825
1327,2011-04-12,1314.1600341796875,-0.007776699229565143,0.007872948613611961
1328,2011-04-13,1314.4100341796875,0.00019023558280406583,0.0077418799531937975
1329,2011-04-14,1314.52001953125,8.367659155239515e-05,0.007278900609156018
1330,2011-04-15,1319.6800537109375,0.003925413156908419,0.005641199260682577
1331,2011-04-18,1305.1400146484375,-0.011017851653977395,0.005741038668554901
1332,2011-04-19,1312.6199951171875,0.00573117089721964,0.005786406269245675
1333,2011-04-20,1330.3599853515625,0.013514947433656221,0.005625659090066217
1334,2011-04-21,1337.3800048828125,0.0052767819301140495,0.005591240601027175
1335,2011-04-25,1335.25,-0.0015926699031209024,0.005620330296581702
1336,2011-04-26,1347.239990234375,0.008979584523029382,0.005596256811727759
1337,2011-04-27,1355.6600341796875,0.006249847099511818,0.005683195714064582
1338,2011-04-28,1360.47998046875,0.0035554240499382495,0.0056204465340697705
1339,2011-04-29,1363.6099853515625,0.002300662213150728,0.005495673996372194
1340,2011-05-02,1361.219970703125,-0.00175271131343413,0.005411280161358586
1341,2011-05-03,1356.6199951171875,-0.0033793036283190636,0.005461480277783932
1342,2011-05-04,1347.3199462890625,-0.006855308680100647,0.0056375141204887385
1343,2011-05-05,1335.0999755859375,-0.009069835815006422,0.005997375447007069
1344,2011-05-06,1340.199951171875,0.0038199203649145197,0.0060491074590541625
1345,2011-05-09,1346.2900390625,0.004544163641626575,0.006105248908110521
1346,2011-05-10,1357.1600341796875,0.008074036650198346,0.00630236673350668
1347,2011-05-11,1342.0799560546875,-0.011111495877577093,0.006729049657988623
1348,2011-05-12,1348.6500244140625,0.004895437361786659,0.006749747464829165
1349,2011-05-13,1337.77001953125,-0.00806733006032423,0.006767685392030217
1350,2011-05-16,1329.469970703125,-0.006204391417766519,0.0069318717829270704
1351,2011-05-17,1328.97998046875,-0.0003685605881837972,0.006933962513281652
1352,2011-05-18,1340.6800537109375,0.00880379946585852,0.0071234548188219724
1353,2011-05-19,1343.5999755859375,0.0021779408643529674,0.006624147254882613
1354,2011-05-20,1333.27001953125,-0.007688267521873571,0.006815804297793796
1355,2011-05-23,1317.3699951171875,-0.01192558460112425,0.006700914863101132
1356,2011-05-24,1316.280029296875,-0.0008273801774386635,0.006578869914050596
1357,2011-05-25,1320.469970703125,0.0031831687125787322,0.006626698326809982
1358,2011-05-26,1325.68994140625,0.0039531157988739185,0.006366383339476899
1359,2011-05-27,1331.0999755859375,0.004080919686204165,0.006269475782326516
1360,2011-05-31,1345.199951171875,0.010592724697279676,0.00666966690995071
1361,2011-06-01,1314.550048828125,-0.02278464425831217,0.00814959150946173
1362,2011-06-02,1312.93994140625,-0.0012248353901096465,0.008149997052423141
1363,2011-06-03,1300.1600341796875,-0.009733809463420173,0.00832644671255288
1364,2011-06-06,1286.1700439453125,-0.010760206333523925,0.008477425837671398
1365,2011-06-07,1284.93994140625,-0.0009564073932939454,0.00833388528761826
1366,2011-06-08,1279.56005859375,-0.004186874918536865,0.008255545245807383
1367,2011-06-09,1289.0,0.007377489898070522,0.008384725793910558
1368,2011-06-10,1270.97998046875,-0.013979844477308045,0.00844845090577763
1369,2011-06-13,1271.8299560546875,0.0006687560771996282,0.008277695177486612
1370,2011-06-14,1287.8699951171875,0.012611779574887017,0.00875179236878265
1371,2011-06-15,1265.4200439453125,-0.01743184580508239,0.009270391165820567
1372,2011-06-16,1267.6400146484375,0.0017543350239683786,0.009273536596827683
1373,2011-06-17,1271.5,0.003045016966140013,0.00933262536793093
1374,2011-06-20,1278.3599853515625,0.005395190996116739,0.009172232091313947
1375,2011-06-21,1295.52001953125,0.013423475684721353,0.009720193584708397
1376,2011-06-22,1287.1400146484375,-0.006468448774604507,0.009687292334333152
1377,2011-06-23,1283.5,-0.002827986549257977,0.00941380026825654
1378,2011-06-24,1268.449951171875,-0.011725787945559007,0.009679527939805671
1379,2011-06-27,1280.0999755859375,0.009184457300265958,0.009903777079826696
1380,2011-06-28,1296.6700439453125,0.012944354874931063,0.01031077001633269
1381,2011-06-29,1307.4100341796875,0.008282747245164312,0.010446511226194508
1382,2011-06-30,1320.6400146484375,0.01011922818616795,0.010422460020728528
1383,2011-07-01,1339.6700439453125,0.014409702179091433,0.00967373987645383
1384,2011-07-05,1337.8800048828125,-0.0013361790618444669,0.009674936531287374
1385,2011-07-06,1339.219970703125,0.0010015590452223666,0.009379250833381982
1386,2011-07-07,1353.219970703125,0.010453846497412655,0.009158694351620209
1387,2011-07-08,1343.800048828125,-0.006961116506509657,0.009349491770404485
1388,2011-07-11,1319.489990234375,-0.01809053260189253,0.010222419166902818
1389,2011-07-12,1313.6400146484375,-0.004433512667192274,0.010206303229326617
1390,2011-07-13,1317.719970703125,0.003105840267646931,0.00965440054992784
1391,2011-07-14,1308.8699951171875,-0.0067161276923011215,0.00981849701427368
1392,2011-07-15,1316.1400146484375,0.005554424471774233,0.009544561656949387
1393,2011-07-18,1305.43994140625,-0.008129889770918997,0.008869915627853203
1394,2011-07-19,1326.72998046875,0.01630870818887753,0.009419158537101083
1395,2011-07-20,1325.8399658203125,-0.0006708332980633891,0.009434997788667784
1396,2011-07-21,1343.800048828125,0.013546192203295337,0.009732229722921705
1397,2011-07-22,1345.02001953125,0.0009078513609139804,0.009412641448947202
1398,2011-07-25,1337.4300537109375,-0.0056430132712504966,0.009379917984065343
1399,2011-07-26,1331.93994140625,-0.004104971538103408,0.009413717711199907
1400,2011-07-27,1304.8900146484375,-0.020308668519432915,0.010147095626804024
1401,2011-07-28,1300.6700439453125,-0.0032339665839667964,0.010034576371813014
1402,2011-07-29,1292.280029296875,-0.006450532698506817,0.009762625135985567
1403,2011-08-01,1286.93994140625,-0.004132299323336697,0.009612133143742093
1404,2011-08-02,1254.050048828125,-0.025556664705103427,0.01065728488997034
1405,2011-08-03,1260.3399658203125,0.005015682586245518,0.01013134757844141
1406,2011-08-04,1200.0699462890625,-0.047820446201610634,0.013954520400705727
1407,2011-08-05,1199.3800048828125,-0.0005749176607442452,0.013927145465300087
1408,2011-08-08,1119.4599609375,-0.06663446415643826,0.018743395299937265
1409,2011-08-09,1172.530029296875,0.0474068481332115,0.02220756157089247
1410,2011-08-10,1120.760009765625,-0.04415240397919251,0.02354168423883254
1411,2011-08-11,1172.6400146484375,0.04629002144148742,0.026156351212115323
1412,2011-08-12,1178.81005859375,0.00526166928318772,0.02619146503366888
1413,2011-08-15,1204.489990234375,0.021784622088531824,0.026786130051850127
1414,2011-08-16,1192.760009765625,-0.00973854541245922,0.026740418970276698
1415,2011-08-17,1193.8900146484375,0.0009473866272851073,0.026745623391201442
1416,2011-08-18,1140.6500244140625,-0.0445937143129993,0.027709721412935307
1417,2011-08-19,1123.530029296875,-0.015008981502439234,0.027735305822617566
1418,2011-08-22,1123.8199462890625,0.00025804116011829414,0.027406397948956756
1419,2011-08-23,1162.3499755859375,0.034284877594586316,0.02879598903928062
1420,2011-08-24,1177.5999755859375,0.013119972745138542,0.0290900546159219
1421,2011-08-25,1159.27001953125,-0.01556552007023193,0.029169000039417595
1422,2011-08-26,1176.800048828125,0.015121610152536658,0.02931227515607263
1423,2011-08-29,1210.0799560546875,0.028280001568408375,0.030124169078010434
1424,2011-08-30,1212.9200439453125,0.002347024984931334,0.030132335314104107
1425,2011-08-31,1218.8900146484375,0.004921982065451136,0.030169917610668406
1426,2011-09-01,1204.4200439453125,-0.01187143263889856,0.029800505013461976
1427,2011-09-02,1173.969970703125,-0.025281938303220453,0.03018719442802785
1428,2011-09-06,1165.239990234375,-0.007436289416773878,0.028498724481258193
1429,2011-09-07,1198.6199951171875,0.028646463529026667,0.029189483700132052
1430,2011-09-08,1185.9000244140625,-0.010612179635699603,0.025241346584141008
1431,2011-09-09,1154.22998046875,-0.026705492278710663,0.023934139756990377
1432,2011-09-12,1162.27001953125,0.006965716710316983,0.021881830745094078
1433,2011-09-13,1172.8699951171875,0.00912006281484623,0.01960643716398329
1434,2011-09-14,1188.6800537109375,0.013479804803234297,0.01978508133745208
1435,2011-09-15,1209.1099853515625,0.017187073659429952,0.019573442262999195
1436,2011-09-16,1216.010009765625,0.0057066970727697175,0.019470798070725607
1437,2011-09-19,1204.0899658203125,-0.0098025870260805,0.01960815330391851
1438,2011-09-20,1202.0899658203125,-0.0016610054537223862,0.01684017893672694
1439,2011-09-21,1166.760009765625,-0.02939044252863232,0.017804633667094873
1440,2011-09-22,1129.56005859375,-0.031883121516435575,0.019206573579579705
1441,2011-09-23,1136.4300537109375,0.006082009597382809,0.017721558919368077
1442,2011-09-26,1162.949951171875,0.023336145831710953,0.01823221348907779
1443,2011-09-27,1175.3800048828125,0.010688382331855317,0.01805128778973203
1444,2011-09-28,1151.06005859375,-0.020691134941917988,0.018309657014662032
1445,2011-09-29,1160.4000244140625,0.008114229792425487,0.017256690640533548
1446,2011-09-30,1131.4200439453125,-0.024974129488995245,0.01791741620410273
1447,2011-10-03,1099.22998046875,-0.0284510281118181,0.018613737783058706
1448,2011-10-04,1123.949951171875,0.022488442948566112,0.01939271651679199
1449,2011-10-05,1144.030029296875,0.017865633700204997,0.019208458110798608
1450,2011-10-06,1164.969970703125,0.018303664125949304,0.019577903784540357
1451,2011-10-07,1155.4599609375,-0.008163308930517088,0.018575933767483947
1452,2011-10-10,1194.8900146484375,0.034124984892549115,0.0199302259445983
1453,2011-10-11,1195.5400390625,0.0005440035535435594,0.018980903856231492
1454,2011-10-12,1207.25,0.009794704112697561,0.019027289519383768
1455,2011-10-13,1203.6600341796875,-0.002973672247100878,0.018983437540340934
1456,2011-10-14,1224.5799560546875,0.01738025794738407,0.01911982941169882
1457,2011-10-17,1200.8599853515625,-0.019369883187983272,0.019282025868054407
1458,2011-10-18,1225.3800048828125,0.020418716445174567,0.01974379528390008
1459,2011-10-19,1209.8800048828125,-0.01264913736003248,0.019823935470560747
1460,2011-10-20,1215.3900146484375,0.0045541787147385104,0.01983735592964027
1461,2011-10-21,1238.25,0.01880876515031682,0.019001160916285197
1462,2011-10-24,1254.18994140625,0.012872958939026846,0.017433283311034737
1463,2011-10-25,1229.050048828125,-0.02004472508361621,0.018221971591079755
1464,2011-10-26,1242.0,0.010536553156824224,0.017764640208868386
1465,2011-10-27,1284.5899658203125,0.034291437858544604,0.01891727744031027
1466,2011-10-28,1285.0899658203125,0.0003892292585989665,0.018112287563934334
1467,2011-10-31,1253.300048828125,-0.02473750308360323,0.019181156696272534
1468,2011-11-01,1218.280029296875,-0.027942247001422227,0.019401488250740586
1469,2011-11-02,1237.9000244140625,0.016104667765514558,0.018189903742598226
1470,2011-11-03,1261.1500244140625,0.01878180753005876,0.018042328077424202
1471,2011-11-04,1253.22998046875,-0.006280017279460592,0.01798248857841197
1472,2011-11-07,1261.1199951171875,0.006295743615618132,0.017717697437182427
1473,2011-11-08,1275.9200439453125,0.011735638864999398,0.017587425345895462
1474,2011-11-09,1229.0999755859375,-0.036695142913972245,0.018400962208852286
1475,2011-11-10,1239.699951171875,0.008624176874533207,0.01846263326031553
1476,2011-11-11,1263.8499755859375,0.019480539941325148,0.018774864329329177
1477,2011-11-14,1251.780029296875,-0.009550141648312915,0.0189138977082027
1478,2011-11-15,1257.81005859375,0.004817163683512371,0.01861325768117348
1479,2011-11-16,1236.9100341796875,-0.016616200730203312,0.01847580243250573
1480,2011-11-17,1216.1300048828125,-0.016799952076269054,0.018365509816301466
1481,2011-11-18,1215.6500244140625,-0.00039467858438069214,0.018154024843324772
1482,2011-11-21,1192.97998046875,-0.018648495446902502,0.018568868331250883
1483,2011-11-22,1188.0400390625,-0.004140841830647446,0.01805950983811066
1484,2011-11-23,1161.7900390625,-0.02209521492281885,0.01825144969735917
1485,2011-11-25,1158.6700439453125,-0.002685506857766806,0.017864800388292055
1486,2011-11-28,1192.550048828125,0.029240425313361795,0.018929284074974944
1487,2011-11-29,1195.18994140625,0.002213653490450218,0.01718181659029836
1488,2011-11-30,1246.9599609375,0.0433153072475978,0.01983347759065348
1489,2011-12-01,1244.5799560546875,-0.0019086457924624156,0.01912692496950208
1490,2011-12-02,1244.280029296875,-0.00024098633145541726,0.018093620089704863
1491,2011-12-05,1257.0799560546875,0.010287014543699957,0.017905666125952124
1492,2011-12-06,1258.469970703125,0.0011057487964409862,0.0174536685707147
1493,2011-12-07,1261.010009765625,0.002018354924337773,0.017399982391460653
1494,2011-12-08,1234.3499755859375,-0.02114181011508598,0.017934284263945145
1495,2011-12-09,1255.18994140625,0.01688335256005491,0.01813834172155288
1496,2011-12-12,1236.469970703125,-0.014914054108935981,0.01660310612268399
1497,2011-12-13,1225.72998046875,-0.00868600976072853,0.016605078971756254
1498,2011-12-14,1211.8199462890625,-0.01134836742295231,0.016143230420277873
1499,2011-12-15,1215.75,0.0032431003656709922,0.016080526141479833
1500,2011-12-16,1219.6600341796875,0.0032161498496299235,0.016055580967368945
1501,2011-12-19,1205.3499755859375,-0.011732825699560245,0.015866055634191422
1502,2011-12-20,1241.300048828125,0.029825423296426123,0.016752066715854184
1503,2011-12-21,1243.719970703125,0.0019495059855065833,0.016749800938134957
1504,2011-12-22,1254.0,0.008265549753183832,0.016207410745385505
1505,2011-12-23,1265.3299560546875,0.009035052675189448,0.016197868999295453
1506,2011-12-27,1265.4300537109375,7.9107947907886e-05,0.015222968159274616
1507,2011-12-28,1249.6400146484375,-0.0124780022540123,0.015567060969693245
1508,2011-12-29,1263.02001953125,0.01070708742195392,0.01458118192773236
1509,2011-12-30,1257.5999755859375,-0.0042913365279230176,0.014657552467991733
1510,2012-01-03,1277.06005859375,0.015473984880403524,0.011901055772449712
1511,2012-01-04,1277.300048828125,0.00018792399994027598,0.011883760710368738
1512,2012-01-05,1281.06005859375,0.002943716919978634,0.011884163102984914
1513,2012-01-06,1277.81005859375,-0.002536961462655807,0.011740742420192518
1514,2012-01-09,1280.699951171875,0.0022615979258335805,0.011744717627489826
1515,2012-01-10,1292.0799560546875,0.00888576974833133,0.011867539600213634
1516,2012-01-11,1292.47998046875,0.0003095972599744812,0.010777940040384588
1517,2012-01-12,1295.5,0.002336608362904613,0.010264968493027342
1518,2012-01-13,1289.0899658203125,-0.004947922948427275,0.009711660180956917
1519,2012-01-17,1293.6700439453125,0.003552954600872571,0.009420097945071104
1520,2012-01-18,1308.0400390625,0.011107929092462498,0.009058086131130032
1521,2012-01-19,1314.5,0.004938656879440728,0.009062848644046707
1522,2012-01-20,1315.3800048828125,0.0006694597815233294,0.00908415704377616
1523,2012-01-23,1316.0,0.00047134296924533636,0.008462328179179184
1524,2012-01-24,1314.6500244140625,-0.00102581731454221,0.006252500186476682
1525,2012-01-25,1326.06005859375,0.008679141952454561,0.006380840091053655
1526,2012-01-26,1318.4300537109375,-0.005753890884025226,0.006521891338032668
1527,2012-01-27,1316.3299560546875,-0.0015928775670267514,0.006391592452303189
1528,2012-01-30,1313.010009765625,-0.0025221231757218687,0.00644907765869152
1529,2012-01-31,1312.4100341796875,-0.0004569466961219515,0.0056505212254293
1530,2012-02-01,1324.0899658203125,0.008899605562620927,0.005533559269178946
1531,2012-02-02,1325.5400390625,0.0010951470667548424,0.005350508222894143
1532,2012-02-03,1344.9000244140625,0.014605356896842503,0.005251793490456783
1533,2012-02-06,1344.3299560546875,-0.0004238741534883239,0.005265492022386053
1534,2012-02-07,1347.050048828125,0.00202338180532724,0.005264129201522038
1535,2012-02-08,1349.9599609375,0.0021602108339675574,0.0051527285117561805
1536,2012-02-09,1351.949951171875,0.0014741105602813498,0.005157287147074527
1537,2012-02-10,1342.6400146484375,-0.006886302644093845,0.005317670497972283
1538,2012-02-13,1351.77001953125,0.006800039312997219,0.0054125832938147515
1539,2012-02-14,1350.5,-0.0009395233752043097,0.005449401397508534
1540,2012-02-15,1343.22998046875,-0.0053832058728249255,0.005476195158058602
1541,2012-02-16,1358.0400390625,0.01102570580548079,0.005806317028052914
1542,2012-02-17,1361.22998046875,0.0023489303072772305,0.005458124933779221
1543,2012-02-21,1362.2099609375,0.000719922777789872,0.005417575950230901
1544,2012-02-22,1357.6600341796875,-0.0033401068031253534,0.005518142643235323
1545,2012-02-23,1363.4599609375,0.004272002277298181,0.005545354855825545
1546,2012-02-24,1365.739990234375,0.0016722378083675604,0.005513652308268085
1547,2012-02-27,1367.5899658203125,0.0013545591394890089,0.005291939038561014
1548,2012-02-28,1372.1800537109375,0.0033563334079245166,0.005055321108640681
1549,2012-02-29,1365.6800537109375,-0.0047369876733168725,0.005199094878751622
1550,2012-03-01,1374.0899658203125,0.006158039788692005,0.005193803563881138
1551,2012-03-02,1369.6300048828125,-0.003245756135652589,0.005291823698002884
1552,2012-03-05,1364.3299560546875,-0.003869693865664492,0.005193214798562187
1553,2012-03-06,1343.3599853515625,-0.015370160722531612,0.006303226585554642
1554,2012-03-07,1352.6300048828125,0.0069006220464606915,0.005671971083221444
1555,2012-03-08,1365.9100341796875,0.009817931917032618,0.006021344934279461
1556,2012-03-09,1370.8699951171875,0.0036312500921620305,0.006047346992303144
1557,2012-03-12,1371.0899658203125,0.00016046065922270536,0.006041183210732044
1558,2012-03-13,1395.949951171875,0.018131549330308916,0.0070921589994233335
1559,2012-03-14,1394.280029296875,-0.0011962619960680376,0.006872857480898283
1560,2012-03-15,1402.5999755859375,0.005967198922915307,0.0068458967082933656
1561,2012-03-16,1404.1700439453125,0.0011193985360786751,0.006822103787481447
1562,2012-03-19,1409.75,0.00397384638616094,0.006642578064997482
1563,2012-03-20,1405.52001953125,-0.003000518154814724,0.006426824816199024
1564,2012-03-21,1402.8900146484375,-0.0018711970276237277,0.006465735573905106
1565,2012-03-22,1392.780029296875,-0.0072065416718331,0.006720735196049957
1566,2012-03-23,1397.1099853515625,0.003108858515779689,0.006661390683090588
1567,2012-03-26,1416.510009765625,0.013885824750712539,0.007160622902243849
1568,2012-03-27,1412.52001953125,-0.0028167751776319028,0.007226922872471165
1569,2012-03-28,1405.5400390625,-0.00494150905632218,0.0073587762330641435
1570,2012-03-29,1403.280029296875,-0.001607929836799582,0.0073678840969555355
1571,2012-03-30,1408.469970703125,0.0036984360198231148,0.007271515637626497
1572,2012-04-02,1419.0400390625,0.007504645877610239,0.007318737535106635
1573,2012-04-03,1413.3800048828125,-0.003988635996082901,0.007343299036680221
1574,2012-04-04,1398.9599609375,-0.010202524371008104,0.007678477642399013
1575,2012-04-05,1398.0799560546875,-0.0006290422223540482,0.006754110071794412
1576,2012-04-09,1382.199951171875,-0.011358438273891824,0.007208938849718023
1577,2012-04-10,1358.5899658203125,-0.017081454337735447,0.007892365899647551
1578,2012-04-11,1368.7099609375,0.007448895819775148,0.008021856221806435
1579,2012-04-12,1387.5699462890625,0.013779387810288313,0.00854647019906436
1580,2012-04-13,1370.260009765625,-0.012475001040294531,0.008028408748084845
1581,2012-04-16,1369.5699462890625,-0.000503600390907244,0.008028192964633788
1582,2012-04-17,1390.780029296875,0.015486673802446171,0.008642315994316318
1583,2012-04-18,1385.1400146484375,-0.004055288780130728,0.008670820648820694
1584,2012-04-19,1376.9200439453125,-0.005934396967956612,0.008680115770566574
1585,2012-04-20,1378.530029296875,0.0011692656800530443,0.008680668361926129
1586,2012-04-23,1366.93994140625,-0.008407570124922548,0.00882807005810147
1587,2012-04-24,1371.969970703125,0.003679773444691614,0.008776911981921074
1588,2012-04-25,1390.68994140625,0.013644592157896263,0.009265454526902342
1589,2012-04-26,1399.97998046875,0.006680165568110796,0.008863631502000011
1590,2012-04-27,1403.3599853515625,0.002414323726029899,0.008868571013027796
1591,2012-04-30,1397.9100341796875,-0.0038835019016946193,0.008844802145831122
1592,2012-05-01,1405.8199462890625,0.005658384242170911,0.00892542006593946
1593,2012-05-02,1402.31005859375,-0.002496683664631072,0.008904856253738495
1594,2012-05-03,1391.5699462890625,-0.0076588713308223255,0.00887001147602767
1595,2012-05-04,1369.0999755859375,-0.016147208958519288,0.00943559163885769
1596,2012-05-07,1369.5799560546875,0.00035058102206497743,0.009233028926890463
1597,2012-05-08,1363.719970703125,-0.004278673417828949,0.009260231549805726
1598,2012-05-09,1354.5799560546875,-0.006702266480503982,0.009065518418875615
1599,2012-05-10,1357.989990234375,0.002517410777005402,0.00833057167175098
1600,2012-05-11,1353.3900146484375,-0.0033873413051768164,0.008189132215566714
1601,2012-05-14,1338.3499755859375,-0.01111286391927968,0.007837290320877384
1602,2012-05-15,1330.6600341796875,-0.005745837446504476,0.007517907752683148
1603,2012-05-16,1324.800048828125,-0.004403818556987793,0.007544047259965829
1604,2012-05-17,1304.8599853515625,-0.015051375861739213,0.00706750657861334
1605,2012-05-18,1295.219970703125,-0.007387777046316768,0.007129548993250027
1606,2012-05-21,1315.989990234375,0.016035901237667627,0.00816560770878931
1607,2012-05-22,1316.6300048828125,0.0004863370186602989,0.008154182940230442
1608,2012-05-23,1318.8599853515625,0.0016937032123527374,0.008063296523938057
1609,2012-05-24,1320.6800537109375,0.001380031526917458,0.008006360237589142
1610,2012-05-25,1317.8199462890625,-0.002165632329979128,0.00723596743755958
1611,2012-05-29,1332.4200439453125,0.011078977592776207,0.007553175261183131
1612,2012-05-30,1313.3199462890625,-0.014334892170861036,0.007900129772698314
1613,2012-05-31,1310.3299560546875,-0.0022766655169013106,0.00789880459052255
1614,2012-06-01,1278.0400390625,-0.024642584749729912,0.008911106296163658
1615,2012-06-04,1278.1800537109375,0.00010955419561042845,0.00895322384361066
1616,2012-06-05,1285.5,0.005726850663809513,0.009157037104722354
1617,2012-06-06,1315.1300048828125,0.023049400920118535,0.010328976138982957
1618,2012-06-07,1314.989990234375,-0.00010646449242102118,0.010324955146826771
1619,2012-06-08,1325.6600341796875,0.008114163624478143,0.010519306786827437
1620,2012-06-11,1308.9300537109375,-0.012620113782869202,0.010739189872903994
1621,2012-06-12,1324.1800537109375,0.011650737147309576,0.01107330660312267
1622,2012-06-13,1314.8800048828125,-0.007023250955987548,0.011136231138076064
1623,2012-06-14,1329.0999755859375,0.010814652782245693,0.011192778181445782
1624,2012-06-15,1342.8399658203125,0.010337815429059649,0.01134136105842448
1625,2012-06-18,1344.780029296875,0.0014447466011910937,0.011289966782358994
1626,2012-06-19,1357.97998046875,0.009815695418065262,0.01087055029775946
1627,2012-06-20,1355.68994140625,-0.0016863570122068738,0.010706002938330421
1628,2012-06-21,1325.510009765625,-0.022261677039013494,0.011426741018909703
1629,2012-06-22,1335.02001953125,0.007174604262178752,0.01151802690416701
1630,2012-06-25,1313.719970703125,-0.015954853497705423,0.012047523818556985
1631,2012-06-26,1319.989990234375,0.004772721486371312,0.0120891198868654
1632,2012-06-27,1331.8499755859375,0.008984905521485453,0.012224952733348884
1633,2012-06-28,1329.0400390625,-0.002109799583246086,0.012005611728908964
1634,2012-06-29,1362.1600341796875,0.02492023877666627,0.012679111386931867
1635,2012-07-02,1365.510009765625,0.0024593113157624913,0.01264787038195598
1636,2012-07-03,1374.02001953125,0.0062321108631679945,0.011184567021400233
1637,2012-07-05,1367.5799560546875,-0.0046870230309741245,0.011297062457379665
1638,2012-07-06,1354.6800537109375,-0.00943264946713962,0.011590197591903306
1639,2012-07-09,1352.4599609375,-0.0016388318166757898,0.010658418730494747
1640,2012-07-10,1341.469970703125,-0.008125926498228409,0.010845284898238496
1641,2012-07-11,1341.449951171875,-1.4923577632885987e-05,0.010727876961991447
1642,2012-07-12,1334.760009765625,-0.004987097282612596,0.010398563922604987
1643,2012-07-13,1356.780029296875,0.01649736234989274,0.0106837090305379
1644,2012-07-16,1353.6400146484375,-0.002314313728559836,0.010558379018384904
1645,2012-07-17,1363.6700439453125,0.007409672577889825,0.010437676889679375
1646,2012-07-18,1372.780029296875,0.006680490923747229,0.010313929690348295
1647,2012-07-19,1376.510009765625,0.002717099891568653,0.010319793282134893
1648,2012-07-20,1362.6600341796875,-0.010061659913606968,0.01039132817919804
1649,2012-07-23,1350.52001953125,-0.00890905606969361,0.010566643163393173
1650,2012-07-24,1338.31005859375,-0.009040932945028057,0.00957707665507002
1651,2012-07-25,1337.8900146484375,-0.000313861457302278,0.009460191449360934
1652,2012-07-26,1360.02001953125,0.016540974699349675,0.009363911151334751
1653,2012-07-27,1385.969970703125,0.01908056557933535,0.010064188177702927
1654,2012-07-30,1385.300048828125,-0.0004833595887074882,0.009965215129239997
1655,2012-07-31,1379.3199462890625,-0.0043168283608459035,0.010017811788832763
1656,2012-08-01,1375.3199462890625,-0.0028999798130677767,0.008608798819310915
1657,2012-08-02,1365.0,-0.0075036694675360005,0.008760018114290948
1658,2012-08-03,1390.989990234375,0.01904028588598905,0.009579825556760511
1659,2012-08-06,1394.22998046875,0.0023292692665812798,0.00951192519728744
1660,2012-08-07,1401.3499755859375,0.005106758007594747,0.009260096680866836
1661,2012-08-08,1402.219970703125,0.0006208264404641284,0.009235175152513795
1662,2012-08-09,1402.800048828125,0.0004136855394443195,0.00897912675099736
1663,2012-08-10,1405.8699951171875,0.002188441817939202,0.008967016896532193
1664,2012-08-13,1404.1099853515625,-0.0012519007957618733,0.008859721221995126
1665,2012-08-14,1403.9300537109375,-0.00012814640056846294,0.00828527120239952
1666,2012-08-15,1405.530029296875,0.0011396405267545262,0.00824043671161512
1667,2012-08-16,1415.510009765625,0.007100510313353237,0.008230571586260359
1668,2012-08-17,1418.1600341796875,0.0018721339981915275,0.0081563462276459
1669,2012-08-20,1418.1300048828125,-2.1174829462955458e-05,0.008157956729157183
1670,2012-08-21,1413.1700439453125,-0.003497536135912971,0.007832875205462317
1671,2012-08-22,1413.489990234375,0.0002264032488046297,0.007478653421146786
1672,2012-08-23,1402.0799560546875,-0.008072242646582573,0.00741249489602305
1673,2012-08-24,1411.1300048828125,0.006454730908207917,0.007446008334722564
1674,2012-08-27,1410.43994140625,-0.0004890148137838279,0.0067656848128913845
1675,2012-08-28,1409.300048828125,-0.0008081822874276279,0.005548934194339442
1676,2012-08-29,1410.489990234375,0.0008443492265819419,0.00554182727183242
1677,2012-08-30,1399.47998046875,-0.00780580496271055,0.00574253484150859
1678,2012-08-31,1406.5799560546875,0.0050732955705157234,0.005757723050596125
1679,2012-09-04,1404.93994140625,-0.0011659590635981765,0.0054609102655032715
1680,2012-09-05,1403.43994140625,-0.0010676612969652277,0.0037784126938745248
1681,2012-09-06,1432.1199951171875,0.020435540463669577,0.005699505480173002
1682,2012-09-07,1437.9200439453125,0.0040499740579702515,0.005669695116930833
1683,2012-09-10,1429.0799560546875,-0.006147829935223559,0.005881568066198775
1684,2012-09-11,1433.56005859375,0.0031349558295050706,0.00589989756135223
1685,2012-09-12,1436.56005859375,0.002092692232889659,0.005899016637975284
1686,2012-09-13,1459.989990234375,0.01630974737217783,0.006712159544156617
1687,2012-09-14,1465.77001953125,0.003958951318527193,0.006712904011854343
1688,2012-09-17,1461.18994140625,-0.003124690820504483,0.006799412016244184
1689,2012-09-18,1459.3199462890625,-0.0012797755200721905,0.006721966188969814
1690,2012-09-19,1461.050048828125,0.001185553958514829,0.006721301815318372
1691,2012-09-20,1460.260009765625,-0.0005407337436069692,0.006727357215053728
1692,2012-09-21,1460.1500244140625,-7.531901909729743e-05,0.006648966443262385
1693,2012-09-24,1456.8900146484375,-0.002232653981520283,0.006692077376192275
1694,2012-09-25,1441.5899658203125,-0.0105018557847808,0.006873374733769881
1695,2012-09-26,1433.3199462890625,-0.0057367349435899495,0.00692808339056845
1696,2012-09-27,1447.1500244140625,0.009648981834660786,0.00717572156900051
1697,2012-09-28,1440.6700439453125,-0.004477753072888002,0.007266529568851412
1698,2012-10-01,1444.489990234375,0.002651506710448004,0.0072745854226816484
1699,2012-10-02,1445.75,0.0008722869484341089,0.006998235487862992
1700,2012-10-03,1450.989990234375,0.0036244096381636837,0.006969794652068793
1701,2012-10-04,1461.4000244140625,0.007174435557619541,0.007047863299869972
1702,2012-10-05,1460.9300537109375,-0.00032158936312698394,0.007035110132758049
1703,2012-10-08,1455.8800048828125,-0.0034567355331607263,0.005757563551489199
1704,2012-10-09,1441.47998046875,-0.00989094181235195,0.0061335773123029945
1705,2012-10-10,1432.56005859375,-0.006188030354815854,0.006135542411005688
1706,2012-10-11,1432.8399658203125,0.00019538952303133073,0.006098849768970318
1707,2012-10-12,1428.5899658203125,-0.0029661372528556607,0.0061113430186566405
1708,2012-10-15,1440.1300048828125,0.008077922524027725,0.005240017273187116
1709,2012-10-16,1454.9200439453125,0.010269933278491461,0.005658079720177202
1710,2012-10-17,1460.9100341796875,0.004117058019306619,0.005697799056534937
1711,2012-10-18,1457.3399658203125,-0.0024437290975140025,0.005715690144634431
1712,2012-10-19,1433.18994140625,-0.016571304555192734,0.006702109999432679
1713,2012-10-22,1433.8199462890625,0.00043958226653084687,0.006707543450366718
1714,2012-10-23,1413.1099853515625,-0.01444390628760639,0.007305610062924972
1715,2012-10-24,1408.75,-0.0030853828766044256,0.0073121537410932745
1716,2012-10-25,1412.969970703125,0.002995542646406335,0.007083617890551902
1717,2012-10-26,1411.93994140625,-0.0007289817322603254,0.007000327154164593
1718,2012-10-31,1412.1600341796875,0.00015587969925845435,0.006616722170668453
1719,2012-11-01,1427.5899658203125,0.010926475234507071,0.0070426013685774376
1720,2012-11-02,1414.199951171875,-0.009379454163327194,0.007258903623588227
1721,2012-11-05,1417.260009765625,0.002163809008205897,0.00727943141038661
1722,2012-11-06,1428.3900146484375,0.007853184882181896,0.007457655714049354
1723,2012-11-07,1394.530029296875,-0.023705000038029778,0.008708650214077792
1724,2012-11-08,1377.510009765625,-0.01220484261628385,0.008958660293630703
1725,2012-11-09,1379.8499755859375,0.001698692425988746,0.009003332681389057
1726,2012-11-12,1380.030029296875,0.00013048788935265954,0.008858426335625114
1727,2012-11-13,1374.530029296875,-0.0039854205221913075,0.008820501244567491
1728,2012-11-14,1355.489990234375,-0.013852035718884714,0.009167722096860871
1729,2012-11-15,1353.3299560546875,-0.0015935449138314572,0.009168919399399256
1730,2012-11-16,1359.8800048828125,0.00483994963594836,0.009017170746084172
1731,2012-11-19,1386.8900146484375,0.019862053761098286,0.009859798623700575
1732,2012-11-20,1387.81005859375,0.0006633863793055195,0.009782829285868657
1733,2012-11-21,1391.030029296875,0.002320181125065268,0.009831744706945218
1734,2012-11-23,1409.1500244140625,0.013026314842639719,0.009777557490224652
1735,2012-11-26,1406.2900390625,-0.0020295818770267315,0.00977775010527348
1736,2012-11-27,1398.93994140625,-0.0052265872985560735,0.009355202562379185
1737,2012-11-28,1409.9300537109375,0.007856028682432292,0.009496310711105134
1738,2012-11-29,1415.949951171875,0.004269642628790704,0.009518788724672551
1739,2012-11-30,1416.1800537109375,0.00016250753698754394,0.009516814532883406
1740,2012-12-03,1409.4599609375,-0.004745224843287543,0.009574586476541818
1741,2012-12-04,1407.050048828125,-0.0017098123935156417,0.009259009245845095
1742,2012-12-05,1409.280029296875,0.0015848622233496368,0.009057826780169437
1743,2012-12-06,1413.93994140625,0.0033065906083264984,0.009074803276510892
1744,2012-12-07,1418.0699462890625,0.0029209195962771606,0.008929575863720719
1745,2012-12-10,1418.550048828125,0.0003385605486661003,0.007238805027121158
1746,2012-12-11,1427.8399658203125,0.0065488820784729285,0.006719860522378576
1747,2012-12-12,1428.47998046875,0.0004482397633895907,0.006724750623620454
1748,2012-12-13,1419.449951171875,-0.0063214251654488685,0.006929329494710983
1749,2012-12-14,1413.5799560546875,-0.004135401260425775,0.006934852621140184
1750,2012-12-17,1430.3599853515625,0.011870590853387819,0.006407462151717411
1751,2012-12-18,1446.7900390625,0.011486656421599406,0.006616272638038006
1752,2012-12-19,1435.81005859375,-0.007589201039747917,0.0069778943260272435
1753,2012-12-20,1443.68994140625,0.00548810949285139,0.005857383318334218
1754,2012-12-21,1430.1500244140625,-0.009378687628036508,0.0063261663333608305
1755,2012-12-24,1426.6600341796875,-0.002440296594621194,0.006373926856455463
1756,2012-12-26,1419.8299560546875,-0.00478746019469678,0.005910633540824381
1757,2012-12-27,1418.0999755859375,-0.001218442012279497,0.005897533749306535
1758,2012-12-28,1402.4300537109375,-0.011049941573072375,0.006280213367848147
1759,2012-12-31,1426.18994140625,0.016941941334216226,0.007062383043349164
1760,2013-01-02,1462.4200439453125,0.025403420320955883,0.008813371015153084
1761,2013-01-03,1459.3699951171875,-0.0020856174946130013,0.008842670745830682
1762,2013-01-04,1466.469970703125,0.004865096315322948,0.008761460095310392
1763,2013-01-07,1461.8900146484375,-0.0031231161538831653,0.008793851692107198
1764,2013-01-08,1457.1500244140625,-0.003242371304872038,0.008858833919632953
1765,2013-01-09,1461.02001953125,0.002655865938542279,0.008853797912732091
1766,2013-01-10,1472.1199951171875,0.007597415119266371,0.008944528400571713
1767,2013-01-11,1472.050048828125,-4.7513986152325494e-05,0.008947786374174777
1768,2013-01-14,1470.6800537109375,-0.0009306715612543703,0.008897611625943833
1769,2013-01-15,1472.3399658203125,0.0011286697641588184,0.00889539305999034
1770,2013-01-16,1472.6300048828125,0.00019699191031485874,0.008732570128512139
1771,2013-01-17,1480.93994140625,0.005642922184040833,0.008669538383736488
1772,2013-01-18,1485.97998046875,0.0034032703971196288,0.008401433158173599
1773,2013-01-22,1492.56005859375,0.004428106846314561,0.00814347053844121
1774,2013-01-23,1494.81005859375,0.001507477027169024,0.007889738643188827
1775,2013-01-24,1494.8199462890625,6.614683421224399e-06,0.007856241418055148
1776,2013-01-25,1502.9599609375,0.005445481690718124,0.007496124508962691
1777,2013-01-28,1500.1800537109375,-0.0018496216125600817,0.007479428453031402
1778,2013-01-29,1507.8399658203125,0.005105995170664235,0.007328066595400172
1779,2013-01-30,1501.9599609375,-0.0038996213232838084,0.007419160077257191
1780,2013-01-31,1498.1099853515625,-0.0025633010773032927,0.0068740113912595215
1781,2013-02-01,1513.1700439453125,0.010052705569688847,0.0063466007961282146
1782,2013-02-04,1495.7099609375,-0.011538744820964397,0.004741565487236449
1783,2013-02-05,1511.2900390625,0.010416510240551347,0.0050864758717367176
1784,2013-02-06,1512.1199951171875,0.0005491705981217621,0.005037651046754446
1785,2013-02-07,1509.3900146484375,-0.0018053993582290984,0.004988828136971105
1786,2013-02-08,1517.9300537109375,0.005657940611518475,0.004949521354533493
1787,2013-02-11,1517.010009765625,-0.000606117484177382,0.004973687505215841
1788,2013-02-12,1519.4300537109375,0.001595272232703504,0.004797592312794931
1789,2013-02-13,1520.3299560546875,0.000592263093356804,0.00479001697919708
1790,2013-02-14,1521.3800048828125,0.0006906716689645265,0.004763578481528934
1791,2013-02-15,1519.7900390625,-0.0010450813177572682,0.004795229475895139
1792,2013-02-19,1530.93994140625,0.007336475471722448,0.004945359467179002
1793,2013-02-20,1511.949951171875,-0.012404137955230099,0.005711269923595914
1794,2013-02-21,1502.4200439453125,-0.006303057332801343,0.005885623452242012
1795,2013-02-22,1515.5999755859375,0.008772467921830174,0.006092351478399747
1796,2013-02-25,1487.8499755859375,-0.018309580659152336,0.007312346764889073
1797,2013-02-26,1496.93994140625,0.006109463971145868,0.007434756525730717
1798,2013-02-27,1515.989990234375,0.012725994077109837,0.007835670652534907
1799,2013-02-28,1514.6800537109375,-0.0008640799292052304,0.007824875923705663
1800,2013-03-01,1518.199951171875,0.002323855425648391,0.00776860617531295
1801,2013-03-04,1525.199951171875,0.00461072337316093,0.007759313423058602
1802,2013-03-05,1539.7900390625,0.00956601649469957,0.007943133206821256
1803,2013-03-06,1541.4599609375,0.001084512714484509,0.0076977200859138185
1804,2013-03-07,1544.260009765625,0.0018164914425815581,0.007181808777258958
1805,2013-03-08,1551.1800537109375,0.004481139122655131,0.006937350484006513
1806,2013-03-11,1556.219970703125,0.0032490857396794137,0.006949012752508655
1807,2013-03-12,1552.47998046875,-0.0024032529493148713,0.006963015751520291
1808,2013-03-13,1554.52001953125,0.00131405176760091,0.0068949140713715435
1809,2013-03-14,1563.22998046875,0.005602990523162488,0.00694836446721681
1810,2013-03-15,1560.699951171875,-0.0016184626244926115,0.006977526432206586
1811,2013-03-18,1552.0999755859375,-0.005510332450180511,0.007124354386164744
1812,2013-03-19,1548.3399658203125,-0.0024225306518709244,0.007160883657849938
1813,2013-03-20,1558.7099609375,0.006697492376419811,0.007254337442189422
1814,2013-03-21,1545.800048828125,-0.008282433828555424,0.007385738612215534
1815,2013-03-22,1556.8900146484375,0.007174256352702191,0.006926472607257197
1816,2013-03-25,1551.68994140625,-0.0033400389194234714,0.006798086788391478
1817,2013-03-26,1563.77001953125,0.0077851108025177584,0.006750813839176369
1818,2013-03-27,1562.8499755859375,-0.0005883499068413123,0.0051485499309344845
1819,2013-03-28,1569.18994140625,0.00405666949441863,0.005093591336818267
1820,2013-04-01,1562.1700439453125,-0.0044735804606589324,0.004698835497323302
1821,2013-04-02,1570.25,0.005172264111710456,0.004737914558779361
1822,2013-04-03,1553.68994140625,-0.010546128701639845,0.005399126947251875
1823,2013-04-04,1559.97998046875,0.004048451943253761,0.005382848636765645
1824,2013-04-05,1553.280029296875,-0.00429489561132812,0.005143144136744259
1825,2013-04-08,1563.0699462890625,0.006302737952936344,0.005293889254806935
1826,2013-04-09,1568.6099853515625,0.0035443321494683655,0.005324801528376563
1827,2013-04-10,1587.72998046875,0.01218913260513399,0.005814767293619826
1828,2013-04-11,1593.3699951171875,0.0035522505198095633,0.005820520574213326
1829,2013-04-12,1588.8499755859375,-0.002836767069231527,0.005833625831381093
1830,2013-04-15,1552.3599853515625,-0.022966290584432447,0.007762888633159147
1831,2013-04-16,1574.5699462890625,0.014307223290395576,0.008269183477406841
1832,2013-04-17,1552.010009765625,-0.014327681394279534,0.008838427332499706
1833,2013-04-18,1541.6099853515625,-0.006701003439812281,0.008875954288847378
1834,2013-04-19,1555.25,0.008847902373522176,0.009068976087693106
1835,2013-04-22,1562.5,0.004661629963028435,0.009010162526170066
1836,2013-04-23,1578.780029296875,0.01041921875000007,0.00905886191778376
1837,2013-04-24,1578.7900390625,6.340190171760796e-06,0.008954499371910915
1838,2013-04-25,1585.1600341796875,0.0040347322693841114,0.008935111198045676
1839,2013-04-26,1582.239990234375,-0.0018421130247733286,0.008822472995114137
1840,2013-04-29,1593.6099853515625,0.007186011722218666,0.008928874316576785
1841,2013-04-30,1597.5699462890625,0.002484899676771457,0.008908885347625446
1842,2013-05-01,1582.699951171875,-0.009307883608932754,0.009104010038832436
1843,2013-05-02,1597.5899658203125,0.009407983261396247,0.009248216435454594
1844,2013-05-03,1614.4200439453125,0.010534666895180678,0.009104829251306602
1845,2013-05-06,1617.5,0.0019077786269059427,0.009090906167157912
1846,2013-05-07,1625.9599609375,0.005230269513137653,0.009018993207953099
1847,2013-05-08,1632.68994140625,0.004139081299929126,0.008982932755678777
1848,2013-05-09,1626.6700439453125,-0.0036871039064235722,0.009056557764155726
1849,2013-05-10,1633.699951171875,0.004321655306021466,0.00877325328343515
1850,2013-05-13,1633.77001953125,4.2889368592202715e-05,0.008762919386003102
1851,2013-05-14,1650.3399658203125,0.010142153479971716,0.0089154939035416
1852,2013-05-15,1658.780029296875,0.0051141362697153525,0.0070132993030167365
1853,2013-05-16,1650.469970703125,-0.005009741163373271,0.0067396330174312085
1854,2013-05-17,1667.469970703125,0.010300096519028301,0.00585756196148094
1855,2013-05-20,1666.2900390625,-0.000707617924973758,0.005499521549434297
1856,2013-05-21,1669.1600341796875,0.001722386289245481,0.0053815658922274955
1857,2013-05-22,1655.3499755859375,-0.008273657594813577,0.005899612940422976
1858,2013-05-23,1650.510009765625,-0.002923832356719225,0.005746079507555505
1859,2013-05-24,1649.5999755859375,-0.0005513654411685165,0.00575668723029074
1860,2013-05-28,1660.06005859375,0.006340981548631053,0.005815967260903604
1861,2013-05-29,1648.3599853515625,-0.007047981897774669,0.006084423237225435
1862,2013-05-30,1654.4100341796875,0.00367034439193481,0.005983771475795882
1863,2013-05-31,1630.739990234375,-0.014307241527974024,0.006884771766955168
1864,2013-06-03,1640.4200439453125,0.005935988427895333,0.006561997916594625
1865,2013-06-04,1631.3800048828125,-0.005510807488524838,0.006492606462289419
1866,2013-06-05,1608.9000244140625,-0.013779732742503992,0.006847062012453136
1867,2013-06-06,1622.56005859375,0.008490293972530871,0.007080346725513601
1868,2013-06-07,1643.3800048828125,0.012831541229424204,0.007511581018115159
1869,2013-06-10,1642.81005859375,-0.00034681344994402785,0.007469185211225382
1870,2013-06-11,1626.1300048828125,-0.010153367167240024,0.007755601712494487
1871,2013-06-12,1612.52001953125,-0.008369555515669425,0.007890725511409312
1872,2013-06-13,1636.3599853515625,0.014784291377196501,0.00854354580474947
1873,2013-06-14,1626.72998046875,-0.005885016114436148,0.008327677912653621
1874,2013-06-17,1639.0400390625,0.007567364431436019,0.008424007199372615
1875,2013-06-18,1651.81005859375,0.007791157767295331,0.008539708592921299
1876,2013-06-19,1628.9300537109375,-0.013851474486292426,0.008712826707848051
1877,2013-06-20,1588.18994140625,-0.02501035094286319,0.01010062914954696
1878,2013-06-21,1592.4300537109375,0.002669776576555538,0.01011984030072855
1879,2013-06-24,1573.0899658203125,-0.012145015629135836,0.01026514393967673
1880,2013-06-25,1588.030029296875,0.009497272121224087,0.010564333324612958
1881,2013-06-26,1603.260009765625,0.009590486444071455,0.010834621757583382
1882,2013-06-27,1613.199951171875,0.0061998311850259835,0.010829960742112978
1883,2013-06-28,1606.280029296875,-0.004289562412875814,0.010775402302341312
1884,2013-07-01,1614.9599609375,0.005403747467634501,0.010818342969160354
1885,2013-07-02,1614.0799560546875,-0.0005449081736377259,0.010404652513059666
1886,2013-07-03,1615.4100341796875,0.0008240472350893313,0.010312746233929918
1887,2013-07-05,1631.8900146484375,0.010201732142340214,0.010502216986611471
1888,2013-07-08,1640.4599609375,0.0052515464964768555,0.010082774387389491
1889,2013-07-09,1652.3199462890625,0.007229670722828763,0.010041272179457262
1890,2013-07-10,1652.6199951171875,0.00018159245054127915,0.009679664970836981
1891,2013-07-11,1675.02001953125,0.013554249906357896,0.010080844240033084
1892,2013-07-12,1680.18994140625,0.003086483632862347,0.009778226974852061
1893,2013-07-15,1682.5,0.001374879432867404,0.009525720604763309
1894,2013-07-16,1676.260009765625,-0.003708760911961373,0.009150232719505822
1895,2013-07-17,1680.9100341796875,0.0027740472164057284,0.009019145963133853
1896,2013-07-18,1689.3699951171875,0.0050329647425946256,0.008954304880979503
1897,2013-07-19,1692.0899658203125,0.0016100503211176065,0.008840943145410852
1898,2013-07-22,1695.530029296875,0.0020330263437824403,0.008183040780740218
1899,2013-07-23,1692.3900146484375,-0.0018519369130487462,0.00566445656083085
1900,2013-07-24,1685.93994140625,-0.0038112215188927934,0.005843143789553729
1901,2013-07-25,1690.25,0.0025564722015867236,0.004827292626443995
1902,2013-07-26,1691.6500244140625,0.0008282942843145236,0.004646178176454018
1903,2013-07-29,1685.3299560546875,-0.003736037754951127,0.004599157126215578
1904,2013-07-30,1685.9599609375,0.00037381693747806644,0.004530027259991185
1905,2013-07-31,1685.72998046875,-0.00013640921141577778,0.004337128873094449
1906,2013-08-01,1706.8699951171875,0.01254056989753427,0.004826958011642452
1907,2013-08-02,1709.6700439453125,0.0016404581697111453,0.00478294743561576
1908,2013-08-05,1707.1400146484375,-0.0014798348405500317,0.004849124260859164
1909,2013-08-06,1697.3699951171875,-0.005723033522392118,0.004837150319048802
1910,2013-08-07,1690.9100341796875,-0.0038058649299111957,0.004914309979498498
1911,2013-08-08,1697.47998046875,0.003885449938943575,0.004774792101007936
1912,2013-08-09,1691.4200439453125,-0.003569960525698801,0.004880117458593634
1913,2013-08-12,1689.469970703125,-0.0011529207361400395,0.0040194931893206155
1914,2013-08-13,1694.1600341796875,0.002776056134700333,0.004010140657074806
1915,2013-08-14,1685.3900146484375,-0.005176618120080079,0.004173012328767734
1916,2013-08-15,1661.3199462890625,-0.014281601380197961,0.00512996632840551
1917,2013-08-16,1655.8299560546875,-0.0033045953891290836,0.0051148695568041525
1918,2013-08-19,1646.06005859375,-0.005900302398330837,0.005065220773866533
1919,2013-08-20,1652.3499755859375,0.0038211953199089876,0.005144280141095275
1920,2013-08-21,1642.800048828125,-0.005779602928505545,0.005189546813298954
1921,2013-08-22,1656.9599609375,0.008619376484360286,0.005611311489179361
1922,2013-08-23,1663.5,0.003947010921615535,0.005666200273973047
1923,2013-08-26,1656.780029296875,-0.00403965777164117,0.005666096698803213
1924,2013-08-27,1630.47998046875,-0.015874194741040237,0.006484332634883442
1925,2013-08-28,1634.9599609375,0.002747645185721348,0.006532294462105745
1926,2013-08-29,1638.1700439453125,0.0019634016027962886,0.006561088483417787
1927,2013-08-30,1632.969970703125,-0.0031743183568806455,0.006567715345323076
1928,2013-09-03,1639.77001953125,0.004164221602432239,0.005931623978182264
1929,2013-09-04,1653.0799560546875,0.008116953209842404,0.006262235866126464
1930,2013-09-05,1655.0799560546875,0.0012098628337211537,0.006289052299527344
1931,2013-09-06,1655.1700439453125,5.443114110303959e-05,0.0062196472522674014
1932,2013-09-09,1671.7099609375,0.009992880823750605,0.00661936105690399
1933,2013-09-10,1683.989990234375,0.007345789391592916,0.006767923859846366
1934,2013-09-11,1689.1300048828125,0.0030522833735622257,0.006764723738172305
1935,2013-09-12,1683.4200439453125,-0.0033804153149811222,0.006798763747713142
1936,2013-09-13,1687.989990234375,0.002714679741101511,0.006797522264117826
1937,2013-09-16,1697.5999755859375,0.0056931530442476674,0.00680930982747913
1938,2013-09-17,1704.760009765625,0.004217739327674108,0.006011920149920632
1939,2013-09-18,1725.52001953125,0.012177672896303449,0.006356849281351334
1940,2013-09-19,1722.3399658203125,-0.0018429538196846895,0.0061762122130447515
1941,2013-09-20,1709.9100341796875,-0.007216886263627376,0.00646936678420863
1942,2013-09-23,1701.8399658203125,-0.004719586526811925,0.0064156865306210075
1943,2013-09-24,1697.4200439453125,-0.0025971430708935372,0.0062776539088043965
1944,2013-09-25,1692.77001953125,-0.00273946595048713,0.0062959012570144605
1945,2013-09-26,1698.6700439453125,0.0034854258676535466,0.006223760413948197
1946,2013-09-27,1691.75,-0.004073801130465626,0.005091901299731848
1947,2013-09-30,1681.550048828125,-0.0060292307798877065,0.005342784420093231
1948,2013-10-01,1695.0,0.007998543475556064,0.005530558895766412
1949,2013-10-02,1693.8699951171875,-0.0006666695473820372,0.005453516001595987
1950,2013-10-03,1678.6600341796875,-0.008979414583967338,0.005872266622206974
1951,2013-10-04,1690.5,0.0070532243451535415,0.005815694259411611
1952,2013-10-07,1676.1199951171875,-0.008506361953748875,0.006160421317726172
1953,2013-10-08,1655.449951171875,-0.012332078852067663,0.006749767863139815
1954,2013-10-09,1656.4000244140625,0.0005739063518743759,0.006376071836346922
1955,2013-10-10,1692.56005859375,0.02183049604365883,0.00780220895119905
1956,2013-10-11,1703.199951171875,0.006286271807078414,0.007887330073417033
1957,2013-10-14,1710.1400146484375,0.004074720335558668,0.007877017503374566
1958,2013-10-15,1698.06005859375,-0.007063723409320266,0.008034913900538353
1959,2013-10-16,1721.5400390625,0.013827532394934838,0.00847022637664454
1960,2013-10-17,1733.1500244140625,0.0067439531397044394,0.008537457024228886
1961,2013-10-18,1744.5,0.006548755402622897,0.008259616825518
1962,2013-10-21,1744.6600341796875,9.173641713244862e-05,0.008243434584996157
1963,2013-10-22,1754.6700439453125,0.005737513079636436,0.008118882358156894
1964,2013-10-23,1746.3800048828125,-0.004724557241463034,0.008119055198777977
1965,2013-10-24,1752.0699462890625,0.003258134764679621,0.008084332657152317
1966,2013-10-25,1759.77001953125,0.004394843515520774,0.008050350643766826
1967,2013-10-28,1762.1099853515625,0.001329699787098182,0.008041933170908478
1968,2013-10-29,1771.949951171875,0.00558419502875096,0.007975140175961458
1969,2013-10-30,1763.31005859375,-0.004875923596155185,0.00792251630292779
1970,2013-10-31,1756.5400390625,-0.0038393812241105385,0.00791123715435086
1971,2013-11-01,1761.6400146484375,0.002903421198789946,0.007898012682220755
1972,2013-11-04,1767.9300537109375,0.003570558689741876,0.007525730438309551
1973,2013-11-05,1762.969970703125,-0.0028055878101066467,0.00752803686657386
1974,2013-11-06,1770.489990234375,0.004265540341705787,0.007168212306683493
1975,2013-11-07,1747.1500244140625,-0.013182771972194418,0.007253911555381261
1976,2013-11-08,1770.6099853515625,0.013427559516743681,0.0076024612390328625
1977,2013-11-11,1771.8900146484375,0.000722931253898329,0.0063498993400485015
1978,2013-11-12,1767.68994140625,-0.0023703916199453445,0.006346571153459696
1979,2013-11-13,1782.0,0.008095344244797742,0.00647450919149777
1980,2013-11-14,1790.6199951171875,0.00483725876385388,0.0061810759563238355
1981,2013-11-15,1798.1800537109375,0.004222034052096646,0.005654764641384484
1982,2013-11-18,1791.530029296875,-0.00369819718572606,0.005675552665476999
1983,2013-11-19,1787.8699951171875,-0.0020429655768170463,0.005608420657124935
1984,2013-11-20,1781.3699951171875,-0.0036356111002209257,0.005696939324567037
1985,2013-11-21,1795.8499755859375,0.00812856425584818,0.005813979961304699
1986,2013-11-22,1804.760009765625,0.004961457973002625,0.005720181197075673
1987,2013-11-25,1802.47998046875,-0.0012633420978621634,0.005735639399357332
1988,2013-11-26,1802.75,0.00014980445507073448,0.005698054830883528
1989,2013-11-27,1807.22998046875,0.0024850813860768373,0.005705467579296417
1990,2013-11-29,1805.81005859375,-0.0007856896412440362,0.005631698893125611
1991,2013-12-02,1800.9000244140625,-0.002719020284730922,0.005544904197249125
1992,2013-12-03,1795.1500244140625,-0.0031928479771501372,0.005519835570075171
1993,2013-12-04,1792.81005859375,-0.0013034931835718133,0.00552374465803981
1994,2013-12-05,1785.030029296875,-0.004339572538419101,0.005592654214974564
1995,2013-12-06,1805.0899658203125,0.011237870620775636,0.005990375672992283
1996,2013-12-09,1808.3699951171875,0.0018171001772671058,0.005951202717658041
1997,2013-12-10,1802.6199951171875,-0.003179659038540561,0.005145185212086417
1998,2013-12-11,1782.219970703125,-0.01131687458772268,0.005103003955682014
1999,2013-12-12,1775.5,-0.0037705618911193506,0.005175087491574845
2000,2013-12-13,1775.3199462890625,-0.00010141014414954963,0.00514592706748311
2001,2013-12-16,1786.5400390625,0.006320039831068547,0.005028949249221864
2002,2013-12-17,1781.0,-0.003100987910356179,0.004959250516346412
2003,2013-12-18,1810.6500244140625,0.01664796429762072,0.0060732878467495395
2004,2013-12-19,1809.5999755859375,-0.0005799292044108562,0.006010824659029487
2005,2013-12-20,1818.3199462890625,0.0048187283492318045,0.00605191520619637
2006,2013-12-23,1827.989990234375,0.00531812014989308,0.006041508608902287
2007,2013-12-24,1833.3199462890625,0.0029157468493599126,0.005855888584932977
2008,2013-12-26,1842.02001953125,0.004745529147706984,0.005849031288369479
2009,2013-12-27,1841.4000244140625,-0.00033658435338035364,0.00583568696576316
2010,2013-12-30,1841.0699462890625,-0.00017925389411521664,0.005838357885998871
2011,2013-12-31,1848.3599853515625,0.003959675229718407,0.005864950958858823
2012,2014-01-02,1831.97998046875,-0.008861912729460575,0.006226276254867745
2013,2014-01-03,1831.3699951171875,-0.00033296507498215,0.006185027259781291
2014,2014-01-06,1826.77001953125,-0.0025117674736410134,0.006165863793056738
2015,2014-01-07,1837.8800048828125,0.006081764662643874,0.0062457227924185565
2016,2014-01-08,1837.489990234375,-0.0002122089839386998,0.00613403604646673
2017,2014-01-09,1838.1300048828125,0.0003483091890779111,0.005722467410122264
2018,2014-01-10,1842.3699951171875,0.002306686808393188,0.005727396376023435
2019,2014-01-13,1819.199951171875,-0.012576216507389826,0.006358773578782479
2020,2014-01-14,1838.8800048828125,0.010817971767347556,0.00615869160429719
2021,2014-01-15,1848.3800048828125,0.005166188100786506,0.0060929059183309755
2022,2014-01-16,1845.8900146484375,-0.0013471203041567348,0.006117622189899951
2023,2014-01-17,1838.699951171875,-0.0038951743709020326,0.006145125285210114
2024,2014-01-21,1843.800048828125,0.0027737519941737343,0.006070741260578668
2025,2014-01-22,1844.8599853515625,0.0005748652214816463,0.005054958589544085
2026,2014-01-23,1828.4599609375,-0.00888957673985069,0.005462002912364301
2027,2014-01-24,1790.2900390625,-0.02087544856898549,0.007017040100347772
2028,2014-01-27,1781.56005859375,-0.004876293940238585,0.0069380847708526965
2029,2014-01-28,1792.5,0.00614065260021901,0.007060958660157119
2030,2014-01-29,1774.199951171875,-0.010209232261157553,0.007200070878554391
2031,2014-01-30,1794.18994140625,0.011267044743841437,0.00771002717958519
2032,2014-01-31,1782.5899658203125,-0.0064652996420466735,0.007788366058754077
2033,2014-02-03,1741.8900146484375,-0.02283191982018462,0.008917125412719357
2034,2014-02-04,1755.199951171875,0.007641088938743268,0.009063056008459011
2035,2014-02-05,1751.6400146484375,-0.0020282227794392593,0.009056259904951493
2036,2014-02-06,1773.4300537109375,0.012439792925644788,0.00956151418070685
2037,2014-02-07,1797.02001953125,0.013301886798946505,0.009943317007792817
2038,2014-02-10,1799.8399658203125,0.0015692347655638095,0.009957060567361535
2039,2014-02-11,1819.75,0.011062113608869106,0.010277510184932937
2040,2014-02-12,1819.260009765625,-0.00026926239009483766,0.01025979126665494
2041,2014-02-13,1829.8299560546875,0.005810025082904069,0.009976152648514692
2042,2014-02-14,1838.6300048828125,0.004809216724759979,0.009754636419117139
2043,2014-02-18,1840.760009765625,0.0011584739056558213,0.009691553526838783
2044,2014-02-19,1828.75,-0.006524484290135191,0.00978460533380137
2045,2014-02-20,1839.780029296875,0.006031458262132583,0.009843394843516567
2046,2014-02-21,1836.25,-0.0019187235651341172,0.009832924611464554
2047,2014-02-24,1847.6099853515625,0.00618651346579302,0.009924712340881431
2048,2014-02-25,1845.1199951171875,-0.0013476817370097205,0.009727159935406628
2049,2014-02-26,1845.1600341796875,2.1699977565736717e-05,0.00848585608150583
2050,2014-02-27,1854.2900390625,0.004948082937896281,0.008397461442436225
2051,2014-02-28,1859.449951171875,0.0027826887923012578,0.008346200800041946
2052,2014-03-03,1845.72998046875,-0.007378510346287226,0.008173874925752713
2053,2014-03-04,1873.9100341796875,0.01526770113133269,0.008434174944643259
2054,2014-03-05,1873.81005859375,-5.335132643191631e-05,0.008235731227150723
2055,2014-03-06,1877.030029296875,0.0017184082710823834,0.006037689228591448
2056,2014-03-07,1878.0400390625,0.0005380892952486782,0.005990923215804092
2057,2014-03-10,1877.1700439453125,-0.0004632463094992323,0.005936215564847576
2058,2014-03-11,1867.6300048828125,-0.005082138985368356,0.005806997766542127
2059,2014-03-12,1868.199951171875,0.00030517087837123036,0.005279152299148194
2060,2014-03-13,1846.3399658203125,-0.011701095130556172,0.00601174706935638
2061,2014-03-14,1841.1300048828125,-0.0028217776974703845,0.005642040346454353
2062,2014-03-17,1858.8299560546875,0.009613634629240364,0.005958579272995197
2063,2014-03-18,1872.25,0.0072196189337276895,0.006020076739811919
2064,2014-03-19,1860.77001953125,-0.006131649335692324,0.006146155496228223
2065,2014-03-20,1872.010009765625,0.006040504799839086,0.006255863795034501
2066,2014-03-21,1866.52001953125,-0.0029326714097337447,0.006100994479485607
2067,2014-03-24,1857.43994140625,-0.004864709743258144,0.006110884301402054
2068,2014-03-25,1865.6199951171875,0.004403939814465518,0.0061426687999243355
2069,2014-03-26,1852.56005859375,-0.007000319763734719,0.006228623982573365
2070,2014-03-27,1849.0400390625,-0.0019000838946738874,0.00623601630287344
2071,2014-03-28,1857.6199951171875,0.0046402218845611465,0.006310026944754902
2072,2014-03-31,1872.3399658203125,0.007924102207026662,0.006444327614187989
2073,2014-04-01,1885.52001953125,0.0070393485966973035,0.006579854252146692
2074,2014-04-02,1890.9000244140625,0.002853326841976367,0.0063424030920369535
2075,2014-04-03,1888.77001953125,-0.0011264502910314222,0.00550921205557123
2076,2014-04-04,1865.0899658203125,-0.012537288005457836,0.006159793232316507
2077,2014-04-07,1845.0400390625,-0.010750112394172895,0.006537492934126131
2078,2014-04-08,1851.9599609375,0.0037505537703756975,0.0066034263487693284
2079,2014-04-09,1872.1800537109375,0.010918212704340347,0.0070467984491832045
2080,2014-04-10,1833.0799560546875,-0.020884795550912827,0.008277123801413563
2081,2014-04-11,1815.68994140625,-0.009486773662544357,0.00847489844414601
2082,2014-04-14,1830.6099853515625,0.008217286225508769,0.00836972027178531
2083,2014-04-15,1842.97998046875,0.006757307791485534,0.008483683946526365
2084,2014-04-16,1862.31005859375,0.010488490558689278,0.008532409365950648
2085,2014-04-17,1864.8499755859375,0.001363852909705754,0.008390542049394625
2086,2014-04-21,1871.8900146484375,0.003775123551313042,0.008319559187762561
2087,2014-04-22,1879.550048828125,0.004092139025126507,0.008265782923945315
2088,2014-04-23,1875.3900146484375,-0.002213313863220212,0.008254150949262969
2089,2014-04-24,1878.6099853515625,0.0017169605671216726,0.0081789444075697
2090,2014-04-25,1863.4000244140625,-0.008096390978489132,0.008331055273917448
2091,2014-04-28,1869.4300537109375,0.0032360358580392212,0.008207625591494098
2092,2014-04-29,1878.3299560546875,0.004760757069291355,0.008239812058795681
2093,2014-04-30,1883.949951171875,0.002992016977140688,0.008210169913632073
2094,2014-05-01,1883.6800537109375,-0.0001432614814260713,0.00804943876326643
2095,2014-05-02,1881.1400146484375,-0.0013484450597095465,0.007912789997896321
2096,2014-05-05,1884.6600341796875,0.001871216126306141,0.007898235651117606
2097,2014-05-06,1867.719970703125,-0.008988392160571124,0.00812065451387764
2098,2014-05-07,1878.2099609375,0.005616468420812426,0.00775079087940748
2099,2014-05-08,1875.6300048828125,-0.0013736249452109828,0.007359409178524201
2100,2014-05-09,1878.47998046875,0.001519476431128819,0.0073317549454444365
2101,2014-05-12,1896.6500244140625,0.009672737603931392,0.007253261512465757
2102,2014-05-13,1897.449951171875,0.0004217577030636299,0.005442068139353973
2103,2014-05-14,1888.530029296875,-0.004701005088166399,0.00506074959601765
2104,2014-05-15,1870.8499755859375,-0.00936180703333589,0.005377431494814358
2105,2014-05-16,1877.8599853515625,0.00374696520677964,0.005261067099582593
2106,2014-05-19,1885.0799560546875,0.0038447864907102947,0.00485762699404798
2107,2014-05-20,1872.8299560546875,-0.00649839809746755,0.005080084594783067
2108,2014-05-21,1888.030029296875,0.008116098951240547,0.005304638827688419
2109,2014-05-22,1892.489990234375,0.0023622298736216685,0.005259995028993748
2110,2014-05-23,1900.530029296875,0.004248391856225497,0.005291812590500492
2111,2014-05-27,1911.9100341796875,0.005987805879090757,0.005411010306267207
2112,2014-05-28,1909.780029296875,-0.0011140717108722997,0.005056727597235234
2113,2014-05-29,1920.030029296875,0.0053671102654548886,0.00511901292617364
2114,2014-05-30,1923.5699462890625,0.0018436779311643559,0.0050605735629724174
2115,2014-06-02,1924.969970703125,0.0007278261010281728,0.0050431420520247695
2116,2014-06-03,1924.239990234375,-0.00037921654875650024,0.005045920860386118
2117,2014-06-04,1927.8800048828125,0.001891663548679423,0.005021921390025369
2118,2014-06-05,1940.4599609375,0.006525279593556643,0.005151074185258807
2119,2014-06-06,1949.43994140625,0.004627758701298612,0.004644077325482381
2120,2014-06-09,1951.27001953125,0.0009387712266117898,0.00457520832941129
2121,2014-06-10,1950.7900390625,-0.00024598362294592224,0.004544809019741486
2122,2014-06-11,1943.8900146484375,-0.0035370410325543666,0.004685222240493575
2123,2014-06-12,1930.1099853515625,-0.00708889350376507,0.0046672398534573795
2124,2014-06-13,1936.1600341796875,0.003134561695468774,0.004692383766569322
2125,2014-06-16,1937.780029296875,0.0008367051734305964,0.004521410255684292
2126,2014-06-17,1941.989990234375,0.0021725690603942027,0.0038612815213447138
2127,2014-06-18,1956.97998046875,0.007718881307192449,0.004049573472751856
2128,2014-06-19,1959.47998046875,0.0012774785766593855,0.0040273536763182445
2129,2014-06-20,1962.8699951171875,0.0017300583227324307,0.0035802949382930686
2130,2014-06-23,1962.6099853515625,-0.00013246407875799893,0.003349432424378282
2131,2014-06-24,1949.97998046875,-0.006435310620591883,0.0037734251949564646
2132,2014-06-25,1959.530029296875,0.0048975112174378665,0.0037994683679612347
2133,2014-06-26,1957.219970703125,-0.00117888399729138,0.003692896544736147
2134,2014-06-27,1960.9599609375,0.001910868625069062,0.003663836825885224
2135,2014-06-30,1960.22998046875,-0.0003722566922789161,0.0035564393717725674
2136,2014-07-01,1973.3199462890625,0.006677770440579822,0.0037580135734924824
2137,2014-07-02,1974.6199951171875,0.0006588129971369927,0.0037584273472441253
2138,2014-07-03,1985.43994140625,0.005479508115899812,0.0038502454264039594
2139,2014-07-07,1977.6500244140625,-0.003923521850109468,0.004013291061723592
2140,2014-07-08,1963.7099609375,-0.00704880201475111,0.004189825235514331
2141,2014-07-09,1972.8299560546875,0.004644267890169251,0.004190591784458501
2142,2014-07-10,1964.6800537109375,-0.004131071874054704,0.004306041937822259
2143,2014-07-11,1967.5699462890625,0.0014709227452411877,0.0043108472996099155
2144,2014-07-14,1977.0999755859375,0.004843552990250188,0.004316817036058715
2145,2014-07-15,1973.280029296875,-0.0019320956634630848,0.003997431527584678
2146,2014-07-16,1981.5699462890625,0.004201084929208676,0.004030706702263245
2147,2014-07-17,1958.1199951171875,-0.01183402645755216,0.004880180924946986
2148,2014-07-18,1978.219970703125,0.010264935568841116,0.0053002416602576
2149,2014-07-21,1973.6300048828125,-0.0023202504717819705,0.0051098003668548055
2150,2014-07-22,1983.530029296875,0.005016150134305564,0.005201796503520123
2151,2014-07-23,1987.010009765625,0.0017544380056517817,0.005202058535774618
2152,2014-07-24,1987.97998046875,0.00048815592189166424,0.0051997574873289855
2153,2014-07-25,1978.3399658203125,-0.004849150767687549,0.005107791274426452
2154,2014-07-28,1978.9100341796875,0.0002881549022029084,0.00501986118773389
2155,2014-07-29,1969.949951171875,-0.004527786939807377,0.005121653144757246
2156,2014-07-30,1970.0699462890625,6.091277451791832e-05,0.005109242350014765
2157,2014-07-31,1930.6700439453125,-0.019999240340662028,0.006687845613709775
2158,2014-08-01,1925.1500244140625,-0.002859121137017251,0.006495276240799589
2159,2014-08-04,1938.989990234375,0.007189032358413172,0.006724756403247631
2160,2014-08-05,1920.2099609375,-0.009685469956760784,0.00682629479489637
2161,2014-08-06,1920.239990234375,1.563854864095049e-05,0.0068112054827294604
2162,2014-08-07,1909.5699462890625,-0.0055566200056119674,0.006758624999994793
2163,2014-08-08,1931.5899658203125,0.011531402436471216,0.007190266306378893
2164,2014-08-11,1936.9200439453125,0.0027594252503462258,0.007194490525662033
2165,2014-08-12,1933.75,-0.00163664161317445,0.007181941422487114
2166,2014-08-13,1946.719970703125,0.006707160027472625,0.007261766088820876
2167,2014-08-14,1955.1800537109375,0.004345814053963171,0.0073331510392344755
2168,2014-08-15,1955.06005859375,-6.137292417629503e-05,0.007261954687369597
2169,2014-08-18,1971.739990234375,0.008531672245722488,0.007055046229665589
2170,2014-08-19,1981.5999755859375,0.005000651911710952,0.006786520228211741
2171,2014-08-20,1986.510009765625,0.002477812999687634,0.006782143995225996
2172,2014-08-21,1992.3699951171875,0.0029498896671826813,0.006728072844406417
2173,2014-08-22,1988.4000244140625,-0.0019925870761225983,0.006734905417548628
2174,2014-08-25,1997.9200439453125,0.004787778824361766,0.006810083026810065
2175,2014-08-26,2000.02001953125,0.0010510808940034089,0.0067152704049317
2176,2014-08-27,2000.1199951171875,4.9987292607633904e-05,0.006715849125250222
2177,2014-08-28,1996.739990234375,-0.0016899010514689339,0.00664139329454001
2178,2014-08-29,2003.3699951171875,0.00332041473363498,0.0066642864409256495
2179,2014-09-02,2002.280029296875,-0.0005440661600049079,0.004807250217641816
2180,2014-09-03,2000.719970703125,-0.0007791410646480479,0.004733872523620539
2181,2014-09-04,1997.6500244140625,-0.0015344207755288997,0.0046216958598766554
2182,2014-09-05,2007.7099609375,0.005035885365550108,0.003964415747015014
2183,2014-09-08,2001.5400390625,-0.003073114142502442,0.004091976780403803
2184,2014-09-09,1988.43994140625,-0.006545009043329442,0.004182114192450435
2185,2014-09-10,1995.68994140625,0.0036460744169486414,0.003611861962266493
2186,2014-09-11,1997.449951171875,0.0008819054148185845,0.0036026396857900605
2187,2014-09-12,1985.5400390625,-0.005962558462297207,0.003883700986190117
2188,2014-09-15,1984.1300048828125,-0.0007101514711097545,0.003701366835672394
2189,2014-09-16,1998.97998046875,0.007484376300642026,0.0038969467509373653
2190,2014-09-17,2001.5699462890625,0.0012956437010964716,0.003889834998875122
2191,2014-09-18,2011.3599853515625,0.0048911800862372345,0.0036260739596022723
2192,2014-09-19,2010.4000244140625,-0.00047726958102545236,0.0035183504187772997
2193,2014-09-22,1994.2900390625,-0.00801332329681892,0.003945555388079046
2194,2014-09-23,1982.77001953125,-0.0057765015647701645,0.004090355685163277
2195,2014-09-24,1998.300048828125,0.00783249148610099,0.00441047208557272
2196,2014-09-25,1965.989990234375,-0.016168772358634453,0.0055071101182433
2197,2014-09-26,1982.8499755859375,0.008575824615237426,0.005845461877222726
2198,2014-09-29,1977.800048828125,-0.002546802239196233,0.0058626543891827755
2199,2014-09-30,1972.2900390625,-0.002785928622506484,0.005877942111713778
2200,2014-10-01,1946.1600341796875,-0.013248560995234304,0.0063978045351040826
2201,2014-10-02,1946.1700439453125,5.143341477165109e-06,0.006401950336878414
2202,2014-10-03,1967.9000244140625,0.0111655096821337,0.006930388367877918
2203,2014-10-06,1964.8199462890625,-0.0015651598591330806,0.006930561669483025
2204,2014-10-07,1935.0999755859375,-0.015126053030587783,0.00744571295432768
2205,2014-10-08,1968.8900146484375,0.017461650296527242,0.008474406577099225
2206,2014-10-09,1928.2099609375,-0.02066141501469354,0.009418815015103579
2207,2014-10-10,1906.1300048828125,-0.011451012338901223,0.009585614848656533
2208,2014-10-13,1874.739990234375,-0.016467929557809624,0.010036784933176017
2209,2014-10-14,1877.699951171875,0.0015788647774723774,0.010053454742326887
2210,2014-10-15,1862.489990234375,-0.008100314924121665,0.010114545237720554
2211,2014-10-16,1862.760009765625,0.0001449777086941495,0.009876639168805617
2212,2014-10-17,1886.760009765625,0.012884107385910504,0.010419482213589093
2213,2014-10-20,1904.010009765625,0.00914265720638352,0.010603412249562036
2214,2014-10-21,1941.280029296875,0.019574487182363987,0.011595234775625688
2215,2014-10-22,1927.1099853515625,-0.0072993302004167315,0.011577194293235808
2216,2014-10-23,1950.8199462890625,0.012303377138681793,0.011895918556406808
2217,2014-10-24,1964.5799560546875,0.007053449392805167,0.01187053435532857
2218,2014-10-27,1961.6300048828125,-0.0015015683952100956,0.011361709678562643
2219,2014-10-28,1985.050048828125,0.011939073060167393,0.011504872881730256
2220,2014-10-29,1982.300048828125,-0.0013853554985293615,0.011494743952932908
2221,2014-10-30,1994.6500244140625,0.0062301242403934864,0.011545086690090006
2222,2014-10-31,2018.050048828125,0.011731393541549506,0.0113473714285094
2223,2014-11-03,2017.81005859375,-0.00011892184463624389,0.01134829069983787
2224,2014-11-04,2012.0999755859375,-0.0028298416808328897,0.011183846506212302
2225,2014-11-05,2023.5699462890625,0.005700497411807115,0.011209576241494469
2226,2014-11-06,2031.2099609375,0.0037755130048497954,0.010589830480960242
2227,2014-11-07,2031.9200439453125,0.00034958621780534216,0.010033894813102386
2228,2014-11-10,2038.260009765625,0.003120184693883088,0.008731252922780498
2229,2014-11-11,2039.6800537109375,0.0006966942090356198,0.00816883315103545
2230,2014-11-12,2038.25,-0.0007011166816754955,0.006973112850462243
2231,2014-11-13,2039.3299560546875,0.0005298447465655887,0.006992807446411597
2232,2014-11-14,2039.8199462890625,0.00024027020881067784,0.0065285159286033205
2233,2014-11-17,2041.3199462890625,0.0007353590216279127,0.0065124080020303714
2234,2014-11-18,2051.800048828125,0.005133983312177293,0.006222873756511516
2235,2014-11-19,2048.719970703125,-0.0015011590075549863,0.006204490801507975
2236,2014-11-20,2052.75,0.0019670962134916703,0.005038513389469255
2237,2014-11-21,2063.5,0.0052368773596394025,0.004557080713790476
2238,2014-11-24,2069.409912109375,0.0028640233144536786,0.004069888318898916
2239,2014-11-25,2067.030029296875,-0.0011500296768531815,0.0040270225946110174
2240,2014-11-26,2072.830078125,0.0028059818899186517,0.003936004098554881
2241,2014-11-28,2067.56005859375,-0.002542427180532325,0.0034683564465959335
2242,2014-12-01,2053.43994140625,-0.006829362527492333,0.003880533940352719
2243,2014-12-02,2066.550048828125,0.006384461097458161,0.003889411267829375
2244,2014-12-03,2074.330078125,0.0037647427417917267,0.003215460524122691
2245,2014-12-04,2071.919921875,-0.0011618962070774064,0.003244257234805001
2246,2014-12-05,2075.3701171875,0.0016652165347093018,0.003116853761986902
2247,2014-12-08,2060.31005859375,-0.007256565211683386,0.0034720375479446825
2248,2014-12-09,2059.820068359375,-0.00023782354133117245,0.0034145318704244605
2249,2014-12-10,2026.1400146484375,-0.01635096881921505,0.004980065678027383
2250,2014-12-11,2035.3299560546875,0.0045356892119050585,0.005032753849313684
2251,2014-12-12,2002.3299560546875,-0.016213587335965784,0.006092530365444057
2252,2014-12-15,1989.6300048828125,-0.006342586611898127,0.006204892112583628
2253,2014-12-16,1972.739990234375,-0.008489022887163578,0.0063887908082201446
2254,2014-12-17,2012.8900146484375,0.020352415732846962,0.0079065693951656
2255,2014-12-18,2061.22998046875,0.02401520473971619,0.00948952907499849
2256,2014-12-19,2070.64990234375,0.004570048934014581,0.009477124124103516
2257,2014-12-22,2078.5400390625,0.003810463907886641,0.009492470232015833
2258,2014-12-23,2082.169921875,0.0017463617463617798,0.009491183622039757
2259,2014-12-24,2081.8798828125,-0.00013929653841071588,0.009437595518406538
2260,2014-12-26,2088.77001953125,0.003309574570383944,0.009443508819911758
2261,2014-12-29,2090.570068359375,0.0008617745425745227,0.009436855657998587
2262,2014-12-30,2080.35009765625,-0.0048886047197381766,0.009491970780258626
2263,2014-12-31,2058.89990234375,-0.010310858415930158,0.009740385994702585
2264,2015-01-02,2058.199951171875,-0.0003399636723855348,0.009625930365374208
2265,2015-01-05,2020.5799560546875,-0.018278105145113743,0.01027913814582133
2266,2015-01-06,2002.6099853515625,-0.008893471722946522,0.010355378713780528
2267,2015-01-07,2025.9000244140625,0.01162984267174294,0.010730368067679777
2268,2015-01-08,2062.139892578125,0.017888280629516196,0.011452890837968513
2269,2015-01-09,2044.81005859375,-0.008403811034715436,0.011488971250833176
2270,2015-01-12,2028.260009765625,-0.008093685160912578,0.011609040663711939
2271,2015-01-13,2023.030029296875,-0.0025785552362955766,0.011080652940527482
2272,2015-01-14,2011.27001953125,-0.005813067327385291,0.011098074743042308
2273,2015-01-15,1992.6700439453125,-0.009247875921837956,0.010720835599591859
2274,2015-01-16,2019.4200439453125,0.013424199395820402,0.011003062356162378
2275,2015-01-20,2022.550048828125,0.0015499523698385698,0.010808837690928467
2276,2015-01-21,2032.1199951171875,0.004731623968765364,0.009970649751954669
2277,2015-01-22,2063.14990234375,0.015269721916580492,0.009126196079048424
2278,2015-01-23,2051.820068359375,-0.005491522439307173,0.009142670818231766
2279,2015-01-26,2057.090087890625,0.002568460857030219,0.009119398391545125
2280,2015-01-27,2029.550048828125,-0.013387862410411011,0.009509736361751316
2281,2015-01-28,2002.1600341796875,-0.013495609366348305,0.009863907847035856
2282,2015-01-29,2021.25,0.009534685287099887,0.01010168478160588
2283,2015-01-30,1994.989990234375,-0.012991965252009852,0.010379109524760094
2284,2015-02-02,2020.8499755859375,0.01296246371066978,0.010836263968738118
2285,2015-02-03,2050.030029296875,0.014439495293299576,0.011132822660169002
2286,2015-02-04,2041.510009765625,-0.0041560462088314765,0.01116581345972875
2287,2015-02-05,2062.52001953125,0.010291406686777416,0.010624887271319395
2288,2015-02-06,2055.469970703125,-0.0034181723141418763,0.010445004923377809
2289,2015-02-09,2046.739990234375,-0.004247194360987749,0.010239198149978061
2290,2015-02-10,2068.590087890625,0.010675561019232394,0.009760731348864238
2291,2015-02-11,2068.530029296875,-2.903358867545336e-05,0.009571186311483454
2292,2015-02-12,2088.47998046875,0.009644506431775834,0.009553893193949134
2293,2015-02-13,2096.989990234375,0.004074738491730789,0.009528076881611069
2294,2015-02-17,2100.340087890625,0.0015975744623728527,0.009380531772757014
2295,2015-02-18,2099.679931640625,-0.0003143092177338991,0.009057626712545978
2296,2015-02-19,2097.449951171875,-0.0010620573331896477,0.008740536641336642
2297,2015-02-20,2110.300048828125,0.006126533626735764,0.008789593552421954
2298,2015-02-23,2109.659912109375,-0.0003033391953459752,0.008779785934343944
2299,2015-02-24,2115.47998046875,0.002758770892866691,0.008250992432393045
2300,2015-02-25,2113.860107421875,-0.0007657236475081541,0.008129887443248072
2301,2015-02-26,2110.739990234375,-0.001476028227480719,0.008147596548263792
2302,2015-02-27,2104.5,-0.0029563045487578377,0.0075388436495164085
2303,2015-03-02,2117.389892578125,0.006124919257840311,0.00678093317551328
2304,2015-03-03,2107.780029296875,-0.0045385421527393,0.006756254177468619
2305,2015-03-04,2098.530029296875,-0.00438850348301556,0.006065115259513521
2306,2015-03-05,2101.0400390625,0.0011960799848387271,0.005581461371927224
2307,2015-03-06,2071.260009765625,-0.014173946589881803,0.005820959535314149
2308,2015-03-09,2079.429931640625,0.0039444211911976446,0.0057694075992389795
2309,2015-03-10,2044.1600341796875,-0.01696133008584244,0.006522864757121236
2310,2015-03-11,2040.239990234375,-0.0019176795748703235,0.006497444941865678
2311,2015-03-12,2065.949951171875,0.012601439566208406,0.006986772021264786
2312,2015-03-13,2053.39990234375,-0.006074710968194674,0.00672701309360006
2313,2015-03-16,2081.18994140625,0.013533671171787054,0.007347183760181787
2314,2015-03-17,2074.280029296875,-0.003320173700583018,0.007077232886717429
2315,2015-03-18,2099.5,0.012158421402569175,0.007510978896261517
2316,2015-03-19,2089.27001953125,-0.004872579408787825,0.007575179396477522
2317,2015-03-20,2108.10009765625,0.00901275466979845,0.007826073466573175
2318,2015-03-23,2104.419921875,-0.0017457310425351702,0.007832724618302608
2319,2015-03-24,2091.5,-0.006139421956948832,0.007825844850474151
2320,2015-03-25,2061.050048828125,-0.014558905652342857,0.008389313318630548
2321,2015-03-26,2056.14990234375,-0.002377499996742527,0.0083503666064688
2322,2015-03-27,2061.02001953125,0.0023685613495147972,0.008385843142575846
2323,2015-03-30,2086.239990234375,0.012236645187396533,0.008854370343236133
2324,2015-03-31,2067.889892578125,-0.008795775050879251,0.009017745220900103
2325,2015-04-01,2059.68994140625,-0.003965371271123064,0.008906894464120354
2326,2015-04-02,2066.9599609375,0.0035296669586522,0.00892970033122099
2327,2015-04-06,2080.6201171875,0.0066088151237357895,0.009029465180072279
2328,2015-04-07,2076.330078125,-0.0020619040578628844,0.009029607650165783
2329,2015-04-08,2081.89990234375,0.002682533127767339,0.008514417196040342
2330,2015-04-09,2091.179931640625,0.004457481018385057,0.00852566291492815
2331,2015-04-10,2102.06005859375,0.005202865037342352,0.00765501899634815
2332,2015-04-13,2092.429931640625,-0.00458128059365126,0.007729012158380731
2333,2015-04-14,2095.840087890625,0.0016297588743277025,0.007298764241896451
2334,2015-04-15,2106.6298828125,0.005148195696902835,0.007195757572384984
2335,2015-04-16,2104.989990234375,-0.0007784436134247175,0.006653023576626815
2336,2015-04-17,2081.179931640625,-0.011311245518606405,0.007078255058953049
2337,2015-04-20,2100.39990234375,0.009235131672624686,0.006866863478240388
2338,2015-04-21,2097.2900390625,-0.0014806053255762563,0.006788899471863006
2339,2015-04-22,2107.9599609375,0.005087480356207541,0.006594965063466769
2340,2015-04-23,2112.929931640625,0.002357715893671175,0.006600739059437042
2341,2015-04-24,2117.68994140625,0.002252800575326619,0.006457617294045782
2342,2015-04-27,2108.919921875,-0.004141314249916261,0.005622102055684689
2343,2015-04-28,2114.760009765625,0.0027692316953564777,0.0055792006494006
2344,2015-04-29,2106.85009765625,-0.0037403355807980043,0.0056743413988736315
2345,2015-04-30,2085.510009765625,-0.010128906614839228,0.005570798887188894
2346,2015-05-01,2108.2900390625,0.010923001659165044,0.005673766493080407
2347,2015-05-04,2114.489990234375,0.002940748690645867,0.005582347981390318
2348,2015-05-05,2089.4599609375,-0.011837383677612334,0.006204868431828109
2349,2015-05-06,2080.14990234375,-0.004455724813014705,0.006135070184101742
2350,2015-05-07,2088.0,0.0037738134388320965,0.0061673987911003885
2351,2015-05-08,2116.10009765625,0.013457901176364917,0.006766625186458988
2352,2015-05-11,2105.330078125,-0.005089560528435566,0.006824282207682282
2353,2015-05-12,2099.1201171875,-0.0029496376848567873,0.006768126090167756
2354,2015-05-13,2098.47998046875,-0.00030495478248648844,0.006692529314053017
2355,2015-05-14,2121.10009765625,0.010779286625573148,0.007062738667583579
2356,2015-05-15,2122.72998046875,0.0007684139066803652,0.006988842558621166
2357,2015-05-18,2129.199951171875,0.003047948049283322,0.00700650607659728
2358,2015-05-19,2127.830078125,-0.0006433745436266181,0.0064976829892913115
2359,2015-05-20,2125.85009765625,-0.0009305162517933008,0.006242726430641902
2360,2015-05-21,2130.820068359375,0.0023378744854138933,0.006236188867910144
2361,2015-05-22,2126.06005859375,-0.002233886303356414,0.006188292976306503
2362,2015-05-26,2104.199951171875,-0.010281980197837881,0.006573324454832117
2363,2015-05-27,2123.47998046875,0.009162641262365545,0.006853587423168754
2364,2015-05-28,2120.7900390625,-0.0012667608976734135,0.006795100332332062
2365,2015-05-29,2107.389892578125,-0.0063184691730722164,0.00691161686857603
2366,2015-06-01,2111.72998046875,0.002059461282371222,0.006878116113061441
2367,2015-06-02,2109.60009765625,-0.0010085961899480855,0.006494649595558847
2368,2015-06-03,2114.070068359375,0.0021188711112078984,0.006082734979167114
2369,2015-06-04,2095.840087890625,-0.008623167576889856,0.006324223958814978
2370,2015-06-05,2092.830078125,-0.0014361829335245435,0.00579372374325915
2371,2015-06-08,2079.280029296875,-0.006474509789282434,0.005884413671785112
2372,2015-06-09,2080.14990234375,0.00041835300422188304,0.005825058708051059
2373,2015-06-10,2105.199951171875,0.012042424827124476,0.005673381462513591
2374,2015-06-11,2108.860107421875,0.0017386264178671507,0.005580272352115995
2375,2015-06-12,2094.110107421875,-0.0069942998817651425,0.005749288042549029
2376,2015-06-15,2084.429931640625,-0.004622572493653387,0.0058299986787736435
2377,2015-06-16,2096.2900390625,0.0056898566086796,0.005459059047417743
2378,2015-06-17,2100.43994140625,0.0019796413026920145,0.005478748703991524
2379,2015-06-18,2121.239990234375,0.009902710578908236,0.005869082088797735
2380,2015-06-19,2109.989990234375,-0.0053035017498218595,0.00597080646203231
2381,2015-06-22,2122.85009765625,0.006094866554531064,0.006125033211835183
2382,2015-06-23,2124.199951171875,0.0006358685039113965,0.006104198636467398
2383,2015-06-24,2108.580078125,-0.00735329696164333,0.006283422358221194
2384,2015-06-25,2102.31005859375,-0.0029735743006855664,0.005916133756802648
2385,2015-06-26,2101.489990234375,-0.0003900796440671206,0.005548925170912718
2386,2015-06-29,2057.639892578125,-0.02086619391956246,0.007054099159229257
2387,2015-06-30,2063.110107421875,0.0026584898861461426,0.007012480978246328
2388,2015-07-01,2077.419921875,0.006936040108400654,0.007186756492973174
2389,2015-07-02,2076.780029296875,-0.0003080227407983305,0.007186966882869755
2390,2015-07-06,2068.760009765625,-0.003861756863082544,0.007188861080454246
2391,2015-07-07,2081.340087890625,0.00608097510857486,0.007125689901926657
2392,2015-07-08,2046.6800537109375,-0.016652749054007043,0.007934702351552551
2393,2015-07-09,2051.31005859375,0.0022622025726091177,0.007865088683974349
2394,2015-07-10,2076.6201171875,0.012338485100151564,0.008334153723440462
2395,2015-07-13,2099.60009765625,0.011066049239604414,0.008269072818166492
2396,2015-07-14,2108.949951171875,0.004453159211633695,0.008317740741944924
2397,2015-07-15,2107.39990234375,-0.000734986066058041,0.00817161370829511
2398,2015-07-16,2124.2900390625,0.008014680412562258,0.008251436543809302
2399,2015-07-17,2126.639892578125,0.001106182994042637,0.008182153761923038
2400,2015-07-20,2128.280029296875,0.00077123387202227,0.008177108226294154
2401,2015-07-21,2119.2099609375,-0.0042616893616069795,0.0079672382628052
2402,2015-07-22,2114.14990234375,-0.0023877098952062026,0.007899000587359293
2403,2015-07-23,2102.14990234375,-0.005676040278268291,0.00787359328052943
2404,2015-07-24,2079.64990234375,-0.01070332804283558,0.008167154637780694
2405,2015-07-27,2067.639892578125,-0.005775015185050969,0.008114819074859942
2406,2015-07-28,2093.25,0.012386154626733425,0.008572111337078603
2407,2015-07-29,2108.570068359375,0.007318795346650031,0.00871861155733457
2408,2015-07-30,2108.6298828125,2.836730636679441e-05,0.0073456973685646085
2409,2015-07-31,2103.840087890625,-0.002271519985995063,0.007372288432498239
2410,2015-08-03,2098.0400390625,-0.002756886733696673,0.007284432792214088
2411,2015-08-04,2093.320068359375,-0.002249704779339723,0.0073060944443766535
2412,2015-08-05,2099.840087890625,0.0031146787487494887,0.007264222321230689
2413,2015-08-06,2083.56005859375,-0.00775298528243118,0.00737446109140392
2414,2015-08-07,2077.570068359375,-0.0028748824444340126,0.006407984666281796
2415,2015-08-10,2104.179931640625,0.012808166466444781,0.00690550121929862
2416,2015-08-11,2084.070068359375,-0.00955710249815489,0.00679772089807221
2417,2015-08-12,2086.050048828125,0.0009500546545004873,0.0063543076043537415
2418,2015-08-13,2083.389892578125,-0.0012752120935421996,0.006268116258005502
2419,2015-08-14,2091.5400390625,0.003911964108786803,0.006338966976292269
2420,2015-08-17,2102.43994140625,0.00521142418513576,0.006189783125165556
2421,2015-08-18,2096.919921875,-0.002625530186397551,0.006196189559884009
2422,2015-08-19,2079.610107421875,-0.008254876246131082,0.006395231459145239
2423,2015-08-20,2035.72998046875,-0.021100170073477753,0.007679001508745011
2424,2015-08-21,1970.8900146484375,-0.031850965718637325,0.01000416342440806
2425,2015-08-24,1893.2099609375,-0.03941369286646568,0.01264840002820492
2426,2015-08-25,1867.6099853515625,-0.01352199497897244,0.012726463068891759
2427,2015-08-26,1940.510009765625,0.03903385877450183,0.015781561752547083
2428,2015-08-27,1987.6600341796875,0.024297748621125326,0.01651334496374237
2429,2015-08-28,1988.8699951171875,0.0006087363616984476,0.01639029062537524
2430,2015-08-31,1972.1800537109375,-0.008391670369217175,0.016426107210037014
2431,2015-09-01,1913.8499755859375,-0.029576446640986798,0.017379664051037805
2432,2015-09-02,1948.8599853515625,0.01829297500443139,0.018027289810714275
2433,2015-09-03,1951.1300048828125,0.0011647935451044589,0.018050468826050985
2434,2015-09-04,1921.219970703125,-0.015329595723932221,0.01817904474194038
2435,2015-09-08,1969.4100341796875,0.02508305358648033,0.019166610426581073
2436,2015-09-09,1942.0400390625,-0.01389756050907287,0.01932353017121057
2437,2015-09-10,1952.2900390625,0.005277955033794246,0.019097721218954943
2438,2015-09-11,1961.050048828125,0.004487043210972708,0.01911072055108031
2439,2015-09-14,1953.030029296875,-0.004089655710746709,0.019096500914138472
2440,2015-09-15,1978.0899658203125,0.01283131142251781,0.019385352715127698
2441,2015-09-16,1995.31005859375,0.008705414349693852,0.01948371521460518
2442,2015-09-17,1990.199951171875,-0.002561059320011938,0.019417895793698323
2443,2015-09-18,1958.030029296875,-0.016164165744279924,0.019641600992011607
2444,2015-09-21,1966.969970703125,0.004565783605198437,0.019666138784436387
2445,2015-09-22,1942.739990234375,-0.012318429274285614,0.019353935861801896
2446,2015-09-23,1938.760009765625,-0.002048642890328245,0.018167579983965673
2447,2015-09-24,1932.239990234375,-0.003362984329369434,0.015994885661921657
2448,2015-09-25,1931.3399658203125,-0.00046579328582951884,0.01566735457240917
2449,2015-09-28,1881.77001953125,-0.02566609046896018,0.014329789118599638
2450,2015-09-29,1884.0899658203125,0.001232853252514099,0.013164307500557013
2451,2015-09-30,1920.030029296875,0.019075555906861608,0.013928298427432567
2452,2015-10-01,1923.8199462890625,0.001973884228037459,0.01385946940138157
2453,2015-10-02,1951.3599853515625,0.014315289284541954,0.012662865601828718
2454,2015-10-05,1987.050048828125,0.018289840800508328,0.012662661317211618
2455,2015-10-06,1979.9200439453125,-0.0035882361830883447,0.012699477491026992
2456,2015-10-07,1995.8299560546875,0.008035633639867479,0.012260759663832116
2457,2015-10-08,2013.4300537109375,0.008818435459823082,0.011238005903242318
2458,2015-10-09,2014.8900146484375,0.000725111326717931,0.010731894240700491
2459,2015-10-12,2017.4599609375,0.0012754772073804155,0.010702777477511461
2460,2015-10-13,2003.68994140625,-0.006825423947869114,0.010825913764993617
2461,2015-10-14,1994.239990234375,-0.0047162741982138545,0.01084085063338024
2462,2015-10-15,2023.8599853515625,0.01485277361914017,0.010953831963309001
2463,2015-10-16,2033.1099853515625,0.004570474275370051,0.010852080411248135
2464,2015-10-19,2033.6600341796875,0.00027054553471672627,0.01082571535251961
2465,2015-10-20,2030.77001953125,-0.0014210903493528937,0.010145039082740916
2466,2015-10-21,2018.93994140625,-0.005825414995899281,0.010247061221054158
2467,2015-10-22,2052.510009765625,0.01662757156411132,0.010282036940645488
2468,2015-10-23,2075.14990234375,0.011030344539323389,0.010380998018592883
2469,2015-10-26,2071.179931640625,-0.0019131006866738298,0.010342234734314252
2470,2015-10-27,2065.889892578125,-0.002554118539720318,0.010387087958232979
2471,2015-10-28,2090.35009765625,0.01184003327863703,0.00830769283219928
2472,2015-10-29,2089.409912109375,-0.0004497742019048401,0.008349949653314119
2473,2015-10-30,2079.360107421875,-0.004809877003672414,0.007940826742071066
2474,2015-11-02,2104.050048828125,0.011873817006551102,0.008119225526182987
2475,2015-11-03,2109.7900390625,0.002728067346863705,0.00779505137497217
2476,2015-11-04,2102.31005859375,-0.003545367230984642,0.007200818889380783
2477,2015-11-05,2099.929931640625,-0.0011321483923818487,0.007119031689349785
2478,2015-11-06,2099.199951171875,-0.0003476213457177524,0.007043943069747841
2479,2015-11-09,2078.580078125,-0.009822729385718598,0.007340156558066122
2480,2015-11-10,2081.719970703125,0.0015105949543003927,0.007338249728192901
2481,2015-11-11,2075.0,-0.003228085812548187,0.007407587188794271
2482,2015-11-12,2045.969970703125,-0.013990375564759017,0.007921738115844595
2483,2015-11-13,2023.0400390625,-0.011207364706699363,0.00825773755084884
2484,2015-11-16,2053.18994140625,0.014903265264943455,0.008261868863690458
2485,2015-11-17,2050.43994140625,-0.0013393792481354305,0.008225575341712692
2486,2015-11-18,2083.580078125,0.01616245179852549,0.008883493647005178
2487,2015-11-19,2081.239990234375,-0.00112310916925773,0.008879628444296477
2488,2015-11-20,2089.169921875,0.003810195689989637,0.008755751913941788
2489,2015-11-23,2086.590087890625,-0.0012348607728660532,0.00809863474033358
2490,2015-11-24,2089.139892578125,0.0012219959743400288,0.007770822241330742
2491,2015-11-25,2088.8701171875,-0.00012913227667687988,0.007755547575395746
2492,2015-11-27,2090.110107421875,0.0005936176807606053,0.007727141075214419
2493,2015-11-30,2080.409912109375,-0.004640997274763192,0.007372064178719763
2494,2015-12-01,2102.6298828125,0.01068057336863748,0.007726829307720172
2495,2015-12-02,2079.510009765625,-0.010995693172566212,0.008028852222266784
2496,2015-12-03,2049.6201171875,-0.014373526666262015,0.008135144279070947
2497,2015-12-04,2091.68994140625,0.0205256690573854,0.009336340413952543
2498,2015-12-07,2077.070068359375,-0.006989502964787397,0.009420962206777404
2499,2015-12-08,2063.590087890625,-0.0064899016523778386,0.009506760575434333
2500,2015-12-09,2047.6199951171875,-0.007738985017979982,0.009621767277844771
2501,2015-12-10,2052.22998046875,0.0022513871531610885,0.009442384864971573
2502,2015-12-11,2012.3699951171875,-0.019422767297482935,0.010246669054692695
2503,2015-12-14,2021.93994140625,0.004755560017433602,0.010323226564181304
2504,2015-12-15,2043.4100341796875,0.010618561082731848,0.010195381608208915
2505,2015-12-16,2073.070068359375,0.014514969430300617,0.010323909958728566
2506,2015-12-17,2041.8900146484375,-0.015040520909943678,0.010399585655498193
2507,2015-12-18,2005.550048828125,-0.01779722000676387,0.011056685085111722
2508,2015-12-21,2021.1500244140625,0.0077784025360287945,0.010572774281623211
2509,2015-12-22,2038.969970703125,0.008816736053143037,0.010792073420512733
2510,2015-12-23,2064.2900390625,0.01241806830075265,0.011121108599694353
2511,2015-12-24,2060.989990234375,-0.001598636221499028,0.01112254641812843
2512,2015-12-28,2056.5,-0.00217855994238203,0.011121077588831619
2513,2015-12-29,2078.360107421875,0.010629762908764828,0.011378937728764407
2514,2015-12-30,2063.360107421875,-0.007217228595965963,0.011475506712419876
2515,2015-12-31,2043.93994140625,-0.00941191309542666,0.01160143231054865
2516,2016-01-04,2012.6600341796875,-0.015303731089594375,0.011705669024130755
2517,2016-01-05,2016.7099609375,0.0020122259542274534,0.01155296328401022
2518,2016-01-06,1990.260009765625,-0.013115396702646942,0.011488250841958297
2519,2016-01-07,1943.0899658203125,-0.023700443014411654,0.011361111404309624
2520,2016-01-08,1922.030029296875,-0.010838374390218508,0.011450202667677684
2521,2016-01-11,1923.6700439453125,0.0008532721255336551,0.011464607195768608
2522,2016-01-12,1938.6800537109375,0.00780279851675636,0.01164408781700642
2523,2016-01-13,1890.280029296875,-0.02496545230421965,0.012536139908503783
2524,2016-01-14,1921.8399658203125,0.016695905386662213,0.012736194369786272
2525,2016-01-15,1880.3299560546875,-0.021599098001850003,0.013296418369519303
2526,2016-01-19,1881.3299560546875,0.0005318215543925753,0.012966681960595637
2527,2016-01-20,1859.3299560546875,-0.011693855152413501,0.012408451837057714
2528,2016-01-21,1868.989990234375,0.005195438361131455,0.012367817930419295
2529,2016-01-22,1906.9000244140625,0.020283701024494727,0.01298550332031246
2530,2016-01-25,1877.0799560546875,-0.015637982053378963,0.01308714502383886
2531,2016-01-26,1903.6300048828125,0.014144335590226431,0.013367799991503716
2532,2016-01-27,1882.949951171875,-0.010863483795639506,0.01300306179939474
2533,2016-01-28,1893.3599853515625,0.005528577205787588,0.013155968773911784
2534,2016-01-29,1940.239990234375,0.0247602174153414,0.01449613753980253
2535,2016-02-01,1939.3800048828125,-0.00044323658717015935,0.014206386057468328
2536,2016-02-02,1903.030029296875,-0.018743090830274922,0.014575325070324722
2537,2016-02-03,1912.530029296875,0.004992038934619414,0.014623773600528878
2538,2016-02-04,1915.449951171875,0.0015267325638141926,0.014382996645343848
2539,2016-02-05,1880.050048828125,-0.018481246310869337,0.014759383565300179
2540,2016-02-08,1853.43994140625,-0.014153935656373462,0.014794626859561158
2541,2016-02-09,1852.2099609375,-0.0006636203533073592,0.01406651482290802
2542,2016-02-10,1851.8599853515625,-0.00018895027740828407,0.013933385439077009
2543,2016-02-11,1829.0799560546875,-0.012301161792504733,0.01410445971339615
2544,2016-02-12,1864.780029296875,0.019518049565855122,0.014708105925214293
2545,2016-02-16,1895.5799560546875,0.01651665412216241,0.014229530736111037
2546,2016-02-17,1926.8199462890625,0.01648043921048603,0.01421772267745365
2547,2016-02-18,1917.8299560546875,-0.004665713707027619,0.013416377017386029
2548,2016-02-19,1917.780029296875,-2.6032942938902792e-05,0.013417798867406036
2549,2016-02-22,1945.5,0.014454197186153817,0.013401785285440596
2550,2016-02-23,1921.27001953125,-0.012454371867771763,0.01373474699270384
2551,2016-02-24,1929.800048828125,0.004439786812972857,0.013094874117014252
2552,2016-02-25,1951.699951171875,0.011348275359951865,0.012758602406360063
2553,2016-02-26,1948.050048828125,-0.0018701144822791393,0.012477574980866296
2554,2016-02-29,1932.22998046875,-0.008120976341902342,0.012365312179382184
2555,2016-03-01,1978.3499755859375,0.023868791801894718,0.013253954108641582
2556,2016-03-02,1986.449951171875,0.004094308735004493,0.012265567841608609
2557,2016-03-03,1993.4000244140625,0.0034987406745825567,0.01227009752222737
2558,2016-03-04,1999.989990234375,0.0033058923144386743,0.011424538143245877
2559,2016-03-07,2001.760009765625,0.0008850141950174084,0.011412406010603714
2560,2016-03-08,1979.260009765625,-0.011240108649505087,0.011764080397780003
2561,2016-03-09,1989.260009765625,0.0050523932937867055,0.010892984152541267
2562,2016-03-10,1989.5699462890625,0.00015580493345068724,0.010251643086355688
2563,2016-03-11,2022.18994140625,0.01639550053418848,0.010579335148097432
2564,2016-03-14,2019.6400146484375,-0.001260972921287129,0.010602243687902671
2565,2016-03-15,2015.9300537109375,-0.0018369416879204792,0.010056632417880386
2566,2016-03-16,2027.219970703125,0.005600351545632654,0.009487168059419742
2567,2016-03-17,2040.5899658203125,0.006595236486620859,0.009083423116722687
2568,2016-03-18,2049.580078125,0.004405643688967897,0.008607460473926331
2569,2016-03-21,2051.60009765625,0.0009855772666846896,0.008455578628588057
2570,2016-03-22,2049.800048828125,-0.000877387766836879,0.008472514318458685
2571,2016-03-23,2036.7099609375,-0.006386031602501285,0.008301778100861218
2572,2016-03-24,2035.93994140625,-0.0003780702927851376,0.007667401688248681
2573,2016-03-28,2037.050048828125,0.0005452554858313974,0.007669466108887489
2574,2016-03-29,2055.010009765625,0.008816651779288476,0.00754825080681747
2575,2016-03-30,2063.949951171875,0.004350315260639448,0.007498027339474885
2576,2016-03-31,2059.739990234375,-0.00203975921756705,0.0071874293584982905
2577,2016-04-01,2072.780029296875,0.006330915127309877,0.005538247526339138
2578,2016-04-04,2066.1298828125,-0.003208322345054082,0.0056333314587916055
2579,2016-04-05,2045.1700439453125,-0.010144492387214377,0.006163896234674807
2580,2016-04-06,2066.659912109375,0.010507619269939372,0.006465781669347633
2581,2016-04-07,2041.9100341796875,-0.011975786526205012,0.00707756549761614
2582,2016-04-08,2047.5999755859375,0.0027865779152880243,0.006540743317980541
2583,2016-04-11,2041.989990234375,-0.0027397858070188352,0.006553843346387257
2584,2016-04-12,2061.719970703125,0.0096621337827838,0.006790128642013411
2585,2016-04-13,2082.419921875,0.01004013710204088,0.006245972744266095
2586,2016-04-14,2082.780029296875,0.0001729273803483533,0.006224836078493938
2587,2016-04-15,2080.72998046875,-0.0009842848497145784,0.006206226709555102
2588,2016-04-18,2094.340087890625,0.006541025289023228,0.006239280340652662
2589,2016-04-19,2100.800048828125,0.0030844851678346608,0.006146977042280731
2590,2016-04-20,2102.39990234375,0.0007615448773992117,0.006109437556830593
2591,2016-04-21,2091.47998046875,-0.005194027008290192,0.006258796857003903
2592,2016-04-22,2091.580078125,4.785972478082989e-05,0.006249427477399205
2593,2016-04-25,2087.7900390625,-0.0018120458796383465,0.006067669303301466
2594,2016-04-26,2091.699951171875,0.0018727515871905798,0.0060597514381369524
2595,2016-04-27,2095.14990234375,0.001649352800310755,0.006058239585023689
2596,2016-04-28,2075.81005859375,-0.009230768513682652,0.006211425396294279
2597,2016-04-29,2065.300048828125,-0.005063088369821722,0.006255918049618332
2598,2016-05-02,2081.429931640625,0.007809946463542827,0.006448838642497224
2599,2016-05-03,2063.3701171875,-0.008676638198860664,0.006594352011714855
2600,2016-05-04,2051.1201171875,-0.005936889314214544,0.0066790172949356755
2601,2016-05-05,2050.6298828125,-0.0002390081258001331,0.006308059381390403
2602,2016-05-06,2057.139892578125,0.0031746390805036384,0.0059156928697989015
2603,2016-05-09,2058.68994140625,0.0007534970439868616,0.0052987143771642585
2604,2016-05-10,2084.389892578125,0.012483643435067249,0.005879464275568586
2605,2016-05-11,2064.4599609375,-0.009561518078546327,0.006245012815545545
2606,2016-05-12,2064.110107421875,-0.0001694649071644072,0.005901701202963375
2607,2016-05-13,2046.6099853515625,-0.00847828902508041,0.005729982134621829
2608,2016-05-16,2066.659912109375,0.009796652464963085,0.006157029897050396
2609,2016-05-17,2047.2099609375,-0.009411297455333645,0.006454302931255664
2610,2016-05-18,2047.6300048828125,0.00020517873267866804,0.006253196292218548
2611,2016-05-19,2040.0400390625,-0.003706707658226005,0.0062091184906120245
2612,2016-05-20,2052.320068359375,0.006019504059596059,0.006391362940665706
2613,2016-05-23,2048.0400390625,-0.0020854589704891735,0.006330049487995333
2614,2016-05-24,2076.06005859375,0.013681382686285826,0.007056470276451696
2615,2016-05-25,2090.5400390625,0.006974740643369559,0.007214584007768192
2616,2016-05-26,2090.10009765625,-0.00021044390350322129,0.007203660306183597
2617,2016-05-27,2099.06005859375,0.004286857336424754,0.007254360711613471
2618,2016-05-31,2096.949951171875,-0.0010052630048559275,0.006955853392672828
2619,2016-06-01,2099.330078125,0.0011350423274503196,0.006845132671850873
2620,2016-06-02,2105.260009765625,0.0028246780734553223,0.0066813834214490275
2621,2016-06-03,2099.1298828125,-0.002911814656949452,0.006410295904515281
2622,2016-06-06,2109.409912109375,0.004897281193053882,0.006282920976459454
2623,2016-06-07,2112.1298828125,0.0012894462510633087,0.006273613304657287
2624,2016-06-08,2119.1201171875,0.0033095665337075086,0.0062755345246724775
2625,2016-06-09,2115.47998046875,-0.0017177585589538413,0.006309103275887133
2626,2016-06-10,2096.070068359375,-0.009175181182794367,0.006161920591062432
2627,2016-06-13,2079.06005859375,-0.008115191387155773,0.006058861977978768
2628,2016-06-14,2075.320068359375,-0.0017988851350955182,0.006075296099728314
2629,2016-06-15,2071.5,-0.0018407128700851372,0.005778019332709274
2630,2016-06-16,2077.989990234375,0.0031329906996742096,0.005435577157987217
2631,2016-06-17,2071.219970703125,-0.0032579654199809127,0.005059381098718168
2632,2016-06-20,2083.25,0.00580818525653326,0.005181159279465348
2633,2016-06-21,2088.89990234375,0.002712061607464289,0.005095487239127188
2634,2016-06-22,2085.449951171875,-0.0016515636618127383,0.005003648115929384
2635,2016-06-23,2113.320068359375,0.01336407865930278,0.005632804692692752
2636,2016-06-24,2037.4100341796875,-0.035919799994431734,0.009259751736496685
2637,2016-06-27,2000.5400390625,-0.01809650217612302,0.009783707581737763
2638,2016-06-28,2036.0899658203125,0.01777016508725926,0.010648875990119206
2639,2016-06-29,2070.77001953125,0.017032672570028273,0.011285561645800272
2640,2016-06-30,2098.860107421875,0.013565044705922347,0.011678574317658468
2641,2016-07-01,2102.949951171875,0.00194860235588723,0.0116832714490198
2642,2016-07-05,2088.550048828125,-0.006847477437932237,0.011759330881038482
2643,2016-07-06,2099.72998046875,0.005352963242081676,0.011803703272720244
2644,2016-07-07,2097.89990234375,-0.0008715778419239317,0.011755572693908442
2645,2016-07-08,2129.89990234375,0.015253349296718177,0.012207118386716606
2646,2016-07-11,2137.159912109375,0.003408615474199461,0.012208240484828436
2647,2016-07-12,2152.139892578125,0.007009293213798395,0.012275805205080863
2648,2016-07-13,2152.429931640625,0.00013476775533982632,0.012072401415157264
2649,2016-07-14,2163.75,0.00525920411762093,0.011912609376463424
2650,2016-07-15,2161.739990234375,-0.0009289473209127541,0.011901237615616695
2651,2016-07-18,2166.889892578125,0.002382294987840705,0.011871637488392678
2652,2016-07-19,2163.780029296875,-0.0014351736522938419,0.01189294075164897
2653,2016-07-20,2173.02001953125,0.004270300173431885,0.011845410648013695
2654,2016-07-21,2165.169921875,-0.003612528916297486,0.011880918886937205
2655,2016-07-22,2175.030029296875,0.004553964713003289,0.011893966988027065
2656,2016-07-25,2168.47998046875,-0.0030114751244342264,0.011916850635348858
2657,2016-07-26,2169.179931640625,0.0003227842443460638,0.01163763496329906
2658,2016-07-27,2166.580078125,-0.0011985421207814095,0.008204529585626298
2659,2016-07-28,2170.06005859375,0.0016062090221755643,0.0067595824802837885
2660,2016-07-29,2173.60009765625,0.0016313092573088106,0.005995355402249462
2661,2016-08-01,2170.840087890625,-0.0012697872845152114,0.005166875926355615
2662,2016-08-02,2157.030029296875,-0.006361619481225378,0.0048063883904529035
2663,2016-08-03,2163.7900390625,0.0031339432802557354,0.0048211621138347085
2664,2016-08-04,2164.25,0.00021257188969192597,0.004474980287838484
2665,2016-08-05,2182.8701171875,0.008603496447961101,0.004653870326533491
2666,2016-08-08,2180.889892578125,-0.0009071655678379864,0.004654840833939435
2667,2016-08-09,2181.739990234375,0.0003897939364765346,0.0035539282113995607
2668,2016-08-10,2175.489990234375,-0.0028646859974036376,0.0036110604024369494
2669,2016-08-11,2185.7900390625,0.004734588012062169,0.003454407416158309
2670,2016-08-12,2184.050048828125,-0.0007960463737501922,0.003467478737212129
2671,2016-08-15,2190.14990234375,0.0027929092187690685,0.003349877975876567
2672,2016-08-16,2178.14990234375,-0.00547907701986905,0.0035786272945479186
2673,2016-08-17,2182.219970703125,0.001868589648029051,0.0035663897018009955
2674,2016-08-18,2187.02001953125,0.0021996173129046337,0.003565081573393452
2675,2016-08-19,2183.8701171875,-0.0014402713809749113,0.003483835052560194
2676,2016-08-22,2182.639892578125,-0.000563323157221185,0.0033827819406440185
2677,2016-08-23,2186.89990234375,0.0019517694055308787,0.003273270794875175
2678,2016-08-24,2175.43994140625,-0.005240276852734871,0.003410709468792803
2679,2016-08-25,2172.469970703125,-0.0013652276243513173,0.0034256203756633024
2680,2016-08-26,2169.0400390625,-0.0015788165944199406,0.003433300596653854
2681,2016-08-29,2180.3798828125,0.005228047221710774,0.0035941788397527564
2682,2016-08-30,2176.1201171875,-0.0019536804841114863,0.0036084728538715825
2683,2016-08-31,2170.949951171875,-0.0023758642617150993,0.0036354708571671094
2684,2016-09-01,2170.860107421875,-4.1384533048027805e-05,0.003346331878629722
2685,2016-09-02,2179.97998046875,0.004201041336424849,0.0033967812953355214
2686,2016-09-06,2186.47998046875,0.0029816787577114923,0.00344265922281487
2687,2016-09-07,2186.159912109375,-0.0001463852229309781,0.0029247762870337575
2688,2016-09-08,2181.300048828125,-0.0022230136296667036,0.0029590191249771534
2689,2016-09-09,2127.81005859375,-0.02452206896667508,0.006005856472104357
2690,2016-09-12,2159.0400390625,0.01467705274849096,0.006865994930705973
2691,2016-09-13,2127.02001953125,-0.014830674258895948,0.007424224373651475
2692,2016-09-14,2125.77001953125,-0.0005876766502063147,0.00742491264794483
2693,2016-09-15,2147.260009765625,0.010109273363029914,0.007768282165168568
2694,2016-09-16,2139.159912109375,-0.0037722947474507773,0.007728476182428603
2695,2016-09-19,2139.1201171875,-1.8603060785604697e-05,0.0077079852367864295
2696,2016-09-20,2139.760009765625,0.0002991382171499968,0.007682461060343117
2697,2016-09-21,2163.1201171875,0.010917162352442444,0.008087092483276437
2698,2016-09-22,2177.179931640625,0.006499784427785649,0.008219517578878241
2699,2016-09-23,2164.68994140625,-0.00573677446354337,0.008292085143376378
2700,2016-09-26,2146.10009765625,-0.008587762798917709,0.00841435062542533
2701,2016-09-27,2159.929931640625,0.006444170055012188,0.008543516301288696
2702,2016-09-28,2171.3701171875,0.005296554012835575,0.008617185047727403
2703,2016-09-29,2151.1298828125,-0.009321411497187015,0.008760747726829103
2704,2016-09-30,2168.27001953125,0.007967969231286176,0.008940036806890834
2705,2016-10-03,2161.199951171875,-0.0032606955294726125,0.008952622423082169
2706,2016-10-04,2150.489990234375,-0.0049555622707156965,0.009010480135724265
2707,2016-10-05,2159.72998046875,0.0042966906501935576,0.009012823393190336
2708,2016-10-06,2160.77001953125,0.00048155976529717925,0.00898406577252102
2709,2016-10-07,2153.739990234375,-0.0032534833570118105,0.009002664860059309
2710,2016-10-10,2163.659912109375,0.004605905039596125,0.00906301152064013
2711,2016-10-11,2136.72998046875,-0.012446471596532338,0.00780664300144825
2712,2016-10-12,2139.179931640625,0.001146589037580359,0.007115803943664261
2713,2016-10-13,2132.550048828125,-0.0030992637479612117,0.006384558470067429
2714,2016-10-14,2132.97998046875,0.00020160447857309194,0.006382506785669043
2715,2016-10-17,2126.5,-0.003037994040303138,0.006012677130163125
2716,2016-10-18,2139.60009765625,0.006160403318245855,0.006121241355867217
2717,2016-10-19,2144.2900390625,0.0021919710189710617,0.00613857166381739
2718,2016-10-20,2141.340087890625,-0.0013757239543792377,0.006146724999068944
2719,2016-10-21,2141.159912109375,-8.414160005176807e-05,0.005647938895651743
2720,2016-10-24,2151.330078125,0.004749839541692946,0.005557014086138555
2721,2016-10-25,2143.159912109375,-0.0037977277864983394,0.005485380593790462
2722,2016-10-26,2139.429931640625,-0.0017404116452881535,0.005187206638352718
2723,2016-10-27,2133.0400390625,-0.0029867267366989747,0.005004634851725204
2724,2016-10-28,2126.409912109375,-0.0031082993435224138,0.004855055470715656
2725,2016-10-31,2126.14990234375,-0.00012227640782913607,0.004480458492027922
2726,2016-11-01,2111.719970703125,-0.006786883476427641,0.0042474752358563
2727,2016-11-02,2097.93994140625,-0.00652550029741239,0.0043782201813355225
2728,2016-11-03,2088.659912109375,-0.004423400838946101,0.004358721603442628
2729,2016-11-04,2085.179931640625,-0.0016661307322337615,0.0041745871654176835
2730,2016-11-07,2131.52001953125,0.022223543967337278,0.006572496353811249
2731,2016-11-08,2139.56005859375,0.0037719744542996647,0.0066079509218533615
2732,2016-11-09,2163.260009765625,0.011077020753253342,0.006969885396414594
2733,2016-11-10,2167.47998046875,0.0019507459501284519,0.006396475424270846
2734,2016-11-11,2164.449951171875,-0.0013979503036608554,0.006410419434582784
2735,2016-11-14,2164.199951171875,-0.00011550278622274313,0.006360832016753913
2736,2016-11-15,2180.389892578125,0.007480797417763307,0.006521561490092052
2737,2016-11-16,2176.93994140625,-0.0015822634216101639,0.006485715064923029
2738,2016-11-17,2187.1201171875,0.004676369608375142,0.006437966844298658
2739,2016-11-18,2181.89990234375,-0.002386798421690206,0.0064721483466354925
2740,2016-11-21,2198.179931640625,0.0074614006258433285,0.006602915260326348
2741,2016-11-22,2202.93994140625,0.002165432272904111,0.006599302127329388
2742,2016-11-23,2204.719970703125,0.0008080244329033981,0.006554949511035949
2743,2016-11-25,2213.35009765625,0.003914386891670674,0.006484415434171149
2744,2016-11-28,2201.719970703125,-0.005254535631502799,0.006609743386111534
2745,2016-11-29,2204.659912109375,0.0013352930642269722,0.006539308574553149
2746,2016-11-30,2198.81005859375,-0.0026534040390964186,0.00652467162781412
2747,2016-12-01,2191.080078125,-0.0035155289737457407,0.006605523213584814
2748,2016-12-02,2191.949951171875,0.00039700650631591117,0.00635492092481077
2749,2016-12-05,2204.7099609375,0.005821305253253195,0.006133824011400322
2750,2016-12-06,2212.22998046875,0.0034108883546988267,0.005951009005841084
2751,2016-12-07,2241.35009765625,0.013163241364864575,0.006272075298223718
2752,2016-12-08,2246.18994140625,0.0021593430473272335,0.004635759503773381
2753,2016-12-09,2259.530029296875,0.005938984786955759,0.0046891285115678
2754,2016-12-12,2256.9599609375,-0.0011374349205595102,0.004334077411673904
2755,2016-12-13,2271.719970703125,0.006539774750587091,0.004443754923195848
2756,2016-12-14,2253.280029296875,-0.00811717185395111,0.004905863004703674
2757,2016-12-15,2262.030029296875,0.0038832279549072535,0.004903985468922722
2758,2016-12-16,2258.070068359375,-0.0017506226204834219,0.004808779594273848
2759,2016-12-19,2262.530029296875,0.001975120701520394,0.004756075803488801
2760,2016-12-20,2270.760009765625,0.0036375121488696482,0.004730886242824095
2761,2016-12-21,2265.179931640625,-0.0024573614565177593,0.004733824693591844
2762,2016-12-22,2260.9599609375,-0.0018629737285675851,0.004610626756308001
2763,2016-12-23,2263.7900390625,0.0012517152775348706,0.004606487657710401
2764,2016-12-27,2268.8798828125,0.0022483727122095676,0.00461014995332883
2765,2016-12-28,2249.919921875,-0.008356529175972627,0.005005983431395533
2766,2016-12-29,2249.260009765625,-0.000293304709629405,0.004830961844750298
2767,2016-12-30,2238.830078125,-0.004637050227782158,0.004975831783829375
2768,2017-01-03,2257.830078125,0.008486575281279274,0.005179783395302044
2769,2017-01-04,2270.75,0.005722273788525856,0.005152187097162649
2770,2017-01-05,2269.0,-0.0007706704833204681,0.005171551903992477
2771,2017-01-06,2276.97998046875,0.0035169592193697863,0.005104552842345534
2772,2017-01-09,2268.89990234375,-0.0035485942758867184,0.005194029286802323
2773,2017-01-10,2268.89990234375,0.0,0.004450864106035781
2774,2017-01-11,2275.320068359375,0.0028296382793233654,0.004464571457663555
2775,2017-01-12,2270.43994140625,-0.0021448089967596173,0.004334603825416035
2776,2017-01-13,2274.639892578125,0.0018498402425362048,0.004336584619670429
2777,2017-01-17,2267.889892578125,-0.0029675026899970147,0.004162017557649729
2778,2017-01-18,2271.889892578125,0.0017637540575008437,0.0037664363706643588
2779,2017-01-19,2263.68994140625,-0.003609308355419394,0.003773388972318011
2780,2017-01-20,2271.31005859375,0.003366237154707852,0.0038152186548437595
2781,2017-01-23,2265.199951171875,-0.002690124758069401,0.0038456206946038156
2782,2017-01-24,2280.070068359375,0.006564593637664151,0.0040218603276261184
2783,2017-01-25,2298.3701171875,0.008026090549617448,0.004303956594636942
2784,2017-01-26,2296.679931640625,-0.0007353844075136395,0.004278994732591296
2785,2017-01-27,2294.68994140625,-0.000866463892926328,0.004290311518381326
2786,2017-01-30,2280.89990234375,-0.006009543517695892,0.004497765678866862
2787,2017-01-31,2278.8701171875,-0.0008899054071440649,0.004079700044506352
2788,2017-02-01,2279.550048828125,0.00029836348965073256,0.004075553202671274
2789,2017-02-02,2280.85009765625,0.0005703094032936118,0.0039035172489121097
2790,2017-02-03,2297.419921875,0.007264758098647794,0.003796974305676048
2791,2017-02-06,2292.56005859375,-0.002115356985885164,0.0036787240895508624
2792,2017-02-07,2293.080078125,0.00022682918569594257,0.0036692132664325125
2793,2017-02-08,2294.669921875,0.0006933223855400961,0.0036070147272413196
2794,2017-02-09,2307.8701171875,0.005752546449780516,0.003671825523089465
2795,2017-02-10,2316.10009765625,0.003566050102845164,0.003714182606605645
2796,2017-02-13,2328.25,0.005245845097992419,0.003807188443480717
2797,2017-02-14,2337.580078125,0.004007335176634763,0.0037870289151285376
2798,2017-02-15,2349.25,0.004992308919898214,0.003865918331687921
2799,2017-02-16,2347.219970703125,-0.0008641180363413437,0.003775771433738975
2800,2017-02-17,2351.159912109375,0.0016785565287558146,0.003775607820825284
2801,2017-02-21,2365.3798828125,0.006048066160828425,0.0037058955961096116
2802,2017-02-22,2362.820068359375,-0.001082200145408052,0.0037492442268728917
2803,2017-02-23,2363.81005859375,0.00041898672168572126,0.003628438748495162
2804,2017-02-24,2367.340087890625,0.0014933641914423035,0.0034789964153601636
2805,2017-02-27,2369.75,0.0010179830611165563,0.0031817092367737517
2806,2017-02-28,2363.639892578125,-0.0025783763780462543,0.00326370491427906
2807,2017-03-01,2395.9599609375,0.013673854659866258,0.004152685367247394
2808,2017-03-02,2381.919921875,-0.005859880503598425,0.004139085867833329
2809,2017-03-03,2383.1201171875,0.0005038772720600271,0.004103582176034435
2810,2017-03-06,2375.31005859375,-0.0032772408480052917,0.0042443760033683275
2811,2017-03-07,2368.389892578125,-0.0029133737680216987,0.004359030647514619
2812,2017-03-08,2362.97998046875,-0.002284215165048731,0.004255052793047659
2813,2017-03-09,2364.8701171875,0.0007998953585612867,0.004188884946686054
2814,2017-03-10,2372.60009765625,0.003268670195698986,0.004197787813182121
2815,2017-03-13,2373.469970703125,0.0003666328125562224,0.00420157261005883
2816,2017-03-14,2365.449951171875,-0.0033790271755046453,0.004217068434162004
2817,2017-03-15,2385.260009765625,0.008374752796581397,0.0044666246613183245
2818,2017-03-16,2381.3798828125,-0.0016267102694209612,0.004421115780356638
2819,2017-03-17,2378.25,-0.0013143147950017697,0.004396282059829923
2820,2017-03-20,2373.469970703125,-0.0020098935338483948,0.004330808086495705
2821,2017-03-21,2344.02001953125,-0.012407972940626899,0.005126958990399926
2822,2017-03-22,2348.449951171875,0.0018898864360001877,0.0051305475447985345
2823,2017-03-23,2345.9599609375,-0.001060269661328106,0.004949527730891707
2824,2017-03-24,2343.97998046875,-0.0008439958489141475,0.004948139812423123
2825,2017-03-27,2341.590087890625,-0.001019587452981141,0.004946969172093975
2826,2017-03-28,2358.570068359375,0.007251474353500598,0.00519879912428877
2827,2017-03-29,2361.1298828125,0.001085324742930105,0.005199542920691818
2828,2017-03-30,2368.06005859375,0.002935109936855751,0.005209924765699083
2829,2017-03-31,2362.719970703125,-0.002255047489714501,0.004252198941368122
2830,2017-04-03,2358.840087890625,-0.0016421255420062675,0.004097252298811487
2831,2017-04-04,2360.159912109375,0.0005595225490382383,0.004097876269271932
2832,2017-04-05,2352.949951171875,-0.0030548611983906016,0.004090791724504728
2833,2017-04-06,2357.489990234375,0.001929509405943275,0.004080622000516992
2834,2017-04-07,2355.5400390625,-0.0008271302020167459,0.0040569679177745776
2835,2017-04-10,2357.159912109375,0.0006876864837839225,0.004055806362174691
2836,2017-04-11,2353.780029296875,-0.001433879303282093,0.003990974902492184
2837,2017-04-12,2344.929931640625,-0.003759951034546627,0.00405198398732642
2838,2017-04-13,2328.949951171875,-0.006814694227374907,0.004228881833311866
2839,2017-04-17,2349.010009765625,0.008613348940219367,0.004253492045521961
2840,2017-04-18,2342.18994140625,-0.0029033798625895946,0.004275571553803563
2841,2017-04-19,2338.169921875,-0.0017163507793208632,0.004278977508429287
2842,2017-04-20,2355.840087890625,0.007557263417987681,0.004618925814203716
2843,2017-04-21,2348.68994140625,-0.0030350729326357184,0.0038137925054755827
2844,2017-04-24,2374.14990234375,0.01084006896297951,0.004440056048739704
2845,2017-04-25,2388.610107421875,0.006090687476747014,0.004579626677930127
2846,2017-04-26,2387.449951171875,-0.00048570348354270987,0.0045740265310294966
2847,2017-04-27,2388.77001953125,0.0005529198041311911,0.004555742437962795
2848,2017-04-28,2384.199951171875,-0.0019131470681601481,0.004363908247760856
2849,2017-05-01,2388.330078125,0.0017322905115801923,0.004370212560617118
2850,2017-05-02,2391.169921875,0.0011890499458222514,0.0043402033249196085
2851,2017-05-03,2388.1298828125,-0.0012713605313821041,0.0043160028651735545
2852,2017-05-04,2389.52001953125,0.0005821026438950216,0.004289521872264883
2853,2017-05-05,2399.2900390625,0.0040886954080285864,0.004353592863254347
2854,2017-05-08,2399.3798828125,3.744597299082386e-05,0.004273861125111733
2855,2017-05-09,2396.919921875,-0.0010252486299153762,0.004286287688691103
2856,2017-05-10,2399.6298828125,0.0011306013658478609,0.0042720017134774664
2857,2017-05-11,2394.43994140625,-0.002162809124616749,0.004320177196232875
2858,2017-05-12,2390.89990234375,-0.0014784413679722608,0.004321246642701884
2859,2017-05-15,2402.320068359375,0.004776513648450997,0.004282873887632239
2860,2017-05-16,2400.669921875,-0.0006868970151433507,0.0039275828640640735
2861,2017-05-17,2357.030029296875,-0.018178214414433458,0.005441863126203853
2862,2017-05-18,2365.719970703125,0.003686818283279214,0.005446059993404552
2863,2017-05-19,2381.72998046875,0.006767499942466504,0.0055826257409840666
2864,2017-05-22,2394.02001953125,0.005160131149745784,0.005467781323952596
2865,2017-05-23,2398.419921875,0.001837871992654172,0.005405692961432828
2866,2017-05-24,2404.389892578125,0.002489126548973042,0.004953685163646663
2867,2017-05-25,2415.070068359375,0.00444194837709877,0.004878359942016039
2868,2017-05-26,2415.820068359375,0.00031054999597146526,0.004873554194613311
2869,2017-05-30,2412.909912109375,-0.0012046245861250249,0.00488786266776805
2870,2017-05-31,2411.800048828125,-0.000459968801852062,0.0048639033467116856
2871,2017-06-01,2430.06005859375,0.007571112611303388,0.0050865653600355625
2872,2017-06-02,2439.070068359375,0.0037077313104922904,0.00512394399596647
2873,2017-06-05,2436.10009765625,-0.001217665183814387,0.00512286585933801
2874,2017-06-06,2429.330078125,-0.0027790399654609166,0.005183095117507274
2875,2017-06-07,2433.139892578125,0.0015682572275503848,0.005133733568028476
2876,2017-06-08,2433.7900390625,0.00026720472849017796,0.005132662402355561
2877,2017-06-09,2431.77001953125,-0.0008299892344156845,0.0051297773013850466
2878,2017-06-12,2429.389892578125,-0.000978763178264619,0.0051404403442372355
2879,2017-06-13,2440.35009765625,0.004511505177332342,0.005168160627845844
2880,2017-06-14,2437.919921875,-0.0009958307964025304,0.005158704484795053
2881,2017-06-15,2432.4599609375,-0.0022395981461527104,0.005124297421594093
2882,2017-06-16,2433.14990234375,0.0002836393681004967,0.005117048290414627
2883,2017-06-19,2453.4599609375,0.008347228657875183,0.0032662128320947947
2884,2017-06-20,2437.030029296875,-0.0066966373620162,0.003705671882052145
2885,2017-06-21,2435.610107421875,-0.0005826443900691647,0.0035214328148752676
2886,2017-06-22,2434.5,-0.00045578207221763645,0.003409024972908689
2887,2017-06-23,2438.300048828125,0.0015609155178168965,0.003405395366722925
2888,2017-06-26,2439.070068359375,0.000315801794623205,0.003384163304347464
2889,2017-06-27,2419.3798828125,-0.00807282488613359,0.0037496595692497283
2890,2017-06-28,2440.68994140625,0.008808066374833778,0.004185979604935213
2891,2017-06-29,2419.699951171875,-0.008600023246820632,0.004603337891333803
2892,2017-06-30,2423.409912109375,0.0015332318107057485,0.0046106204232800865
2893,2017-07-03,2429.010009765625,0.002310833849555216,0.004340167373179857
2894,2017-07-05,2432.5400390625,0.001453279024245635,0.004274307495116675
2895,2017-07-06,2409.75,-0.009368823820586791,0.004706083304632484
2896,2017-07-07,2425.179931640625,0.006403125486305727,0.004896149391630852
2897,2017-07-10,2427.429931640625,0.0009277662125786179,0.004887864684514151
2898,2017-07-11,2425.530029296875,-0.0007826806116978391,0.004889281086069911
2899,2017-07-12,2443.25,0.007305607635895495,0.005136282469223174
2900,2017-07-13,2447.830078125,0.0018745843139260643,0.005140417161719461
2901,2017-07-14,2459.27001953125,0.004673503078699293,0.005146764811352745
2902,2017-07-17,2459.139892578125,-5.291283677333336e-05,0.005138823576270391
2903,2017-07-18,2460.610107421875,0.0005978573436131729,0.005104740086476086
2904,2017-07-19,2473.830078125,0.005372639356088893,0.005207056232483128
2905,2017-07-20,2473.449951171875,-0.00015365928181010347,0.004925558402205252
2906,2017-07-21,2472.5400390625,-0.00036787164783502746,0.004670765676131093
2907,2017-07-24,2469.909912109375,-0.0010637348279797232,0.004678021255722771
2908,2017-07-25,2477.1298828125,0.002923171678338221,0.0046955502685118436
2909,2017-07-26,2477.830078125,0.0002826639480466575,0.004693593221913593
2910,2017-07-27,2475.419921875,-0.0009726882691745153,0.004707181421797468
2911,2017-07-28,2472.10009765625,-0.001341115577770502,0.004313204136709211
2912,2017-07-31,2470.300048828125,-0.0007281456077897763,0.003954260455560931
2913,2017-08-01,2476.35009765625,0.0024491149692504877,0.0033986480607456643
2914,2017-08-02,2477.570068359375,0.0004926487188865458,0.003398960033297441
2915,2017-08-03,2472.159912109375,-0.002183654185644257,0.0034517543385717024
2916,2017-08-04,2476.830078125,0.0018891035295691694,0.0034568905235478043
2917,2017-08-07,2480.909912109375,0.001647199789928111,0.002601934526187899
2918,2017-08-08,2474.919921875,-0.0024144327873969473,0.002457906133490116
2919,2017-08-09,2474.02001953125,-0.00036360867105078576,0.002473237583497236
2920,2017-08-10,2438.2099609375,-0.014474441722801767,0.0040975265842646234
2921,2017-08-11,2441.320068359375,0.0012755699762128092,0.0037931160349516527
2922,2017-08-14,2465.840087890625,0.010043754544535322,0.004347663825738818
2923,2017-08-15,2464.610107421875,-0.0004988078808476626,0.004240833653040367
2924,2017-08-16,2468.110107421875,0.0014201029158569245,0.004249803859713411
2925,2017-08-17,2430.010009765625,-0.015436952160958639,0.0053945208348369685
2926,2017-08-18,2425.550048828125,-0.0018353673110713675,0.0052338789844749295
2927,2017-08-21,2428.3701171875,0.001162651069903653,0.005250104258496452
2928,2017-08-22,2452.510009765625,0.00994077978775465,0.005730646380292286
2929,2017-08-23,2444.0400390625,-0.0034535927149730306,0.005767276330642143
2930,2017-08-24,2438.969970703125,-0.0020744620703185834,0.005725843199383062
2931,2017-08-25,2443.050048828125,0.0016728693563305974,0.005744725598334723
2932,2017-08-28,2444.239990234375,0.00048707205438569545,0.005748965606538107
2933,2017-08-29,2446.300048828125,0.000842821736810162,0.005753692073084571
2934,2017-08-30,2457.590087890625,0.004615148933961866,0.00585377981128296
2935,2017-08-31,2471.64990234375,0.005720976220730423,0.0059652684647494006
2936,2017-09-01,2476.550048828125,0.001982540682532896,0.005980389988218738
2937,2017-09-05,2457.85009765625,-0.007550806889900619,0.0061797918293548006
2938,2017-09-06,2465.5400390625,0.0031287267736885838,0.00620577877057498
2939,2017-09-07,2465.10009765625,-0.00017843612323464875,0.0061922446532014
2940,2017-09-08,2461.429931640625,-0.001488850703918465,0.006180128927631349
2941,2017-09-11,2488.110107421875,0.01083929931877714,0.006614856930230386
2942,2017-09-12,2496.47998046875,0.0033639480109453057,0.005758090050620953
2943,2017-09-13,2498.3701171875,0.0007571207193879381,0.005758355124459752
2944,2017-09-14,2495.6201171875,-0.0011007176162897148,0.005410701673451656
2945,2017-09-15,2500.22998046875,0.0018471814878802117,0.005411961968893274
2946,2017-09-18,2503.8701171875,0.0014559207541648966,0.005412204866901719
2947,2017-09-19,2506.64990234375,0.0011101954279371107,0.004044447146972194
2948,2017-09-20,2508.239990234375,0.0006343478158390425,0.003983597702284873
2949,2017-09-21,2500.60009765625,-0.0030459176984141134,0.004101509531214091
2950,2017-09-22,2502.219970703125,0.0006477937229520947,0.003624469712599247
2951,2017-09-25,2496.659912109375,-0.002222050282888466,0.0035627077947376525
2952,2017-09-26,2496.840087890625,7.216672978804795e-05,0.003504134206406831
2953,2017-09-27,2507.0400390625,0.004085143947080816,0.0035610991125249744
2954,2017-09-28,2510.06005859375,0.001204615596159142,0.003557715777516039
2955,2017-09-29,2519.360107421875,0.0037051100814438076,0.00359560715441432
2956,2017-10-02,2529.1201171875,0.003874003457017716,0.003566863251418051
2957,2017-10-03,2534.580078125,0.0021588381272976687,0.0034355775678198064
2958,2017-10-04,2537.739990234375,0.0012467201713795006,0.0034306555788892108
2959,2017-10-05,2552.070068359375,0.005646787369921524,0.002965386875948614
2960,2017-10-06,2549.330078125,-0.0010736344069645076,0.0030051036625224014
2961,2017-10-09,2544.72998046875,-0.0018044339160793177,0.003068312152760571
2962,2017-10-10,2550.639892578125,0.002322412261707374,0.003001306225654169
2963,2017-10-11,2555.239990234375,0.0018035072962026,0.002188295206946773
2964,2017-10-12,2550.929931640625,-0.0016867529508860502,0.002216660102442951
2965,2017-10-13,2553.169921875,0.0008781073155288421,0.00221622160180348
2966,2017-10-16,2557.639892578125,0.0017507533144689447,0.0021711069814730594
2967,2017-10-17,2559.360107421875,0.0006725789853143649,0.00216677705663556
2968,2017-10-18,2561.260009765625,0.0007423349056041584,0.0021659918017084647
2969,2017-10-19,2562.10009765625,0.00032799789456050554,0.002171075535524133
2970,2017-10-20,2575.2099609375,0.0051168427389869375,0.0023392164822377574
2971,2017-10-23,2564.97998046875,-0.003972484039719171,0.0024260519559613164
2972,2017-10-24,2569.1298828125,0.001617908278173541,0.0024251354542729198
2973,2017-10-25,2557.14990234375,-0.004663049754275228,0.0026359759798133143
2974,2017-10-26,2560.39990234375,0.001270946219078306,0.0026262614792169725
2975,2017-10-27,2581.070068359375,0.008073022498049642,0.002955704704845509
2976,2017-10-30,2572.830078125,-0.003192470570786421,0.003109119042021214
2977,2017-10-31,2575.260009765625,0.0009444586571358826,0.003055397869819202
2978,2017-11-01,2579.360107421875,0.0015921101716727115,0.0029913357249842505
2979,2017-11-02,2579.85009765625,0.00018996581088659426,0.0029812767176008274
2980,2017-11-03,2587.840087890625,0.0030970753849743904,0.003020054742052705
2981,2017-11-06,2591.1298828125,0.0012712512404724485,0.002830218375910936
2982,2017-11-07,2590.639892578125,-0.00018910292286977715,0.00281011602027281
2983,2017-11-08,2594.3798828125,0.001443655000098465,0.0027551491563337885
2984,2017-11-09,2584.6201171875,-0.003761887644002093,0.0029050033208790553
2985,2017-11-10,2582.300048828125,-0.0008976438525517549,0.002909049265673858
2986,2017-11-13,2584.840087890625,0.0009836343625724275,0.002869649765073099
2987,2017-11-14,2578.8701171875,-0.0023096092988857952,0.0029349057016199343
2988,2017-11-15,2564.6201171875,-0.005525675723266343,0.0031820550974979212
2989,2017-11-16,2585.639892578125,0.008196058063241196,0.0036177358355897185
2990,2017-11-17,2578.85009765625,-0.0026259630899742037,0.003676489528261078
2991,2017-11-20,2582.139892578125,0.0012756828808564435,0.003682164773261165
2992,2017-11-21,2599.030029296875,0.006541139295859866,0.0037809667404991483
2993,2017-11-22,2597.080078125,-0.0007502611166068096,0.0036630633017858518
2994,2017-11-24,2602.419921875,0.0020560951489239088,0.003670206198056248
2995,2017-11-27,2601.419921875,-0.0003842577408796899,0.003487295365360309
2996,2017-11-28,2627.0400390625,0.00984851271879017,0.003987663223632554
2997,2017-11-29,2626.070068359375,-0.000369225702197995,0.003687254191185623
2998,2017-11-30,2647.580078125,0.008190950433802913,0.0038943255279872994
2999,2017-12-01,2642.219970703125,-0.002024530803113933,0.0039585060657228235
3000,2017-12-04,2639.43994140625,-0.0010521566439205543,0.003985289075489234
3001,2017-12-05,2629.570068359375,-0.0037393815604747083,0.0041119272713642
3002,2017-12-06,2629.27001953125,-0.00011410565998426492,0.004086248556220886
3003,2017-12-07,2636.97998046875,0.0029323579853828274,0.004111988853068358
3004,2017-12-08,2651.5,0.005506306319651655,0.004224135320166494
3005,2017-12-11,2659.989990234375,0.003201957471006933,0.0042482154787507505
3006,2017-12-12,2664.110107421875,0.001548922064604108,0.004104604849172982
3007,2017-12-13,2662.85009765625,-0.0004729570906678582,0.004094339982545557
3008,2017-12-14,2652.010009765625,-0.004070859227173984,0.004257675641924629
3009,2017-12-15,2675.81005859375,0.008974343513216354,0.004491124834111684
3010,2017-12-18,2690.159912109375,0.005362807225250732,0.00425186462851046
3011,2017-12-19,2681.469970703125,-0.0032302694598687065,0.004179673512910509
3012,2017-12-20,2679.25,-0.0008278931807477186,0.004108773124210399
3013,2017-12-21,2684.570068359375,0.0019856558213586784,0.004107694537098878
3014,2017-12-22,2683.340087890625,-0.0004581666477052604,0.003990587397292202
3015,2017-12-26,2680.5,-0.0010584151831672939,0.00399924525821438
3016,2017-12-27,2682.6201171875,0.0007909409391904099,0.003999146460292907
3017,2017-12-28,2687.5400390625,0.0018339987251561052,0.0039802491959665155
3018,2017-12-29,2673.610107421875,-0.005183153157965359,0.0037610587103865233
3019,2018-01-02,2695.81005859375,0.008303361477520088,0.0040735565582775655
3020,2018-01-03,2713.06005859375,0.006398818768781567,0.003942922638703498
3021,2018-01-04,2723.989990234375,0.004028636080503967,0.003924306761140709
3022,2018-01-05,2743.14990234375,0.007033767443369587,0.00406061549882272
3023,2018-01-08,2747.7099609375,0.0016623439316436617,0.003871061760314357
3024,2018-01-09,2751.2900390625,0.0013029315960912946,0.0038457990342515513
3025,2018-01-10,2748.22998046875,-0.0011122268282528491,0.003898975795517653
3026,2018-01-11,2767.56005859375,0.007033646478779465,0.00397925491332393
3027,2018-01-12,2786.239990234375,0.006749602987881076,0.004102106192558677
3028,2018-01-16,2776.419921875,-0.003524487622672101,0.004274601313904277
3029,2018-01-17,2802.56005859375,0.009415051560751175,0.004526992684170829
3030,2018-01-18,2798.030029296875,-0.0016163897301626484,0.004389720170156275
3031,2018-01-19,2810.300048828125,0.004385235112838837,0.004168296859719225
3032,2018-01-22,2832.969970703125,0.008066726499347698,0.004302469925326449
3033,2018-01-23,2839.1298828125,0.0021743654797181655,0.004118266355152382
3034,2018-01-24,2837.5400390625,-0.0005599757022828333,0.004108004469836308
3035,2018-01-25,2839.25,0.0006026209018938911,0.004128713271030843
3036,2018-01-26,2872.8701171875,0.011841196508761032,0.004515495411635094
3037,2018-01-29,2853.530029296875,-0.006731974332887192,0.0049100768231873995
3038,2018-01-30,2822.429931640625,-0.010898815620283941,0.005711609038964273
3039,2018-01-31,2823.81005859375,0.0004889853730833948,0.005724327495880499
3040,2018-02-01,2821.97998046875,-0.0006480882520516484,0.005521344707203858
3041,2018-02-02,2762.1298828125,-0.02120854792396809,0.0073270386652540456
3042,2018-02-05,2648.93994140625,-0.04097922480422822,0.011486828460414763
3043,2018-02-06,2695.139892578125,0.017440920592313836,0.01210686240237577
3044,2018-02-07,2681.659912109375,-0.005001588416939429,0.012026001962464691
3045,2018-02-08,2581.0,-0.03753641975808808,0.01430657913701239
3046,2018-02-09,2619.550048828125,0.014936090208494734,0.014777618326825287
3047,2018-02-12,2656.0,0.013914584754042503,0.01516861680887961
3048,2018-02-13,2662.93994140625,0.0026129297463290957,0.01508005676456145
3049,2018-02-14,2698.6298828125,0.013402458257245842,0.01532108247523263
3050,2018-02-15,2731.199951171875,0.012069112762299383,0.01557370741206331
3051,2018-02-16,2732.219970703125,0.0003734693722488025,0.015414525663548798
3052,2018-02-20,2716.260009765625,-0.005841389459353419,0.015448335247228533
3053,2018-02-21,2701.330078125,-0.0054965031281792864,0.015420876959592947
3054,2018-02-22,2703.9599609375,0.0009735510790762625,0.01528088717557317
3055,2018-02-23,2747.300048828125,0.01602837635051313,0.015739818368465414
3056,2018-02-26,2779.60009765625,0.011757015343810906,0.015987247429301646
3057,2018-02-27,2744.280029296875,-0.012706888443829278,0.016181741460932004
3058,2018-02-28,2713.830078125,-0.011095788639207016,0.016024880296818523
3059,2018-03-01,2677.669921875,-0.013324399541987275,0.01616952732498652
3060,2018-03-02,2691.25,0.005071602744632031,0.01614525651714033
3061,2018-03-05,2720.93994140625,0.011032026532745043,0.01637852741833738
3062,2018-03-06,2728.1201171875,0.002638858606169414,0.01640217643501852
3063,2018-03-07,2726.800048828125,-0.00048387472056610203,0.015794604218648204
3064,2018-03-08,2738.969970703125,0.004463078207817217,0.012961147274229569
3065,2018-03-09,2786.570068359375,0.01737883151892694,0.012957540274491966
3066,2018-03-12,2783.02001953125,-0.001273985129042532,0.012891329484463662
3067,2018-03-13,2765.31005859375,-0.006363576551088879,0.009678247544892523
3068,2018-03-14,2749.47998046875,-0.005724521948562322,0.009484117994022795
3069,2018-03-15,2747.330078125,-0.000781930531963182,0.009134194931193785
3070,2018-03-16,2752.010009765625,0.001703447167811456,0.009131343960756778
3071,2018-03-19,2712.919921875,-0.014204195388793028,0.00931799731566734
3072,2018-03-20,2716.93994140625,0.0014818054520648882,0.008946198354501599
3073,2018-03-21,2711.929931640625,-0.0018439898833508828,0.008951922125596009
3074,2018-03-22,2643.68994140625,-0.025162888405856454,0.01035866408180786
3075,2018-03-23,2588.260009765625,-0.02096688071186603,0.01115984870542972
3076,2018-03-26,2658.550048828125,0.02715725576151251,0.01276033409260592
3077,2018-03-27,2612.6201171875,-0.017276308813847896,0.012657406855721096
3078,2018-03-28,2605.0,-0.00291665716625622,0.012267203580283867
3079,2018-03-29,2640.8701171875,0.013769718690019195,0.012551918198515599
3080,2018-04-02,2581.8798828125,-0.022337423560165104,0.013167662934736531
3081,2018-04-03,2614.449951171875,0.012614865848792123,0.013283090341515947
3082,2018-04-04,2644.68994140625,0.01156648273982852,0.013494971861935032
3083,2018-04-05,2662.840087890625,0.0068628636575538415,0.01335079225368199
3084,2018-04-06,2604.469970703125,-0.021920248779842444,0.014049662953852895
3085,2018-04-09,2613.159912109375,0.0033365488963206236,0.014092990395466002
3086,2018-04-10,2656.8701171875,0.0167269537832615,0.014587958648067707
3087,2018-04-11,2642.18994140625,-0.005525364482924067,0.013998258489834532
3088,2018-04-12,2663.989990234375,0.008250750063987677,0.014178340173890656
3089,2018-04-13,2656.300048828125,-0.0028866254882486952,0.014145425572370314
3090,2018-04-16,2677.840087890625,0.008109038386684864,0.01426638884313915
3091,2018-04-17,2706.389892578125,0.010661504701720004,0.014485544226040188
3092,2018-04-18,2708.639892578125,0.0008313658006817715,0.014480185074511567
3093,2018-04-19,2693.1298828125,-0.005726124690152989,0.014211816271676135
3094,2018-04-20,2670.139892578125,-0.00853653230061302,0.01431428650307333
3095,2018-04-23,2670.2900390625,5.623169212687351e-05,0.014312733716505328
3096,2018-04-24,2634.56005859375,-0.01338056164164636,0.0135501850281301
3097,2018-04-25,2639.39990234375,0.001837059563023713,0.012722412350357213
3098,2018-04-26,2666.93994140625,0.010434204774367295,0.011526456385186129
3099,2018-04-27,2669.909912109375,0.0011136248915897262,0.010844859507644316
3100,2018-04-30,2648.050048828125,-0.008187490964434607,0.010993696754364837
3101,2018-05-01,2654.800048828125,0.0025490454770622506,0.010617334586374505
3102,2018-05-02,2635.669921875,-0.007205863568357729,0.009514318430074284
3103,2018-05-03,2629.72998046875,-0.0022536742393085563,0.00917043510391799
3104,2018-05-04,2663.419921875,0.012811178963797909,0.00924674258372501
3105,2018-05-07,2672.6298828125,0.0034579455015175675,0.00916084316683527
3106,2018-05-08,2671.919921875,-0.0002656413228280252,0.0077202197314278805
3107,2018-05-09,2697.7900390625,0.009682220255068819,0.007920141682605509
3108,2018-05-10,2723.070068359375,0.009370643723504823,0.0073828304187369895
3109,2018-05-11,2727.719970703125,0.0017075955546570487,0.007231116917205029
3110,2018-05-14,2730.1298828125,0.0008834895573073265,0.007071164128636989
3111,2018-05-15,2711.449951171875,-0.006842140279927467,0.007226973366195079
3112,2018-05-16,2722.4599609375,0.004060561678767671,0.0070864290480757925
3113,2018-05-17,2720.1298828125,-0.0008558723207806596,0.006738175832111124
3114,2018-05-18,2712.969970703125,-0.00263219493841671,0.00676440281775929
3115,2018-05-21,2733.010009765625,0.007386752997235124,0.006804701043639331
3116,2018-05-22,2724.43994140625,-0.0031357617896576873,0.006548571666345497
3117,2018-05-23,2733.2900390625,0.0032484098921563564,0.006563498853467709
3118,2018-05-24,2727.760009765625,-0.002023213496498033,0.005770633799447302
3119,2018-05-25,2721.330078125,-0.0023572204364039617,0.005831301911678231
3120,2018-05-29,2689.860107421875,-0.011564187290653005,0.006089942575512415
3121,2018-05-30,2724.010009765625,0.012695791223314323,0.006630589322538994
3122,2018-05-31,2705.27001953125,-0.006879559974886984,0.0065502943210308875
3123,2018-06-01,2734.6201171875,0.010849230370481022,0.006875185788680882
3124,2018-06-04,2746.8701171875,0.004479598435997323,0.006628045476230345
3125,2018-06-05,2748.800048828125,0.0007025929724704394,0.006569510417228624
3126,2018-06-06,2772.35009765625,0.008567392465728796,0.006294590446238259
3127,2018-06-07,2770.3701171875,-0.0007141884679080501,0.006306442541323027
3128,2018-06-08,2779.030029296875,0.0031259043893263616,0.006298758421671336
3129,2018-06-11,2782.0,0.001068707668436586,0.0060486777214040915
3130,2018-06-12,2786.85009765625,0.0017433852107295866,0.005783788282563189
3131,2018-06-13,2775.6298828125,-0.004026127868587581,0.005881986214382966
3132,2018-06-14,2782.489990234375,0.002471549778432225,0.005892688333642639
3133,2018-06-15,2779.659912109375,-0.001017102715529128,0.005655252660589906
3134,2018-06-18,2773.75,-0.0021261277624751163,0.005657199524996715
3135,2018-06-19,2762.590087890625,-0.004023402292699374,0.005742716504698196
3136,2018-06-20,2767.320068359375,0.0017121542893689945,0.005696464394239734
3137,2018-06-21,2749.760009765625,-0.006345510515579966,0.005706186304135868
3138,2018-06-22,2754.8798828125,0.0018619345065358228,0.0056624862766876585
3139,2018-06-25,2717.070068359375,-0.013724668973416176,0.0063834823905165984
3140,2018-06-26,2723.06005859375,0.0022045770199778936,0.0063912248632651
3141,2018-06-27,2699.6298828125,-0.008604355128821406,0.006632430218876694
3142,2018-06-28,2716.31005859375,0.00617868985946779,0.006271909481782882
3143,2018-06-29,2718.3701171875,0.0007584033300001014,0.005648675656015063
3144,2018-07-02,2726.7099609375,0.003067957412152822,0.005473812778944396
3145,2018-07-03,2713.219970703125,-0.00494735062681062,0.005054154896201698
3146,2018-07-05,2736.610107421875,0.008620803683929923,0.005312886241215968
3147,2018-07-06,2759.820068359375,0.008481281595267509,0.005622599344236457
3148,2018-07-09,2784.169921875,0.008822985887663393,0.005640952664879458
3149,2018-07-10,2793.840087890625,0.003473267180873929,0.005678852372233526
3150,2018-07-11,2774.02001953125,-0.007094202866256172,0.0058602779349840916
3151,2018-07-12,2798.2900390625,0.008749042674663476,0.006152544934182343
3152,2018-07-13,2801.31005859375,0.0010792374947172778,0.006146667263015799
3153,2018-07-16,2798.429931640625,-0.001028135726814483,0.006080146456617614
3154,2018-07-17,2809.550048828125,0.00397369863071062,0.0061129858078965765
3155,2018-07-18,2815.6201171875,0.0021605126279586884,0.0061140158128217175
3156,2018-07-19,2804.489990234375,-0.003952993120479142,0.006165030738578927
3157,2018-07-20,2801.830078125,-0.0009484477101494582,0.006091556307076025
3158,2018-07-23,2806.97998046875,0.0018380494891383492,0.006092651765712215
3159,2018-07-24,2820.39990234375,0.004780911145920941,0.005942983531402182
3160,2018-07-25,2846.070068359375,0.009101605057599604,0.006178849993882749
3161,2018-07-26,2837.43994140625,-0.0030322960242857855,0.0052793636669056536
3162,2018-07-27,2818.820068359375,-0.00656220869212365,0.005584114085196175
3163,2018-07-30,2802.60009765625,-0.005754170294581917,0.005365179203188801
3164,2018-07-31,2816.2900390625,0.004884728797982518,0.005320843842218266
3165,2018-08-01,2813.360107421875,-0.0010403515262938923,0.005349068356340907
3166,2018-08-02,2827.219970703125,0.004926444803381669,0.005388282689698064
3167,2018-08-03,2840.35009765625,0.004644183009877123,0.005213358001362487
3168,2018-08-06,2850.39990234375,0.003538227451535869,0.005019483008210957
3169,2018-08-07,2858.449951171875,0.0028241822564987196,0.004804736885644628
3170,2018-08-08,2857.699951171875,-0.0002623799656497061,0.0045381586573496665
3171,2018-08-09,2853.580078125,-0.0014416744645237012,0.00454165935688302
3172,2018-08-10,2833.280029296875,-0.007113887913551609,0.004543325827043726
3173,2018-08-13,2821.929931640625,-0.004005992185342366,0.004311436089572136
3174,2018-08-14,2839.9599609375,0.006389254777276809,0.004496444881620918
3175,2018-08-15,2818.3701171875,-0.007602164835758152,0.004818952860244396
3176,2018-08-16,2840.68994140625,0.007919408484583057,0.005029687030451578
3177,2018-08-17,2850.1298828125,0.0033231157222237684,0.005053868277687937
3178,2018-08-20,2857.050048828125,0.0024280177746833775,0.004964480527769556
3179,2018-08-21,2862.9599609375,0.0020685364303643095,0.0049539170711914975
3180,2018-08-22,2861.820068359375,-0.0003981517707819515,0.00495869703599991
3181,2018-08-23,2856.97998046875,-0.0016912621251551352,0.004908703020940418
3182,2018-08-24,2874.68994140625,0.006198839704363079,0.0047039719262340005
3183,2018-08-27,2896.739990234375,0.007670409427647185,0.004875323646480443
3184,2018-08-28,2897.52001953125,0.00026927832649970007,0.004582712850117802
3185,2018-08-29,2914.0400390625,0.005701434129840033,0.004394435106089586
3186,2018-08-30,2901.1298828125,-0.004430329054144866,0.004528094538778073
3187,2018-08-31,2901.52001953125,0.00013447750859452157,0.004505311378309925
3188,2018-09-04,2896.719970703125,-0.0016543221469484948,0.0044793308932039545
3189,2018-09-05,2888.60009765625,-0.002803126684318036,0.004481251915206087
3190,2018-09-06,2878.050048828125,-0.0036523050860121087,0.004532092965960132
3191,2018-09-07,2871.679931640625,-0.002213344827027508,0.004533616562744962
3192,2018-09-10,2877.1298828125,0.0018978268127400888,0.00454605413615508
3193,2018-09-11,2887.889892578125,0.003739841510076891,0.004584611284038077
3194,2018-09-12,2888.919921875,0.00035667194221011833,0.004254442911927448
3195,2018-09-13,2904.179931640625,0.005282254329749936,0.004205721015402754
3196,2018-09-14,2904.97998046875,0.00027548183892078804,0.004053721537661581
3197,2018-09-17,2888.800048828125,-0.005569722252617426,0.003866279449732043
3198,2018-09-18,2904.31005859375,0.005369014643958003,0.003687083984742116
3199,2018-09-19,2907.949951171875,0.0012532727238796504,0.003651587017015086
3200,2018-09-20,2930.75,0.007840591898404803,0.0039297899427340405
3201,2018-09-21,2929.669921875,-0.00036853301202766087,0.003937469639605638
3202,2018-09-24,2919.3701171875,-0.0035156877607932513,0.004046834685591713
3203,2018-09-25,2915.56005859375,-0.0013050961134796202,0.004035822415940383
3204,2018-09-26,2905.969970703125,-0.003289278113945082,0.003952150312681737
3205,2018-09-27,2914.0,0.0027632870875580196,0.003655507915793274
3206,2018-09-28,2913.97998046875,-6.870120538793323e-06,0.003656007761714239
3207,2018-10-01,2924.590087890625,0.003641105118425747,0.0035344561342216707
3208,2018-10-02,2923.429931640625,-0.0003966902079042267,0.003385941711925526
3209,2018-10-03,2925.510009765625,0.0007115197468861023,0.003386398576820049
3210,2018-10-04,2901.610107421875,-0.008169482334351885,0.003828744208714925
3211,2018-10-05,2885.570068359375,-0.005527978766503461,0.003968113617754217
3212,2018-10-08,2884.429931640625,-0.00039511662920677093,0.0038868568494730745
3213,2018-10-09,2880.340087890625,-0.0014179036575431292,0.003867889614408486
3214,2018-10-10,2785.679931640625,-0.0328642290012785,0.008005098243761579
3215,2018-10-11,2728.3701171875,-0.02057300761734404,0.00888625748651025
3216,2018-10-12,2767.1298828125,0.014206197825152422,0.009565901929589709
3217,2018-10-15,2750.7900390625,-0.005904978964482943,0.009462057271832747
3218,2018-10-16,2809.919921875,0.02149560016316343,0.010744592053978375
3219,2018-10-17,2809.2099609375,-0.00025266233815879335,0.010707380214170262
3220,2018-10-18,2768.780029296875,-0.014391922356395415,0.010954845725685032
3221,2018-10-19,2767.780029296875,-0.00036116989772350117,0.010936620108049695
3222,2018-10-22,2755.8798828125,-0.004299527548581317,0.010710583986554004
3223,2018-10-23,2740.68994140625,-0.005511829997012829,0.010712548206425346
3224,2018-10-24,2656.10009765625,-0.030864433977743855,0.012254585705169269
3225,2018-10-25,2705.570068359375,0.018625040052811848,0.013181496806241711
3226,2018-10-26,2658.68994140625,-0.017327264039978307,0.01351605799474309
3227,2018-10-29,2641.25,-0.0065595995737004476,0.013441614815976995
3228,2018-10-30,2682.6298828125,0.015666780052058682,0.014083921497578368
3229,2018-10-31,2711.739990234375,0.010851331974038647,0.014343360073142155
3230,2018-11-01,2740.3701171875,0.010557843693063784,0.014637177277636342
3231,2018-11-02,2723.06005859375,-0.0063166863793988615,0.014632848884274439
3232,2018-11-05,2738.31005859375,0.005600317169601965,0.014702322036365624
3233,2018-11-06,2755.449951171875,0.006259295774170726,0.014802140369050712
3234,2018-11-07,2813.889892578125,0.021208856064105275,0.01560768228148879
3235,2018-11-08,2806.830078125,-0.0025089163835961825,0.01561078000141635
3236,2018-11-09,2781.010009765625,-0.00919901370610332,0.014052258223749923
3237,2018-11-12,2726.219970703125,-0.01970148934024063,0.01399254731670377
3238,2018-11-13,2722.179931640625,-0.0014819196931705747,0.013632289516197934
3239,2018-11-14,2701.580078125,-0.007567410690302756,0.01366733719771813
3240,2018-11-15,2730.199951171875,0.010593753366266334,0.013004664762310252
3241,2018-11-16,2736.27001953125,0.0022233054237545957,0.013024191823210761
3242,2018-11-19,2690.72998046875,-0.01664310858849427,0.013141793282455757
3243,2018-11-20,2641.889892578125,-0.01815124083246611,0.013625118637702214
3244,2018-11-21,2649.929931640625,0.0030432907461763747,0.013656642573519121
3245,2018-11-23,2632.56005859375,-0.006554842390161242,0.013672339615643982
3246,2018-11-26,2673.449951171875,0.0155323683669224,0.012493238298919206
3247,2018-11-27,2682.169921875,0.003261692144003847,0.011836389907571077
3248,2018-11-28,2743.7900390625,0.022973979644221654,0.012193422986480303
3249,2018-11-29,2737.800048828125,-0.0021831080910337253,0.012090872431923607
3250,2018-11-30,2760.169921875,0.008170747552017188,0.011780255843800425
3251,2018-12-03,2790.3701171875,0.010941426132194287,0.011783726785541642
3252,2018-12-04,2700.06005859375,-0.03236490314939877,0.013602430660532669
3253,2018-12-06,2695.949951171875,-0.0015222281477752508,0.013544506956883152
3254,2018-12-07,2633.080078125,-0.023320118765389863,0.014319082811611709
3255,2018-12-10,2637.719970703125,0.0017621539947350051,0.014232162453035612
3256,2018-12-11,2636.780029296875,-0.00035634616892232795,0.013276334504452056
3257,2018-12-12,2651.070068359375,0.005419503676349802,0.01339357870429799
3258,2018-12-13,2650.5400390625,-0.00019993032368359476,0.013316621318997088
3259,2018-12-14,2599.949951171875,-0.019086709555430348,0.013278509205992507
3260,2018-12-17,2545.93994140625,-0.020773480559224233,0.01386208594775984
3261,2018-12-18,2546.159912109375,8.640058610476231e-05,0.013836586601915588
3262,2018-12-19,2506.9599609375,-0.01539571453679811,0.013765987748278748
3263,2018-12-20,2467.419921875,-0.01577210632742365,0.013926062951770821
3264,2018-12-21,2416.6201171875,-0.020588228309714296,0.014112715699049167
3265,2018-12-24,2351.10009765625,-0.027112254452099527,0.014636712557542413
3266,2018-12-26,2467.699951171875,0.04959374278953943,0.018686989570032814
3267,2018-12-27,2488.830078125,0.008562680784222065,0.01883005527400455
3268,2018-12-28,2485.739990234375,-0.0012415825080966947,0.018405005040561195
3269,2018-12-31,2506.85009765625,0.00849248413140935,0.01852507743323393
3270,2019-01-02,2510.030029296875,0.0012684969251244294,0.017637922977251908
3271,2019-01-03,2447.889892578125,-0.02475673039503723,0.018181999780014706
3272,2019-01-04,2531.93994140625,0.03433571464262353,0.019857468245225884
3273,2019-01-07,2549.68994140625,0.007010434848680358,0.01973649662602591
3274,2019-01-08,2574.409912109375,0.009695285023358924,0.018866563324462963
3275,2019-01-09,2584.9599609375,0.004098045450532162,0.018911273659758823
3276,2019-01-10,2596.639892578125,0.004518418782931244,0.018320684407816392
3277,2019-01-11,2596.260009765625,-0.00014629784190933748,0.01831410650285386
3278,2019-01-14,2582.610107421875,-0.005257525167898014,0.018341284764321505
3279,2019-01-15,2610.300048828125,0.010721688622945758,0.018461127056928695
3280,2019-01-16,2616.10009765625,0.0022219854881162515,0.018470489384013033
3281,2019-01-17,2635.9599609375,0.0075914003822110665,0.01805865557726785
3282,2019-01-18,2670.7099609375,0.01318305304897005,0.01757339699839556
3283,2019-01-22,2632.89990234375,-0.014157306164566674,0.017918719218484442
3284,2019-01-23,2638.699951171875,0.0022029127742235755,0.017508442815063845
3285,2019-01-24,2642.330078125,0.0013757255543636049,0.017032630231664556
3286,2019-01-25,2664.760009765625,0.008488694060713842,0.016202257862362762
3287,2019-01-28,2643.85009765625,-0.007846827493937836,0.014874165651728161
3288,2019-01-29,2640.0,-0.0014562465775435074,0.011184336070491458
3289,2019-01-30,2681.050048828125,0.01554926091974429,0.011442098237716487
3290,2019-01-31,2704.10009765625,0.008597395948725328,0.011442290640123361
3291,2019-02-01,2706.530029296875,0.0008986100931438479,0.011411552715341755
3292,2019-02-04,2724.8701171875,0.006776236617404008,0.011419491684149866
3293,2019-02-05,2737.699951171875,0.00470842037697472,0.009472410790971919
3294,2019-02-06,2731.610107421875,-0.0022244379802809355,0.006987891408418217
3295,2019-02-07,2706.050048828125,-0.009357140143940179,0.007450080580474695
3296,2019-02-08,2707.8798828125,0.0006762010869560964,0.007295408398661264
3297,2019-02-11,2709.800048828125,0.0007091030986317026,0.007291978070046708
3298,2019-02-12,2744.72998046875,0.0128902247439735,0.007630854765308067
3299,2019-02-13,2753.030029296875,0.003023994668760688,0.007607369930919109
3300,2019-02-14,2745.72998046875,-0.002651641555101225,0.007497119618591926
3301,2019-02-15,2775.60009765625,0.01087875260858695,0.007505078401386052
3302,2019-02-19,2779.760009765625,0.0014987433214488366,0.007509413401914614
3303,2019-02-20,2784.699951171875,0.0017771107537685182,0.007434282880290604
3304,2019-02-21,2774.8798828125,-0.003526436790880272,0.007141296563878818
3305,2019-02-22,2792.669921875,0.006411102394986878,0.0062480259147774785
3306,2019-02-25,2796.110107421875,0.0012318625699112573,0.006255130595524508
3307,2019-02-26,2793.89990234375,-0.0007904570968998437,0.00629317416024772
3308,2019-02-27,2792.3798828125,-0.0005440493877303387,0.006181441956876191
3309,2019-02-28,2784.489990234375,-0.0028255083152146643,0.005880232500637141
3310,2019-03-01,2803.68994140625,0.00689532059343434,0.005890684481829837
3311,2019-03-04,2792.81005859375,-0.003880558492514008,0.005308878938720674
3312,2019-03-05,2789.64990234375,-0.001131532823106185,0.005123922128419205
3313,2019-03-06,2771.449951171875,-0.006524098653592381,0.005397601787283759
3314,2019-03-07,2748.929931640625,-0.00812571755868352,0.005582174814526896
3315,2019-03-08,2743.070068359375,-0.0021316888487414865,0.005521787962151309
3316,2019-03-11,2783.300048828125,0.014666041867757107,0.006301815194691737
3317,2019-03-12,2791.52001953125,0.0029533182046204143,0.00588296375635943
3318,2019-03-13,2810.919921875,0.006949583813841809,0.005995600658237371
3319,2019-03-14,2808.47998046875,-0.0008680223820187738,0.006017602168528962
3320,2019-03-15,2822.47998046875,0.00498490290027398,0.005530399404304218
3321,2019-03-18,2832.93994140625,0.0037059469012648005,0.005542508234198068
3322,2019-03-19,2832.570068359375,-0.0001305615560248663,0.005482303059769778
3323,2019-03-20,2824.22998046875,-0.0029443536044478913,0.005128616783982245
3324,2019-03-21,2854.8798828125,0.010852481049954399,0.0055587802483164145
3325,2019-03-22,2800.7099609375,-0.018974501239482744,0.007027649204077602
3326,2019-03-25,2798.360107421875,-0.000839020658475631,0.006981462342795515
3327,2019-03-26,2818.4599609375,0.007182725862306283,0.007014923699367336
3328,2019-03-27,2805.3701171875,-0.0046443248906916645,0.007094810935485883
3329,2019-03-28,2815.43994140625,0.003589481529391092,0.007127823996537979
3330,2019-03-29,2834.39990234375,0.0067342800173637585,0.007251055219615774
3331,2019-04-01,2867.18994140625,0.011568600124275408,0.007560203122469756
3332,2019-04-02,2867.239990234375,1.745570720723677e-05,0.0074619118563303095
3333,2019-04-03,2873.39990234375,0.002148376881724312,0.007382655438118229
3334,2019-04-04,2879.389892578125,0.0020846350796801527,0.007363618077147768
3335,2019-04-05,2892.739990234375,0.004636432770241061,0.007168798024190092
3336,2019-04-08,2895.77001953125,0.0010474599539205265,0.006811279944201257
3337,2019-04-09,2878.199951171875,-0.006067494393846573,0.0069851780434988025
3338,2019-04-10,2888.2099609375,0.0034778715639784963,0.006419633997359378
3339,2019-04-11,2888.320068359375,3.8123067008344336e-05,0.006422682097133074
3340,2019-04-12,2907.409912109375,0.006609324208602496,0.006409508068892418
3341,2019-04-15,2905.580078125,-0.0006293691084816588,0.006405412567566801
3342,2019-04-16,2907.06005859375,0.0005093580038946222,0.006362581072216521
3343,2019-04-17,2900.449951171875,-0.0022738117853239315,0.00638538415752529
3344,2019-04-18,2905.030029296875,0.0015790922795098083,0.006380216005590634
3345,2019-04-22,2907.969970703125,0.001012017561471401,0.006314191167720061
3346,2019-04-23,2933.679931640625,0.008841205788409079,0.006183229603911349
3347,2019-04-24,2927.25,-0.002191763174733685,0.0043241611249564835
3348,2019-04-25,2926.169921875,-0.0003689736527457965,0.004310503840087543
3349,2019-04-26,2939.8798828125,0.0046852921407636305,0.004200115895237586
3350,2019-04-29,2943.030029296875,0.001071522174355355,0.003943168400361357
3351,2019-04-30,2945.830078125,0.0009514170090862972,0.0039386045392842085
3352,2019-05-01,2923.72998046875,-0.007502163081421376,0.004289226075522366
3353,2019-05-02,2917.52001953125,-0.0021239857917741967,0.0036993952065882308
3354,2019-05-03,2945.639892578125,0.009638279380647763,0.004144609276212075
3355,2019-05-06,2932.469970703125,-0.004470988428756373,0.004312040896899318
3356,2019-05-07,2884.050048828125,-0.016511651392423388,0.0056811489158654594
3357,2019-05-08,2879.419921875,-0.0016054253132695706,0.005598490628167166
3358,2019-05-09,2870.719970703125,-0.0030214249424966866,0.005622655920003323
3359,2019-05-10,2881.39990234375,0.0037202972597878414,0.005537766314138423
3360,2019-05-13,2811.8701171875,-0.02413055719884427,0.007506014450458295
3361,2019-05-14,2834.409912109375,0.008015944543135589,0.007756684488702652
3362,2019-05-15,2850.9599609375,0.00583897507464215,0.007723182188329751
3363,2019-05-16,2876.320068359375,0.008895287120600504,0.007998891871675762
3364,2019-05-17,2859.530029296875,-0.005837333350761975,0.008077493649169392
3365,2019-05-20,2840.22998046875,-0.0067493779153879885,0.008174330934165742
3366,2019-05-21,2864.360107421875,0.008495835590448308,0.008404835882589817
3367,2019-05-22,2856.27001953125,-0.0028243962306494508,0.0084094489310134
3368,2019-05-23,2822.239990234375,-0.01191414994527018,0.008442722338307476
3369,2019-05-24,2826.06005859375,0.0013535590072402126,0.008467179380444712
3370,2019-05-28,2802.389892578125,-0.008375676922946718,0.008584656089395733
3371,2019-05-29,2783.02001953125,-0.0069119122568113145,0.008515054356205856
3372,2019-05-30,2788.860107421875,0.0020984713906617714,0.00853808789453841
3373,2019-05-31,2752.06005859375,-0.01319537280847849,0.008801702051967656
3374,2019-06-03,2744.449951171875,-0.0027652403144732274,0.008745382980268142
3375,2019-06-04,2803.27001953125,0.021432370568193138,0.010163699018045955
3376,2019-06-05,2826.14990234375,0.008161854781411959,0.010089423161382671
3377,2019-06-06,2843.489990234375,0.006135586748687638,0.01021000266861917
3378,2019-06-07,2873.340087890625,0.01049769746289475,0.00991978850981952
3379,2019-06-10,2886.72998046875,0.0046600444669098184,0.00996500992315731
3380,2019-06-11,2885.719970703125,-0.00034988023558091275,0.009940607642190425
3381,2019-06-12,2879.840087890625,-0.0020375791387226005,0.009921611869665297
3382,2019-06-13,2891.639892578125,0.004097381912668174,0.008350146165493214
3383,2019-06-14,2886.97998046875,-0.001611511904139773,0.008233180602792125
3384,2019-06-17,2889.669921875,0.0009317492412306283,0.008158223417117997
3385,2019-06-18,2917.75,0.009717399870633026,0.008199591947092749
3386,2019-06-19,2926.4599609375,0.002985163546397107,0.008080428669770266
3387,2019-06-20,2954.179931640625,0.009472185190685156,0.00807176861453483
3388,2019-06-21,2950.4599609375,-0.0012592227925193322,0.007954704471174523
3389,2019-06-24,2945.35009765625,-0.0017318870104667816,0.007930599368743844
3390,2019-06-25,2917.3798828125,-0.009496397343734198,0.007751656682430001
3391,2019-06-26,2913.780029296875,-0.0012339337557076835,0.00777416564317307
3392,2019-06-27,2924.919921875,0.003823175554131808,0.007471428795691478
3393,2019-06-28,2941.760009765625,0.0057574526279098315,0.007238571626072623
3394,2019-07-01,2964.330078125,0.007672301032188189,0.007319128709809795
3395,2019-07-02,2973.010009765625,0.002928125887423194,0.006389043752163713
3396,2019-07-03,2995.820068359375,0.007672378673070135,0.006285563144981816
3397,2019-07-05,2990.409912109375,-0.00180590159841032,0.005049390684287968
3398,2019-07-08,2975.949951171875,-0.004835444424841517,0.005169950684254491
3399,2019-07-09,2979.6298828125,0.0012365569653400854,0.005104820353695703
3400,2019-07-10,2993.070068359375,0.0045106896075925995,0.004787822592675489
3401,2019-07-11,2999.909912109375,0.002285226738359958,0.004748492693131717
3402,2019-07-12,3013.77001953125,0.004620174547884881,0.004761524482597522
3403,2019-07-15,3014.300048828125,0.00017586919155743175,0.004695377087216432
3404,2019-07-16,3004.0400390625,-0.003403778522185874,0.004813303026669371
3405,2019-07-17,2984.419921875,-0.006531243569450895,0.005083421149102961
3406,2019-07-18,2995.110107421875,0.003581997784064761,0.005100134979287319
3407,2019-07-19,2976.610107421875,-0.00617673452276668,0.005027074103104787
3408,2019-07-22,2985.030029296875,0.002828694915066654,0.005024123490657085
3409,2019-07-23,3005.469970703125,0.006847482673755456,0.0048389514338148705
3410,2019-07-24,3019.56005859375,0.004688147952890187,0.0048847023563406014
3411,2019-07-25,3003.669921875,-0.005262401280453521,0.005036571247383219
3412,2019-07-26,3025.860107421875,0.007387691099234761,0.004647727202178667
3413,2019-07-29,3020.969970703125,-0.0016161146071345112,0.0046598014033527955
3414,2019-07-30,3013.179931640625,-0.0025786549148275606,0.004717413370400886
3415,2019-07-31,2980.3798828125,-0.010885526112695776,0.005280031010254953
3416,2019-08-01,2953.56005859375,-0.00899879386967306,0.005412292808762859
3417,2019-08-02,2932.050048828125,-0.007282739927037873,0.0055711152895829225
3418,2019-08-05,2844.739990234375,-0.0297778200029859,0.008076362266357976
3419,2019-08-06,2881.77001953125,0.013017017169932643,0.008714216374934332
3420,2019-08-07,2883.97998046875,0.0007668762331907164,0.008698358207122428
3421,2019-08-08,2938.090087890625,0.018762303409984193,0.00969566699708956
3422,2019-08-09,2918.64990234375,-0.00661660635492356,0.00970698741156043
3423,2019-08-12,2882.699951171875,-0.012317322177972212,0.009960529298866603
3424,2019-08-13,2926.320068359375,0.015131688322181258,0.010517795269478816
3425,2019-08-14,2840.60009765625,-0.029292752911742603,0.012082964420562592
3426,2019-08-15,2847.60009765625,0.0024642680276520945,0.012129609901846118
3427,2019-08-16,2888.679931640625,0.014426124657807904,0.012600025403692742
3428,2019-08-19,2923.64990234375,0.012105865492430645,0.012888420299157842
3429,2019-08-20,2900.510009765625,-0.007914727601131322,0.012926820734445916
3430,2019-08-21,2924.429931640625,0.00824679859557964,0.013056123338938463
3431,2019-08-22,2922.949951171875,-0.0005060748601761755,0.012943318051852294
3432,2019-08-23,2847.110107421875,-0.025946336754618105,0.013894396412198248
3433,2019-08-26,2878.3798828125,0.010982987735216332,0.014173743592681006
3434,2019-08-27,2869.159912109375,-0.003203180635808267,0.014024538675006078
3435,2019-08-28,2887.93994140625,0.006545480165679685,0.014151408255497402
3436,2019-08-29,2924.580078125,0.012687291793508804,0.014489292201362795
3437,2019-08-30,2926.4599609375,0.0006427872591217021,0.014332015226276605
3438,2019-09-03,2906.27001953125,-0.00689910050906084,0.014281235677229744
3439,2019-09-04,2937.780029296875,0.010842079212828093,0.014401782348985544
3440,2019-09-05,2976.0,0.013009813642266721,0.01298134911434318
3441,2019-09-06,2978.7099609375,0.0009106051537297599,0.012752599173031894
3442,2019-09-09,2978.429931640625,-9.401025965849463e-05,0.012756543309518049
3443,2019-09-10,2979.389892578125,0.0003223043548219451,0.012163340328670072
3444,2019-09-11,3000.929931640625,0.007229681189480308,0.012124575958781622
3445,2019-09-12,3009.570068359375,0.002879153101061016,0.01173640621287237
3446,2019-09-13,3007.389892578125,-0.0007244143620946941,0.011374540809125307
3447,2019-09-16,2997.9599609375,-0.0031355866640028207,0.009179088965088992
3448,2019-09-17,3005.699951171875,0.0025817523700197853,0.00917910491338444
3449,2019-09-18,3006.72998046875,0.00034269198975556137,0.008790599776854226
3450,2019-09-19,3006.7900390625,1.997472142156731e-05,0.008492350737994913
3451,2019-09-20,2992.070068359375,-0.0048955765157830955,0.008359538892807833
3452,2019-09-23,2991.780029296875,-9.693591923765066e-05,0.008224544021550215
3453,2019-09-24,2966.60009765625,-0.008416371322106486,0.00846600074302794
3454,2019-09-25,2984.8701171875,0.006158571742003405,0.006084773861800809
3455,2019-09-26,2977.6201171875,-0.002428916406865711,0.005825877901779707
3456,2019-09-27,2961.7900390625,-0.005316352490240539,0.005924699012650964
3457,2019-09-30,2976.739990234375,0.005047606675254723,0.0058718706902518075
3458,2019-10-01,2940.25,-0.012258373372913245,0.005994509942954088
3459,2019-10-02,2887.610107421875,-0.017903202985502964,0.007133891699437129
3460,2019-10-03,2910.6298828125,0.00797191259701524,0.007211036544029517
3461,2019-10-04,2952.010009765625,0.014216897585460186,0.007481418134125838
3462,2019-10-07,2938.7900390625,-0.004478294673592398,0.006972466627205156
3463,2019-10-08,2893.06005859375,-0.015560819201407838,0.00765888792431806
3464,2019-10-09,2919.39990234375,0.0091044925499415,0.007972366839935224
3465,2019-10-10,2938.1298828125,0.006415695380997066,0.008120561912983592
3466,2019-10-11,2970.27001953125,0.010938977513132997,0.00832680234619503
3467,2019-10-14,2966.14990234375,-0.0013871187334510982,0.008295600481820311
3468,2019-10-15,2995.679931640625,0.009955676641137279,0.008596690014503918
3469,2019-10-16,2989.68994140625,-0.0019995427986508885,0.008581249857802915
3470,2019-10-17,2997.949951171875,0.0027628315736780706,0.00858402127934254
3471,2019-10-18,2986.199951171875,-0.003919344949506964,0.008621987887951613
3472,2019-10-21,3006.719970703125,0.006871616056117524,0.008755887189119984
3473,2019-10-22,2995.989990234375,-0.003568666378412577,0.008724816671925878
3474,2019-10-23,3004.52001953125,0.0028471487971184484,0.008744274321770372
3475,2019-10-24,3010.2900390625,0.0019204463587332299,0.008532724972238361
3476,2019-10-25,3022.550048828125,0.004072700506109195,0.008480608077337254
3477,2019-10-28,3039.419921875,0.005581337868471481,0.008516038338039999
3478,2019-10-29,3036.889892578125,-0.0008324053147991117,0.008411464859635566
3479,2019-10-30,3046.77001953125,0.00325337015914573,0.008380747626144724
3480,2019-10-31,3037.56005859375,-0.0030228605633046968,0.00789759997797888
3481,2019-11-01,3066.909912109375,0.009662312168146059,0.0067781522628303495
3482,2019-11-04,3078.27001953125,0.003704089049704651,0.006682397506923167
3483,2019-11-05,3074.6201171875,-0.001185699214361291,0.006192978119402627
3484,2019-11-06,3076.780029296875,0.0007024972279667807,0.006036620935016072
3485,2019-11-07,3085.179931640625,0.0027300951851503275,0.0045687752587395495
3486,2019-11-08,3093.080078125,0.0025606760900243053,0.004356174045040331
3487,2019-11-11,3087.010009765625,-0.0019624672514313435,0.0043764804037815675
3488,2019-11-12,3091.840087890625,0.0015646460846321375,0.003924042780118935
3489,2019-11-13,3094.0400390625,0.0007115345908383919,0.0038671477505870275
3490,2019-11-14,3096.6298828125,0.0008370427393644686,0.0034296574809916424
3491,2019-11-15,3120.4599609375,0.007695488006902673,0.003576521324604583
3492,2019-11-18,3122.030029296875,0.0005031528617669423,0.0035846227189539823
3493,2019-11-19,3120.179931640625,-0.0005925944462060739,0.003394741813646549
3494,2019-11-20,3108.4599609375,-0.003756184245747196,0.0034248968014555558
3495,2019-11-21,3103.5400390625,-0.0015827522106851566,0.003308604572801991
3496,2019-11-22,3110.2900390625,0.0021749356911917594,0.0032997237210266005
3497,2019-11-25,3133.639892578125,0.007507291353015866,0.0035339193495475445
3498,2019-11-26,3140.52001953125,0.0021955703874654287,0.003499764448263228
3499,2019-11-27,3153.6298828125,0.004174424362754614,0.003438698345176276
3500,2019-11-29,3140.97998046875,-0.004011219709926239,0.0036118838613654228
3501,2019-12-02,3113.8701171875,-0.008631020716408422,0.0041863491152628165
3502,2019-12-03,3093.199951171875,-0.00663809511563529,0.004416376364141974
3503,2019-12-04,3112.760009765625,0.00632356747139462,0.004147783802240988
3504,2019-12-05,3117.429931640625,0.0015002511791302187,0.004097654772663396
3505,2019-12-06,3145.909912109375,0.009135724328457329,0.004460350562549438
3506,2019-12-09,3135.9599609375,-0.00316282139344648,0.0045499984841290315
3507,2019-12-10,3132.52001953125,-0.0010969340964486207,0.004548904111662805
3508,2019-12-11,3141.6298828125,0.002908158040315856,0.0045562613785472056
3509,2019-12-12,3168.570068359375,0.008575225775086182,0.004807989038404708
3510,2019-12-13,3168.800048828125,7.258178414493166e-05,0.004813077811266135
3511,2019-12-16,3191.449951171875,0.007147785279833618,0.004979221068015768
3512,2019-12-17,3192.52001953125,0.00033529222633799094,0.004983174571626108
3513,2019-12-18,3191.139892578125,-0.00043230017186479675,0.004791746903538411
3514,2019-12-19,3205.3701171875,0.004459292004863613,0.004844988838321787
3515,2019-12-20,3221.219970703125,0.004944781081796634,0.004890538501459146
3516,2019-12-23,3224.010009765625,0.0008661436002121992,0.00475308278680641
3517,2019-12-24,3223.3798828125,-0.00019544819997963092,0.004716922266891196
3518,2019-12-26,3239.909912109375,0.005128166675301138,0.0047717650972447226
3519,2019-12-27,3240.02001953125,3.398471712534601e-05,0.004614650666215136
3520,2019-12-30,3221.2900390625,-0.005780822450430323,0.004866252644248603
3521,2019-12-31,3230.780029296875,0.0029460216619106028,0.004837051973865472
3522,2020-01-02,3257.85009765625,0.008378802677341701,0.0049326892900916856
3523,2020-01-03,3234.85009765625,-0.007059870562045378,0.004785574128173795
3524,2020-01-06,3246.280029296875,0.0035333728907271933,0.004414024792133603
3525,2020-01-07,3237.179931640625,-0.0028032386528962228,0.004437565540627782
3526,2020-01-08,3253.050048828125,0.004902451368978156,0.004485915860133801
3527,2020-01-09,3274.699951171875,0.006655262605488987,0.0043249173090587345
3528,2020-01-10,3265.35009765625,-0.002855178689662563,0.004308456548862813
3529,2020-01-13,3288.1298828125,0.006976215252569862,0.004388711979245009
3530,2020-01-14,3283.14990234375,-0.001514532772802224,0.004456237906262697
3531,2020-01-15,3289.2900390625,0.0018701968845122874,0.004208553132074738
3532,2020-01-16,3316.81005859375,0.00836655302646827,0.004421055556812794
3533,2020-01-17,3329.6201171875,0.003862162248501333,0.0042956568743442855
3534,2020-01-21,3320.7900390625,-0.0026519776473655776,0.004394772584473109
3535,2020-01-22,3321.75,0.0002890760711180551,0.004379979619758644
3536,2020-01-23,3325.5400390625,0.0011409766124783616,0.004342247027038794
3537,2020-01-24,3295.469970703125,-0.009042160974207403,0.004837668184153588
3538,2020-01-27,3243.6298828125,-0.015730711659182384,0.006017515047944949
3539,2020-01-28,3276.239990234375,0.010053584595046017,0.0063646079507627545
3540,2020-01-29,3273.39990234375,-0.0008668741908683941,0.00629661017398695
3541,2020-01-30,3283.659912109375,0.003134358792605374,0.006320648976831968
3542,2020-01-31,3225.52001953125,-0.01770582037552626,0.007327512986209912
3543,2020-02-03,3248.919921875,0.007254613892351713,0.007463919830413298
3544,2020-02-04,3297.590087890625,0.014980414164082134,0.00792352232845667
3545,2020-02-05,3334.68994140625,0.01125059589785371,0.00804343142527449
3546,2020-02-06,3345.780029296875,0.003325672876785646,0.008040946397410927
3547,2020-02-07,3327.7099609375,-0.005400853672730133,0.008124309567334955
3548,2020-02-10,3352.090087890625,0.007326397804890528,0.008191844652438322
3549,2020-02-11,3357.75,0.0016884725532351208,0.008108020043830938
3550,2020-02-12,3379.449951171875,0.006462646466197652,0.008131051280550139
3551,2020-02-13,3373.93994140625,-0.0016304457368023773,0.008066557836338424
3552,2020-02-14,3380.159912109375,0.0018435333204338544,0.008044431091139632
3553,2020-02-18,3370.2900390625,-0.002919942636890105,0.008094505982560559
3554,2020-02-19,3386.14990234375,0.004705785881164548,0.007975580688623888
3555,2020-02-20,3373.22998046875,-0.00381551976362815,0.008010961014105424
3556,2020-02-21,3337.75,-0.01051810302712286,0.0083331279244188
3557,2020-02-24,3225.889892578125,-0.03351362667122315,0.011013640594125462
3558,2020-02-25,3128.2099609375,-0.030279995565056117,0.012607803594875261
3559,2020-02-26,3116.389892578125,-0.0037785406053220116,0.0125314288086906
3560,2020-02-27,2978.760009765625,-0.04416324258407911,0.015156385665506079
3561,2020-02-28,2954.219970703125,-0.008238340444361891,0.014861780218418316
3562,2020-03-02,3090.22998046875,0.046039229006110016,0.01837085533732514
3563,2020-03-03,3003.3701171875,-0.028107896121075893,0.019111054517209566
3564,2020-03-04,3130.1201171875,0.04220259077449118,0.021200063318718567
3565,2020-03-05,3023.93994140625,-0.033922077046888544,0.022216091471027117
3566,2020-03-06,2972.3701171875,-0.01705385200037013,0.02202906125056949
3567,2020-03-09,2746.56005859375,-0.07596969747745097,0.026465522071510175
3568,2020-03-10,2882.22998046875,0.04939630628156144,0.029129586668403953
3569,2020-03-11,2741.3798828125,-0.048868445131273974,0.03050404501998346
3570,2020-03-12,2480.639892578125,-0.09511268097833658,0.035423227630390346
3571,2020-03-13,2711.02001953125,0.09287124972971839,0.041953633946758925
3572,2020-03-16,2386.1298828125,-0.11984055240393443,0.04797089610574995
3573,2020-03-17,2529.18994140625,0.05995484974402432,0.05049291300187924
3574,2020-03-18,2398.10009765625,-0.051830762729157875,0.05109658347597894
3575,2020-03-19,2409.389892578125,0.0047078080405855705,0.051202655459406665
3576,2020-03-20,2304.919921875,-0.04335951230846191,0.051397391616628756
3577,2020-03-23,2237.39990234375,-0.02929386782180443,0.051395528129670354
3578,2020-03-24,2447.330078125,0.09382773976227554,0.056594528723715516
3579,2020-03-25,2475.56005859375,0.011535011448221999,0.05661183148872397
3580,2020-03-26,2630.070068359375,0.062414163303876835,0.0584820307367316
3581,2020-03-27,2541.469970703125,-0.033687352562252526,0.05876977624294819
3582,2020-03-30,2626.64990234375,0.03351600948370015,0.058799923241748334
3583,2020-03-31,2584.590087890625,-0.016012721914555605,0.05884971395186991
3584,2020-04-01,2470.5,-0.04414243033166543,0.05830805950923309
3585,2020-04-02,2526.89990234375,0.02282934723487151,0.05850295519051813
3586,2020-04-03,2488.64990234375,-0.015137125124949469,0.05751399417927242
3587,2020-04-06,2663.679931640625,0.07033131865275055,0.05960092199177356
3588,2020-04-07,2659.409912109375,-0.0016030527844311804,0.059531287717736865
3589,2020-04-08,2749.97998046875,0.03405645287963033,0.05773360939414017
3590,2020-04-09,2789.820068359375,0.014487410153376512,0.0568318567141484
3591,2020-04-13,2761.6298828125,-0.010104660822607414,0.0558343413392207
3592,2020-04-14,2846.06005859375,0.030572589146256046,0.05172062721935122
3593,2020-04-15,2783.360107421875,-0.022030438529415775,0.0483885966850455
3594,2020-04-16,2799.550048828125,0.005816689462164515,0.03996437504696287
3595,2020-04-17,2874.56005859375,0.026793594848223412,0.038511989101792966
3596,2020-04-20,2823.159912109375,-0.01788104803401469,0.036699610094202195
3597,2020-04-21,2736.56005859375,-0.030674795694063395,0.037617970985991823
3598,2020-04-22,2799.31005859375,0.022930247703843776,0.03605953146888899
3599,2020-04-23,2797.800048828125,-0.0005394221197431159,0.03509546408346737
3600,2020-04-24,2836.739990234375,0.013918057304545428,0.02983222160379573
3601,2020-04-27,2878.47998046875,0.014714069804799612,0.029862137533231844
3602,2020-04-28,2863.389892578125,-0.005242380698498916,0.02728872535930411
3603,2020-04-29,2939.510009765625,0.026583916282167053,0.026309366136505585
3604,2020-04-30,2912.429931640625,-0.009212446303987654,0.02582857049030539
3605,2020-05-01,2830.7099609375,-0.028059034078492195,0.02641669888446389
3606,2020-05-04,2842.739990234375,0.004249827591976452,0.024087955498670453
3607,2020-05-05,2868.43994140625,0.009040556385797371,0.023825504975763332
3608,2020-05-06,2848.419921875,-0.006979410390386298,0.02354191932783148
3609,2020-05-07,2881.18994140625,0.011504630788313985,0.01879991668232674
3610,2020-05-08,2929.800048828125,0.016871538638701944,0.01896167330979485
3611,2020-05-11,2930.18994140625,0.00013307822091168653,0.017794091632353223
3612,2020-05-12,2870.1201171875,-0.020500317528877154,0.018279215611984496
3613,2020-05-13,2820.0,-0.01746272460422804,0.01856577424041708
3614,2020-05-14,2852.5,0.01152482269503552,0.01754260071853814
3615,2020-05-15,2863.699951171875,0.0039263632504382695,0.01683119895622817
3616,2020-05-18,2953.909912109375,0.03150119163168075,0.018000174134411805
3617,2020-05-19,2922.93994140625,-0.010484399194493177,0.017357083082572524
3618,2020-05-20,2971.610107421875,0.01665110025908012,0.017137546632237047
3619,2020-05-21,2948.510009765625,-0.007773596407737116,0.015660089801443403
3620,2020-05-22,2955.449951171875,0.002353711326488428,0.015047692464216573
3621,2020-05-26,2991.77001953125,0.012289184036080147,0.01516920210480458
3622,2020-05-27,3036.1298828125,0.014827297215913804,0.015201110076742366
3623,2020-05-28,3029.72998046875,-0.0021079145460738413,0.01501645652748642
3624,2020-05-29,3044.31005859375,0.004812335824971425,0.014924298034889668
3625,2020-06-01,3055.72998046875,0.003751234813537785,0.013961339499520333
3626,2020-06-02,3080.820068359375,0.008210832780053412,0.013796711301953667
3627,2020-06-03,3122.8701171875,0.013648979133831007,0.012142547573575137
3628,2020-06-04,3112.35009765625,-0.0033687022311144066,0.012259439151618633
3629,2020-06-05,3193.929931640625,0.026211650818398713,0.013100159290323508
3630,2020-06-08,3232.389892578125,0.012041579421169235,0.012899471627582048
3631,2020-06-09,3207.179931640625,-0.007799170822611612,0.013150173495352087
3632,2020-06-10,3190.139892578125,-0.0053130910724373814,0.013043932411103054
3633,2020-06-11,3002.10009765625,-0.05894405927443824,0.018716445098256086
3634,2020-06-12,3041.31005859375,0.013060843963234703,0.01821840950430282
3635,2020-06-15,3066.590087890625,0.008312217041285264,0.017674070204106666
3636,2020-06-16,3124.739990234375,0.01896239819380252,0.017895217857015422
3637,2020-06-17,3113.489990234375,-0.0036002995561740248,0.01797462719105917
3638,2020-06-18,3115.340087890625,0.0005942198825281686,0.016895433841804603
3639,2020-06-19,3097.739990234375,-0.005649494809462974,0.016748474112727438
3640,2020-06-22,3117.860107421875,0.006495095537691675,0.0164858606210363
3641,2020-06-23,3131.2900390625,0.004307419569164139,0.016334185308846928
3642,2020-06-24,3050.330078125,-0.025855145939064572,0.017445838807729527
3643,2020-06-25,3083.760009765625,0.010959447267809841,0.017409255288079985
3644,2020-06-26,3009.050048828125,-0.024226905044785974,0.017970390513838985
3645,2020-06-29,3053.239990234375,0.014685678433118632,0.018242326079804094
3646,2020-06-30,3100.2900390625,0.015409875731554612,0.018499354857949516
3647,2020-07-01,3115.860107421875,0.005022132820864389,0.01851035199752118
3648,2020-07-02,3130.010009765625,0.004541250844364075,0.0184592431704259
3649,2020-07-06,3179.719970703125,0.01588172586745884,0.018538720856761663
3650,2020-07-07,3145.320068359375,-0.010818532028197159,0.018689509717510742
3651,2020-07-08,3169.93994140625,0.007827461915415501,0.01788584594122659
3652,2020-07-09,3152.050048828125,-0.005643606159361103,0.017706612779683526
3653,2020-07-10,3185.0400390625,0.01046620127324438,0.017800132928448453
3654,2020-07-13,3155.219970703125,-0.009362541127788226,0.017876726724418687
3655,2020-07-14,3197.52001953125,0.013406370782667931,0.01239880585454456
3656,2020-07-15,3226.56005859375,0.009082050740923053,0.012272591411558871
3657,2020-07-16,3215.570068359375,-0.0034061012455366413,0.012274597206909005
3658,2020-07-17,3224.72998046875,0.002848612194617406,0.01169577648405115
3659,2020-07-20,3251.840087890625,0.0084069387471426,0.011726633561503599
3660,2020-07-21,3257.300048828125,0.0016790373419135474,0.011722526263038843
3661,2020-07-22,3276.02001953125,0.005747082068739751,0.01161538605566121
3662,2020-07-23,3235.659912109375,-0.012319859824193036,0.012002051738937957
3663,2020-07-24,3215.6298828125,-0.006190400054688405,0.012104046366793447
3664,2020-07-27,3239.409912109375,0.007395138795039502,0.01052785397754091
3665,2020-07-28,3218.43994140625,-0.006473392152297919,0.01053977540199788
3666,2020-07-29,3258.43994140625,0.01242838167815008,0.00897825630560087
3667,2020-07-30,3246.219970703125,-0.003750251937389204,0.00875824652535344
3668,2020-07-31,3271.1201171875,0.007670504990141325,0.00837581870830331
3669,2020-08-03,3294.610107421875,0.00718102343932614,0.008419620935365794
3670,2020-08-04,3306.510009765625,0.0036119303819721615,0.008411601136064099
3671,2020-08-05,3327.77001953125,0.006429743053199433,0.007924467512951077
3672,2020-08-06,3349.159912109375,0.00642769555966427,0.007422735210319749
3673,2020-08-07,3351.280029296875,0.0006330295486443038,0.00735275283554462
3674,2020-08-10,3360.469970703125,0.002742218294476073,0.007121062013350956
3675,2020-08-11,3333.68994140625,-0.007969132154236114,0.007276094769886838
3676,2020-08-12,3380.35009765625,0.013996549490237653,0.00722782376594913
3677,2020-08-13,3373.429931640625,-0.002047174350497949,0.006929653111422404
3678,2020-08-14,3372.85009765625,-0.00017188262276812694,0.006787971587307336
3679,2020-08-17,3381.989990234375,0.0027098425110787527,0.006678686457584041
3680,2020-08-18,3389.780029296875,0.002303389154016955,0.00667763340959109
3681,2020-08-19,3374.85009765625,-0.0044043954214108005,0.006677661516162884
3682,2020-08-20,3385.510009765625,0.0031586327691348615,0.006684777582135866
3683,2020-08-21,3397.159912109375,0.0034411070444764214,0.006637484997429085
3684,2020-08-24,3431.280029296875,0.010043718303008653,0.006081676991716604
3685,2020-08-25,3443.6201171875,0.0035963511532906,0.005750118896959589
3686,2020-08-26,3478.72998046875,0.010195626139483993,0.005878502830776675
3687,2020-08-27,3484.550048828125,0.0016730440109038458,0.005479098063693036
3688,2020-08-28,3508.010009765625,0.00673256535528588,0.005169467388451054
3689,2020-08-31,3500.31005859375,-0.0021949627140287475,0.0050772276739843615
3690,2020-09-01,3526.64990234375,0.007525003016613407,0.005071551013640719
3691,2020-09-02,3580.840087890625,0.015365910154807594,0.005628876905848192
3692,2020-09-03,3455.06005859375,-0.03512584371534122,0.010031012974098539
3693,2020-09-04,3426.9599609375,-0.008133027264274895,0.010207061552439207
3694,2020-09-08,3331.840087890625,-0.027756342102360998,0.011869583485772143
3695,2020-09-09,3398.9599609375,0.02014498633677464,0.012636454420216698
3696,2020-09-10,3339.18994140625,-0.01758479659017942,0.013211555213892792
3697,2020-09-11,3340.969970703125,0.0005330721905940639,0.013097471831538485
3698,2020-09-14,3383.5400390625,0.012741829089357504,0.013037043933959684
3699,2020-09-15,3401.199951171875,0.005219359577689042,0.013071399277290448
3700,2020-09-16,3385.489990234375,-0.004618946596211537,0.013115867116449022
3701,2020-09-17,3357.010009765625,-0.008412365876402483,0.013230511457031486
3702,2020-09-18,3319.469970703125,-0.011182581807410497,0.01341754538413775
3703,2020-09-21,3281.06005859375,-0.011571097930805796,0.013593401314370406
3704,2020-09-22,3315.570068359375,0.010517945160813724,0.013794606545226925
3705,2020-09-23,3236.919921875,-0.023721455093028143,0.01458456262906678
3706,2020-09-24,3246.590087890625,0.0029874591429570607,0.014381152561790785
3707,2020-09-25,3298.4599609375,0.0159767237756141,0.014861665657800801
3708,2020-09-28,3351.60009765625,0.016110590199083896,0.015140831111964908
3709,2020-09-29,3335.469970703125,-0.0048126645432444715,0.015137604206183364
3710,2020-09-30,3363.0,0.008253718228220741,0.015182203008544615
3711,2020-10-01,3380.800048828125,0.005292907769290922,0.015256822723834985
3712,2020-10-02,3348.419921875,-0.009577652178616392,0.01521254559276067
3713,2020-10-05,3408.60009765625,0.01797270867614209,0.015365617426272212
3714,2020-10-06,3360.969970703125,-0.013973515692226712,0.013782548996212734
3715,2020-10-07,3419.43994140625,0.01739675486921799,0.014235110348501756
3716,2020-10-08,3446.830078125,0.008010123642494982,0.012893726793373686
3717,2020-10-09,3477.139892578125,0.00879353312061526,0.012332119333706409
3718,2020-10-12,3534.219970703125,0.01641581296364758,0.012004247135055485
3719,2020-10-13,3511.929931640625,-0.006306918994084421,0.01214944998176118
3720,2020-10-14,3488.669921875,-0.006623141753502759,0.012061238484372842
3721,2020-10-15,3483.340087890625,-0.0015277553060997207,0.012046901077555332
3722,2020-10-16,3483.81005859375,0.00013491955745537076,0.011980864597617618
3723,2020-10-19,3426.919921875,-0.016329861778318078,0.012400296819497622
3724,2020-10-20,3443.1201171875,0.004727334073110212,0.012115995853062196
3725,2020-10-21,3435.56005859375,-0.0021956999281005363,0.011786124437757305
3726,2020-10-22,3453.489990234375,0.005218925396392127,0.011660665758808104
3727,2020-10-23,3465.389892578125,0.003445761353703114,0.01015764235823162
3728,2020-10-26,3400.969970703125,-0.018589516294535646,0.011166118799076995
3729,2020-10-27,3390.679931640625,-0.0030256189119989285,0.010775652324962713
3730,2020-10-28,3271.030029296875,-0.035287878760604796,0.012796261394056251
3731,2020-10-29,3310.110107421875,0.011947330894238384,0.013056388324563593
3732,2020-10-30,3269.9599609375,-0.012129550130175693,0.013146016323269838
3733,2020-11-02,3310.239990234375,0.01231820260127181,0.01339401517267128
3734,2020-11-03,3369.159912109375,0.01779929009643455,0.013811929589616294
3735,2020-11-04,3443.43994140625,0.02204704770168342,0.014083801718706348
3736,2020-11-05,3510.449951171875,0.01946019413896294,0.014244084616641615
3737,2020-11-06,3509.43994140625,-0.00028771518741854685,0.013831404729177146
3738,2020-11-09,3550.5,0.01169988923568721,0.01393893533470187
3739,2020-11-10,3545.530029296875,-0.0013997945931910616,0.013852044963142773
3740,2020-11-11,3572.659912109375,0.007651855318760337,0.013508694579477136
3741,2020-11-12,3537.010009765625,-0.009978532303877019,0.013620043641426414
3742,2020-11-13,3585.14990234375,0.013610335409063534,0.013804226248307055
3743,2020-11-16,3626.909912109375,0.011648051240012336,0.013959184454234143
3744,2020-11-17,3609.530029296875,-0.004791925698091615,0.01402872095327628
3745,2020-11-18,3567.7900390625,-0.011563829610944043,0.0137713600141314
3746,2020-11-19,3581.8701171875,0.003946442467421596,0.013764794794339752
3747,2020-11-20,3557.5400390625,-0.006792562915180156,0.013864272664371855
3748,2020-11-23,3577.590087890625,0.005635930617216234,0.013869626273180821
3749,2020-11-24,3635.409912109375,0.016161668273416252,0.014206775579748608
3750,2020-11-25,3629.64990234375,-0.001584418237524976,0.013460452530301556
3751,2020-11-27,3638.35009765625,0.002396979198154181,0.013393395374565525
3752,2020-11-30,3621.6298828125,-0.004595548640170977,0.010460354963321044
3753,2020-12-01,3662.449951171875,0.011271187194776155,0.010438990843910135
3754,2020-12-02,3669.010009765625,0.0017911667548251575,0.009773510900021827
3755,2020-12-03,3666.719970703125,-0.000624157213091503,0.00971987359078726
3756,2020-12-04,3699.1201171875,0.008836275129611826,0.009324681262646529
3757,2020-12-07,3691.9599609375,-0.0019356376714373402,0.008517742582391798
3758,2020-12-08,3702.25,0.002787148065356293,0.00770580346198982
3759,2020-12-09,3672.820068359375,-0.007949201604598555,0.008002784555637238
3760,2020-12-10,3668.10009765625,-0.0012851080682624305,0.00773550234353147
3761,2020-12-11,3663.4599609375,-0.0012649972997506032,0.007733140205295636
3762,2020-12-14,3647.489990234375,-0.004359258971957769,0.007703319775164025
3763,2020-12-15,3694.6201171875,0.012921249154708825,0.007700488022750714
3764,2020-12-16,3701.169921875,0.0017727951669590514,0.007251961007962099
3765,2020-12-17,3722.47998046875,0.005757654753379748,0.006961348667391488
3766,2020-12-18,3709.409912109375,-0.0035111185091528663,0.006913993490365954
3767,2020-12-21,3694.919921875,-0.0039062790518439305,0.006411965706623739
3768,2020-12-22,3687.260009765625,-0.002073092860288006,0.006436007477841186
3769,2020-12-23,3690.010009765625,0.000745811250824957,0.006177985364870279
3770,2020-12-24,3703.06005859375,0.0035365890047962534,0.006130021040246586
3771,2020-12-28,3735.360107421875,0.008722529021144565,0.005455810427252218
3772,2020-12-29,3727.0400390625,-0.00222738052560012,0.005473397934701972
3773,2020-12-30,3732.0400390625,0.0013415471654707467,0.005467198881719471
3774,2020-12-31,3756.070068359375,0.006438845522919845,0.005418961680726741
3775,2021-01-04,3700.64990234375,-0.014754827521051062,0.006030010686857229
3776,2021-01-05,3726.860107421875,0.007082595157549276,0.006187881960760465
3777,2021-01-06,3748.139892578125,0.005709842747752214,0.006268719168365117
3778,2021-01-07,3803.7900390625,0.014847403800101189,0.00673909581268497
3779,2021-01-08,3824.679931640625,0.005491862685268911,0.006755792553898013
3780,2021-01-11,3799.610107421875,-0.006554750898592476,0.006969695033182433
3781,2021-01-12,3801.18994140625,0.0004157884466327033,0.006668237551626137
3782,2021-01-13,3809.840087890625,0.0022756417379066196,0.0066384292525671846
3783,2021-01-14,3795.5400390625,-0.0037534511943366766,0.006712955436414165
3784,2021-01-15,3768.25,-0.007190027975370938,0.006858821416667906
3785,2021-01-19,3798.909912109375,0.008136379515524483,0.006548379619595187
3786,2021-01-20,3851.85009765625,0.013935625421946263,0.007082994005710186
3787,2021-01-21,3853.070068359375,0.0003167233075522802,0.007034490800363305
3788,2021-01-22,3841.469970703125,-0.0030106116552376383,0.007017990498613405
3789,2021-01-25,3855.360107421875,0.0036158389430824833,0.006918729342923287
3790,2021-01-26,3849.6201171875,-0.0014888337468982327,0.0069036291610681776
3791,2021-01-27,3750.77001953125,-0.025677883699462,0.009083569984646612
3792,2021-01-28,3787.3798828125,0.009760625975629766,0.009268482571298264
3793,2021-01-29,3714.239990234375,-0.019311475173124593,0.010058990398872954
3794,2021-02-01,3773.860107421875,0.016051767614439383,0.010623433971920377
3795,2021-02-02,3826.31005859375,0.013898223484416938,0.010994769338656401
3796,2021-02-03,3830.169921875,0.0010087690809532646,0.010932157704470234
3797,2021-02-04,3871.739990234375,0.010853322230420792,0.010537010219605838
3798,2021-02-05,3886.830078125,0.003897495164625342,0.01048719323278582
3799,2021-02-08,3915.590087890625,0.007399348360373592,0.010522050481119696
3800,2021-02-09,3911.22998046875,-0.0011135249921484514,0.010140383244085817
3801,2021-02-10,3909.8798828125,-0.00034518493235935477,0.010102216665754423
3802,2021-02-11,3916.3798828125,0.0016624551635393559,0.009958507441589822
3803,2021-02-12,3934.830078125,0.0047110331133788375,0.009979873223293306
3804,2021-02-16,3932.590087890625,-0.0005692724183511411,0.009989395370748015
3805,2021-02-17,3931.330078125,-0.0003204020092266724,0.00993021886698688
3806,2021-02-18,3913.969970703125,-0.004415835627354592,0.00982977183677843
3807,2021-02-19,3906.7099609375,-0.0018548966445751658,0.009752249654172963
3808,2021-02-22,3876.5,-0.0077328394581538396,0.009508441189771288
3809,2021-02-23,3881.3701171875,0.0012563181187927874,0.009510472669078163
3810,2021-02-24,3925.429931640625,0.01135161376597904,0.009756674410049557
3811,2021-02-25,3829.340087890625,-0.02447880752512621,0.011142202077412814
3812,2021-02-26,3811.14990234375,-0.004750214169902844,0.011181123982291704
3813,2021-03-01,3901.820068359375,0.023790763506800205,0.010823240540377884
3814,2021-03-02,3870.2900390625,-0.008080851690870694,0.010870773361390062
3815,2021-03-03,3819.719970703125,-0.01306622187199813,0.010384655067419271
3816,2021-03-04,3768.469970703125,-0.013417213930100202,0.010294825289276596
3817,2021-03-05,3841.93994140625,0.01949596819778221,0.010715633005066057
3818,2021-03-08,3821.35009765625,-0.005359231030161227,0.010779696070341889
3819,2021-03-09,3875.43994140625,0.01415464230382213,0.010960163098175326
3820,2021-03-10,3898.81005859375,0.006030313342701321,0.011004688654720691
3821,2021-03-11,3939.340087890625,0.010395487004435822,0.011116033239604554
3822,2021-03-12,3943.340087890625,0.0010153984958789497,0.011112099391864772
3823,2021-03-15,3968.93994140625,0.006491921301497117,0.01118474061708562
3824,2021-03-16,3962.7099609375,-0.0015696837343783798,0.011193290067094595
3825,2021-03-17,3974.1201171875,0.00287938213053085,0.011167995873993199
3826,2021-03-18,3915.4599609375,-0.014760539319459198,0.01163351297223659
3827,2021-03-19,3913.10009765625,-0.0006027039747036333,0.011633884213244733
3828,2021-03-22,3940.590087890625,0.007025118077311765,0.011689539457489401
3829,2021-03-23,3910.52001953125,-0.007630854183940605,0.011806248871181957
3830,2021-03-24,3889.139892578125,-0.00546733601831495,0.011744294161294761
3831,2021-03-25,3909.52001953125,0.005240265846959469,0.011791753655827924
3832,2021-03-26,3974.5400390625,0.016631202604519668,0.012075665737314589
3833,2021-03-29,3971.090087890625,-0.0008680126852336212,0.01070931683833509
3834,2021-03-30,3958.550048828125,-0.0031578329337678124,0.010668893636924878
3835,2021-03-31,3972.889892578125,0.0036224990395776757,0.009488794074972695
3836,2021-04-01,4019.8701171875,0.011825201774944727,0.009544180495804983
3837,2021-04-05,4077.909912109375,0.014438226417743616,0.009306894409439109
3838,2021-04-06,4073.93994140625,-0.0009735307519511682,0.008612679599327685
3839,2021-04-07,4079.949951171875,0.001475232784985625,0.007850541798331905
3840,2021-04-08,4097.169921875,0.0042206328286402695,0.007641337575237284
3841,2021-04-09,4128.7998046875,0.007719934348738189,0.007318415073422217
3842,2021-04-12,4127.990234375,-0.00019607884876882142,0.00731231809527892
3843,2021-04-13,4141.58984375,0.0032944868090414303,0.007106831678450874
3844,2021-04-14,4124.66015625,-0.004087726727828533,0.007232999349951046
3845,2021-04-15,4170.419921875,0.01109419052516647,0.00743081623598387
3846,2021-04-16,4185.47021484375,0.0036088195555097347,0.007384952869753421
3847,2021-04-19,4163.259765625,-0.005306560094486046,0.007569634422381945
3848,2021-04-20,4134.93994140625,-0.006802319771775922,0.0068823375679061775
3849,2021-04-21,4173.419921875,0.009306055472153574,0.006992642594190438
3850,2021-04-22,4134.97998046875,-0.009210657476561801,0.0073882015523433165
3851,2021-04-23,4180.169921875,0.010928696540176919,0.007268815176426277
3852,2021-04-26,4187.6201171875,0.001782270924804541,0.007023996961505797
3853,2021-04-27,4186.72021484375,-0.00021489588801437698,0.0070518109654877275
3854,2021-04-28,4183.18017578125,-0.0008455399168898481,0.006415592889415742
3855,2021-04-29,4211.47021484375,0.006762806734045723,0.0064396816015275865
3856,2021-04-30,4181.169921875,-0.007194706699326425,0.006667858760034683
3857,2021-05-03,4192.66015625,0.002748090747253684,0.006663523941106291
3858,2021-05-04,4164.66015625,-0.006678337608227225,0.006594073724653985
3859,2021-05-05,4167.58984375,0.0007034637617677753,0.005941630429427255
3860,2021-05-06,4201.6201171875,0.008165456466051824,0.006113620015877314
3861,2021-05-07,4232.60009765625,0.007373341616968343,0.006244019797794144
3862,2021-05-10,4188.43017578125,-0.010435647322188157,0.006724494340739954
3863,2021-05-11,4152.10009765625,-0.00867391280271812,0.006854174392653258
3864,2021-05-12,4063.0400390625,-0.021449400664502738,0.008274767366194851
3865,2021-05-13,4112.5,0.012173141406923493,0.008684604930334737
3866,2021-05-14,4173.85009765625,0.014917956876899785,0.009217197036518606
3867,2021-05-17,4163.2900390625,-0.0025300521932207776,0.008930335070143498
3868,2021-05-18,4127.830078125,-0.008517292959364653,0.009067588345738441
3869,2021-05-19,4115.68017578125,-0.002943411456817757,0.009022952134066016
3870,2021-05-20,4159.1201171875,0.010554741756143349,0.009201203242644401
3871,2021-05-21,4155.85986328125,-0.0007838806801412357,0.008980018037993991
3872,2021-05-24,4197.0498046875,0.009911292190138532,0.008986992423408193
3873,2021-05-25,4188.1298828125,-0.0021252837802967495,0.008707187109553136
3874,2021-05-26,4195.990234375,0.0018768165702687245,0.008708068482654626
3875,2021-05-27,4200.8798828125,0.0011653145418315525,0.008710459261030905
3876,2021-05-28,4204.10986328125,0.0007688818911402162,0.0087081219396064
3877,2021-06-01,4202.0400390625,-0.0004923335226864056,0.008586788905251401
3878,2021-06-02,4208.1201171875,0.0014469348384307246,0.008441616547543322
3879,2021-06-03,4192.85009765625,-0.0036287033416374515,0.008463945245863825
3880,2021-06-04,4229.89013671875,0.008834095710505974,0.008523865478894542
3881,2021-06-07,4226.52001953125,-0.0007967387044511831,0.00853018217293163
3882,2021-06-08,4227.259765625,0.00017502486450582388,0.008364485487695394
3883,2021-06-09,4219.5498046875,-0.0018238673194856947,0.00822329838520085
3884,2021-06-10,4239.18017578125,0.004652243012262192,0.007945432792718744
3885,2021-06-11,4247.43994140625,0.0019484346695590737,0.007674582661188187
3886,2021-06-14,4255.14990234375,0.0018152018730952513,0.0057988072961928615
3887,2021-06-15,4246.58984375,-0.0020116937805257917,0.005402624342026195
3888,2021-06-16,4223.7001953125,-0.005390124612855707,0.004683094517660184
3889,2021-06-17,4221.85986328125,-0.00043571559205179966,0.0046385718875192
3890,2021-06-18,4166.4501953125,-0.013124468779900589,0.005147969228656956
3891,2021-06-21,4224.7900390625,0.014002289962720793,0.0058395343068121525
3892,2021-06-22,4246.43994140625,0.005124491902218642,0.005532251025260807
3893,2021-06-23,4241.83984375,-0.0010832833431588806,0.005537109960649857
3894,2021-06-24,4266.490234375,0.005811249724885448,0.005284209252213215
3895,2021-06-25,4280.7001953125,0.0033305973193167304,0.0052703838590544
3896,2021-06-28,4290.60986328125,0.0023149642620619026,0.00527465144827395
3897,2021-06-29,4291.7998046875,0.00027733619326086867,0.0052769428364901625
3898,2021-06-30,4297.5,0.0013281596467464851,0.005277188982671602
3899,2021-07-01,4319.93994140625,0.0052216268542757405,0.005339840503850402
3900,2021-07-02,4352.33984375,0.007500081663913916,0.005502737478661249
3901,2021-07-06,4343.5400390625,-0.0020218560598241897,0.00544108239243179
3902,2021-07-07,4358.1298828125,0.003358975310182588,0.005215979139355676
3903,2021-07-08,4320.81982421875,-0.008561024934316985,0.005616933412788959
3904,2021-07-09,4369.5498046875,0.011277947808795874,0.0060217404406130185
3905,2021-07-12,4384.6298828125,0.0034511743312370946,0.005987039024258209
3906,2021-07-13,4369.2099609375,-0.0035168126585656267,0.006052284770850883
3907,2021-07-14,4374.2998046875,0.0011649345752446916,0.006051157884008801
3908,2021-07-15,4360.02978515625,-0.0032622408541723713,0.006129138594973008
3909,2021-07-16,4327.16015625,-0.007538854211077806,0.006372303789142977
3910,2021-07-19,4258.490234375,-0.015869512427409305,0.007200684460581537
3911,2021-07-20,4323.06005859375,0.015162609437855634,0.007853099418748486
3912,2021-07-21,4358.68994140625,0.008241819990835397,0.007311848200491257
3913,2021-07-22,4367.47998046875,0.0020166699583279435,0.006810389316740742
3914,2021-07-23,4411.7900390625,0.010145452020822843,0.007017453296456553
3915,2021-07-26,4422.2998046875,0.0023821998626283314,0.006989397388649522
3916,2021-07-27,4401.4599609375,-0.0047124448070912095,0.007069974219631843
3917,2021-07-28,4400.64013671875,-0.0001862618826539153,0.007064961134817098
3918,2021-07-29,4419.14990234375,0.004206152980007483,0.0070896076559972794
3919,2021-07-30,4395.259765625,-0.0054060480514769305,0.007233282197182667
3920,2021-08-02,4387.16015625,-0.001842805614891363,0.007260235732563753
3921,2021-08-03,4423.14990234375,0.0082034265474622,0.007370495309494485
3922,2021-08-04,4402.66015625,-0.004632387901412294,0.00732253406209003
3923,2021-08-05,4429.10009765625,0.006005446813494242,0.007388074236750193
3924,2021-08-06,4436.52001953125,0.001675266241764728,0.007370230421952227
3925,2021-08-09,4432.35009765625,-0.0009399082741974318,0.0070809171119418255
3926,2021-08-10,4436.75,0.0009926793341701323,0.006712627501902132
3927,2021-08-11,4442.41015625,0.0012757437876824707,0.006686380917128298
3928,2021-08-12,4460.830078125,0.004146380281677686,0.006660353520868729
3929,2021-08-13,4468.0,0.001607306655808216,0.006661653755777311
3930,2021-08-16,4479.7099609375,0.002620850702215849,0.006600842706038156
3931,2021-08-17,4448.080078125,-0.00706069881494753,0.00657123833831612
3932,2021-08-18,4400.27001953125,-0.010748470745585936,0.006000994133607308
3933,2021-08-19,4405.7998046875,0.0012566922329095842,0.00516880056291345
3934,2021-08-20,4441.669921875,0.008141567655737925,0.005162036187100772
3935,2021-08-23,4479.52978515625,0.00852379036424833,0.005411257807406068
3936,2021-08-24,4486.22998046875,0.0014957363013194946,0.005028465720866496
3937,2021-08-25,4496.18994140625,0.002220118224179668,0.005026113826561653
3938,2021-08-26,4470.0,-0.005824918819612557,0.005089053729374853
3939,2021-08-27,4509.3701171875,0.008807632480425154,0.005366872405744504
3940,2021-08-30,4528.7900390625,0.004306570844779589,0.00536966071576019
3941,2021-08-31,4522.68017578125,-0.0013491160395050494,0.00520160066048819
3942,2021-09-01,4524.08984375,0.0003116886257619189,0.005159471913405648
3943,2021-09-02,4536.9501953125,0.002842638410522902,0.0049455424658456275
3944,2021-09-03,4535.43017578125,-0.0003350311257153127,0.004787929934007425
3945,2021-09-07,4520.02978515625,-0.003395574405981705,0.004773299851804257
3946,2021-09-08,4514.06982421875,-0.001318566739775151,0.004793823586265998
3947,2021-09-09,4493.27978515625,-0.004605608657393345,0.004919206979831842
3948,2021-09-10,4458.580078125,-0.007722578759925436,0.005229917502092075
3949,2021-09-13,4468.72998046875,0.0022764876184568905,0.00524372369173666
3950,2021-09-14,4443.0498046875,-0.00574663850657553,0.005320156373403231
3951,2021-09-15,4480.7001953125,0.008473996979569742,0.005622127067551323
3952,2021-09-16,4473.75,-0.0015511404489350067,0.0056049429466069785
3953,2021-09-17,4432.990234375,-0.009110872450405094,0.005742489601927634
3954,2021-09-20,4357.72998046875,-0.01697731100841482,0.006405755712919036
3955,2021-09-21,4354.18994140625,-0.0008123585165593639,0.006395118242457172
3956,2021-09-22,4395.64013671875,0.009519611195260236,0.006489998405319797
3957,2021-09-23,4448.97998046875,0.012134715784494876,0.006767564815054418
3958,2021-09-24,4455.47998046875,0.001461009046688222,0.006767132716557278
3959,2021-09-27,4443.10986328125,-0.0027763826213396126,0.006762697036557323
3960,2021-09-28,4352.6298828125,-0.020364110556098214,0.007917783731562177
3961,2021-09-29,4359.4599609375,0.0015691842194003325,0.007628143446910158
3962,2021-09-30,4307.5400390625,-0.011909714125195148,0.007820617155347091
3963,2021-10-01,4357.0400390625,0.01149147763018199,0.008351765368329959
3964,2021-10-04,4300.4599609375,-0.012985898136748442,0.00867704206546445
3965,2021-10-05,4345.72021484375,0.010524514660609219,0.009039391231854842
3966,2021-10-06,4363.5498046875,0.004102792854185466,0.009125467311458767
3967,2021-10-07,4399.759765625,0.008298280656405366,0.009360442268237245
3968,2021-10-08,4391.33984375,-0.0019137230947889883,0.009361712240958789
3969,2021-10-11,4361.18994140625,-0.006865763848056816,0.009413008253990622
3970,2021-10-12,4350.64990234375,-0.0024167805585421087,0.009308353823619827
3971,2021-10-13,4363.7998046875,0.00302251448379387,0.009322480473837585
3972,2021-10-14,4438.259765625,0.01706310194558336,0.010016424033018643
3973,2021-10-15,4471.3701171875,0.007460210377712606,0.00997783507794384
3974,2021-10-18,4486.4599609375,0.00337476955709759,0.00999772680250683
3975,2021-10-19,4519.6298828125,0.007393339551406308,0.009886214859458958
3976,2021-10-20,4536.18994140625,0.0036640298040166996,0.009050239398866452
3977,2021-10-21,4549.77978515625,0.002995871849622578,0.00903299043582939
3978,2021-10-22,4544.89990234375,-0.0010725536274130976,0.008896498354197148
3979,2021-10-25,4566.47998046875,0.004748196569493546,0.008613154074093242
3980,2021-10-26,4574.7900390625,0.0018197952535197182,0.008613969573713815
3981,2021-10-27,4551.68017578125,-0.005051568068462853,0.008677873767265398
3982,2021-10-28,4596.419921875,0.009829281576461124,0.007411112586647528
3983,2021-10-29,4605.3798828125,0.001949334719149265,0.007409266223374618
3984,2021-11-01,4613.669921875,0.0018000771431341267,0.006677960311517299
3985,2021-11-02,4630.64990234375,0.0036803630854131963,0.006415669596838018
3986,2021-11-03,4660.56982421875,0.006461279195357994,0.00539715466515654
3987,2021-11-04,4680.06005859375,0.004181942361150437,0.005178883148691667
3988,2021-11-05,4697.52978515625,0.003732799652949259,0.005177050100040502
3989,2021-11-08,4701.7001953125,0.0008877879113036169,0.005081366726479588
3990,2021-11-09,4685.25,-0.003498775895770745,0.005165400040303726
3991,2021-11-10,4646.7099609375,-0.008225823395229703,0.005295129352982291
3992,2021-11-11,4649.27001953125,0.0005509400447352153,0.005189990834554251
3993,2021-11-12,4682.85009765625,0.007222656026415475,0.005266207252235343
3994,2021-11-15,4682.7998046875,-1.0739820344718431e-05,0.004299193748624353
3995,2021-11-16,4700.89990234375,0.003865229864862485,0.00416593558383959
3996,2021-11-17,4688.669921875,-0.002601625374463401,0.00428473892565394
3997,2021-11-18,4704.5400390625,0.0033847802152713324,0.004127463995116653
3998,2021-11-19,4697.9599609375,-0.001398665559303236,0.004161474308704744
3999,2021-11-22,4682.93994140625,-0.0031971365563219223,0.004270744566658577
4000,2021-11-23,4690.7001953125,0.001657132912945114,0.00423742248813304
4001,2021-11-24,4701.4599609375,0.0022938506357221833,0.0041782073813982044
4002,2021-11-26,4594.6201171875,-0.022724822637582465,0.006610883846625337
4003,2021-11-29,4655.27001953125,0.013200199537034996,0.007048874578474466
4004,2021-11-30,4567.0,-0.01896131033450521,0.007955118111986023
4005,2021-12-01,4513.0400390625,-0.011815187417889228,0.008306489355451746
4006,2021-12-02,4577.10009765625,0.01419443613158311,0.0088967646708511
4007,2021-12-03,4538.43017578125,-0.008448563730297565,0.009011885456759877
4008,2021-12-06,4591.669921875,0.011730872577451423,0.009282139292149666
4009,2021-12-07,4686.75,0.020707080374404274,0.010303037206040172
4010,2021-12-08,4701.2099609375,0.0030852853123166657,0.01029313234143554
4011,2021-12-09,4667.4501953125,-0.007181080169894716,0.01040634501438626
4012,2021-12-10,4712.02001953125,0.009549073338481762,0.010584484164656719
4013,2021-12-13,4668.97021484375,-0.009136167611567658,0.01062116983161698
4014,2021-12-14,4634.08984375,-0.0074706775774360246,0.010748040091535115
4015,2021-12-15,4709.85009765625,0.016348464630746795,0.011210014502079802
4016,2021-12-16,4668.669921875,-0.008743415379980468,0.01137571943863571
4017,2021-12-17,4620.64013671875,-0.010287680637092622,0.011541229937564545
4018,2021-12-20,4568.02001953125,-0.01138805785140995,0.011759448868142057
4019,2021-12-21,4649.22998046875,0.017777934551572505,0.012404587329725152
4020,2021-12-22,4696.56005859375,0.010180197220578835,0.012607029827669272
4021,2021-12-23,4725.7900390625,0.006223699921661829,0.012650966655562312
4022,2021-12-27,4791.18994140625,0.01383893524747526,0.012967101625808075
4023,2021-12-28,4786.35009765625,-0.0010101548486260992,0.012971072138553684
4024,2021-12-29,4793.06005859375,0.0014018951394270118,0.011850599313780477
4025,2021-12-30,4778.72998046875,-0.0029897555945093135,0.011621837201897292
4026,2021-12-31,4766.18017578125,-0.0026261799136575448,0.010758497691550573
4027,2022-01-03,4796.56005859375,0.006374052530970564,0.010337133081908806
4028,2022-01-04,4793.5400390625,-0.000629621957060511,0.010039535209018534
4029,2022-01-05,4700.580078125,-0.019392757790687165,0.010829765508575034
4030,2022-01-06,4696.0498046875,-0.0009637690162076495,0.010603041662955264
4031,2022-01-07,4677.02978515625,-0.004050216740091761,0.009695218199874532
4032,2022-01-10,4670.2900390625,-0.0014410312534549607,0.00967352841733149
4033,2022-01-11,4713.06982421875,0.009159984668711818,0.009743528197903499
4034,2022-01-12,4726.35009765625,0.002817754443029452,0.00954917454298607
4035,2022-01-13,4659.02978515625,-0.0142436152864307,0.009844023851131332
4036,2022-01-14,4662.85009765625,0.0008199802697488323,0.009704141413591091
4037,2022-01-18,4577.10986328125,-0.018387945694007368,0.00979853813351773
4038,2022-01-19,4532.759765625,-0.009689541868338813,0.009834988812817426
4039,2022-01-20,4482.72998046875,-0.01103737849414832,0.009868869059377288
4040,2022-01-21,4397.93994140625,-0.018914821867908604,0.010352766955072371
4041,2022-01-24,4410.1298828125,0.002771738943381896,0.009466705660078685
4042,2022-01-25,4356.4501953125,-0.012171906253646725,0.009254504840190338
4043,2022-01-26,4349.93017578125,-0.0014966358477518371,0.009016713998119373
4044,2022-01-27,4326.509765625,-0.00538408875771057,0.008120941430265545
4045,2022-01-28,4431.85009765625,0.024347646888076113,0.010189928000457635
4046,2022-01-31,4515.5498046875,0.018885951732779516,0.011215868458420378
4047,2022-02-01,4546.5400390625,0.00686300355780145,0.011396798252443135
4048,2022-02-02,4589.3798828125,0.00942251544733641,0.011661736693615235
4049,2022-02-03,4477.43994140625,-0.024391082077444004,0.012470065647386097
4050,2022-02-04,4500.52978515625,0.0051569298644233985,0.012584059857500008
4051,2022-02-07,4483.8701171875,-0.0037017126347429485,0.012030579183529955
4052,2022-02-08,4521.5400390625,0.008401207191663262,0.01223566724691355
4053,2022-02-09,4587.18017578125,0.014517207887505545,0.012693882578733556
4054,2022-02-10,4504.080078125,-0.01811572566845976,0.013220596265928183
4055,2022-02-11,4418.64013671875,-0.01896945434456343,0.013491695286189377
4056,2022-02-14,4401.669921875,-0.0038405967262932217,0.013433267923361454
4057,2022-02-15,4471.06982421875,0.01576672117072042,0.013771877244877963
4058,2022-02-16,4475.009765625,0.0008812077558950637,0.013772433737032628
4059,2022-02-17,4380.259765625,-0.021173138152195015,0.01394413076570763
4060,2022-02-18,4348.8701171875,-0.0071661613961429005,0.01388729636786075
4061,2022-02-22,4304.759765625,-0.010142945264832837,0.013860213312702367
4062,2022-02-23,4225.5,-0.018412122845487655,0.013830947734618158
4063,2022-02-24,4288.7001953125,0.014956856067329216,0.014257017849515042
4064,2022-02-25,4384.64990234375,0.022372677655603468,0.014876587416000108
4065,2022-02-28,4373.93994140625,-0.002442603440647617,0.014883692799241184
4066,2022-03-01,4306.259765625,-0.015473503680411893,0.0152206130145915
4067,2022-03-02,4386.5400390625,0.018642691757321028,0.014827741560568708
4068,2022-03-03,4363.490234375,-0.005254666430088317,0.014216136968208077
4069,2022-03-04,4328.8701171875,-0.007934042550334475,0.014153547905650425
4070,2022-03-07,4201.08984375,-0.029518158313449172,0.015046538944977171
4071,2022-03-08,4170.7001953125,-0.00723375351819977,0.014363108978201049
4072,2022-03-09,4277.8798828125,0.02569824789143582,0.015545879624239254
4073,2022-03-10,4259.52001953125,-0.004291813651667864,0.015549124010706772
4074,2022-03-11,4204.31005859375,-0.012961545123475138,0.015521593549265552
4075,2022-03-14,4173.10986328125,-0.007421002465963666,0.015026907687291504
4076,2022-03-15,4262.4501953125,0.021408574170870942,0.015632371293105202
4077,2022-03-16,4357.85986328125,0.02238376135718223,0.016024761571239443
4078,2022-03-17,4411.669921875,0.01234781757145198,0.016234701254495998
4079,2022-03-18,4463.1201171875,0.011662294827948783,0.016070392626003387
4080,2022-03-21,4461.18017578125,-0.00043466036210393355,0.016069570017711386
4081,2022-03-22,4511.60986328125,0.0113041136006502,0.015515787516556292
4082,2022-03-23,4456.240234375,-0.012272698789159042,0.015688197044132712
4083,2022-03-24,4520.16015625,0.01434391292056647,0.015711773429061483
4084,2022-03-25,4543.06005859375,0.005066170567449069,0.015017136770375231
4085,2022-03-28,4575.52001953125,0.007144955276586762,0.0148221163291221
4086,2022-03-29,4631.60009765625,0.012256547427530462,0.01434336514943671
4087,2022-03-30,4602.4501953125,-0.0062937001746978805,0.014430964930315917
4088,2022-03-31,4530.41015625,-0.015652540713177343,0.01444158079874608
4089,2022-04-01,4545.85986328125,0.0034102225843584133,0.01398410145372494
4090,2022-04-04,4582.64013671875,0.008090938687879357,0.013956742017466248
4091,2022-04-05,4525.1201171875,-0.012551720801807331,0.014151701537164963
4092,2022-04-06,4481.14990234375,-0.009716916613271898,0.012587367754430524
4093,2022-04-07,4500.2099609375,0.004253385628492534,0.012378594777157944
4094,2022-04-08,4488.27978515625,-0.002651026482054286,0.011398327722912643
4095,2022-04-11,4412.52978515625,-0.01687729010355421,0.012039877798651516
4096,2022-04-12,4397.4501953125,-0.003417447717741773,0.011653131523722415
4097,2022-04-13,4446.58984375,0.011174577597236057,0.011603314221598247
4098,2022-04-14,4392.58984375,-0.01214413784439794,0.011262154764520183
4099,2022-04-18,4391.68994140625,-0.0002048682840329885,0.010244417124909514
4100,2022-04-19,4462.2099609375,0.016057604355527166,0.010478280474232167
4101,2022-04-20,4459.4501953125,-0.0006184750715809706,0.010182170097483668
4102,2022-04-21,4393.66015625,-0.014752948498371943,0.010658548076252258
4103,2022-04-22,4271.77978515625,-0.027740054250753654,0.011768111373652343
4104,2022-04-25,4296.1201171875,0.005697936985382235,0.011674488395998035
4105,2022-04-26,4175.2001953125,-0.028146308431003852,0.012403707380442556
4106,2022-04-27,4183.9599609375,0.0020980468517017847,0.012321648637765801
4107,2022-04-28,4287.5,0.02474690007293945,0.013565548963154388
4108,2022-04-29,4131.93017578125,-0.036284507106413955,0.014873790022207527
4109,2022-05-02,4155.3798828125,0.005675242812353654,0.01504478105663407
4110,2022-05-03,4175.47998046875,0.004837126381486367,0.01495708895930852
4111,2022-05-04,4300.169921875,0.02986242108440229,0.01652769968764857
4112,2022-05-05,4146.8701171875,-0.035649708609806985,0.017789415192682664
4113,2022-05-06,4123.33984375,-0.0056742248424840325,0.017699169005814756
4114,2022-05-09,3991.239990234375,-0.03203710063235676,0.018652499938918352
4115,2022-05-10,4001.050048828125,0.0024578974498534745,0.018613597716887684
4116,2022-05-11,3935.179931640625,-0.01646320750393837,0.018757213204305713
4117,2022-05-12,3930.080078125,-0.0012959645058717717,0.01861228332326108
4118,2022-05-13,4023.889892578125,0.02386969542307149,0.019610962171725987
4119,2022-05-16,4008.010009765625,-0.003946400929555671,0.019322443337718175
4120,2022-05-17,4088.85009765625,0.020169632234863677,0.019934550748528377
4121,2022-05-18,3923.679931640625,-0.04039526078745259,0.021444705810439103
4122,2022-05-19,3900.7900390625,-0.005833781800992588,0.020928204992268058
4123,2022-05-20,3901.360107421875,0.00014614176965843662,0.020937996442934224
4124,2022-05-23,3973.75,0.018555039930923556,0.021461130886555484
4125,2022-05-24,3941.47998046875,-0.008120797617175213,0.02084087967745768
4126,2022-05-25,3978.72998046875,0.009450764734207695,0.020934404123348793
4127,2022-05-26,4057.840087890625,0.019883256167224195,0.020720117312659304
4128,2022-05-27,4158.240234375,0.02474226295510973,0.021436016767080773
4129,2022-05-31,4132.14990234375,-0.006274368617659065,0.020735404419142858
4130,2022-06-01,4101.22998046875,-0.007482768681131846,0.019291568559030345
4131,2022-06-02,4176.81982421875,0.018431018038486124,0.01966340778288994
4132,2022-06-03,4108.5400390625,-0.016347313992415624,0.019953348421590578
4133,2022-06-06,4121.43017578125,0.003137400778913113,0.018793910869326858
4134,2022-06-07,4160.68017578125,0.009523393173235029,0.01732505357267721
4135,2022-06-08,4115.77001953125,-0.010793945785935621,0.017443038206847908
4136,2022-06-09,4017.820068359375,-0.02379869397635359,0.01679758759959671
4137,2022-06-10,3900.860107421875,-0.029110303335524668,0.01792710006235327
4138,2022-06-13,3749.6298828125,-0.038768430665237275,0.01941258919380797
4139,2022-06-14,3735.47998046875,-0.0037736797459957394,0.019415425621920685
4140,2022-06-15,3789.989990234375,0.014592504858983224,0.018918350016872445
4141,2022-06-16,3666.77001953125,-0.03251195148816344,0.019970077498177165
4142,2022-06-17,3674.840087890625,0.002200865698254617,0.019297266216557175
4143,2022-06-21,3764.7900390625,0.024477242280086964,0.018517585371290984
4144,2022-06-22,3759.889892578125,-0.0013015723144006452,0.01849474960129605
4145,2022-06-23,3795.72998046875,0.009532217409177868,0.018642360111937935
4146,2022-06-24,3911.739990234375,0.03056329358583576,0.019404829835341936
4147,2022-06-27,3900.110107421875,-0.0029730715337762392,0.019339918820413055
4148,2022-06-28,3821.550048828125,-0.020143036075892073,0.0196560138543322
4149,2022-06-29,3818.830078125,-0.0007117454091590814,0.01906336710847531
4150,2022-06-30,3785.3798828125,-0.008759278267998716,0.018090011974138554
4151,2022-07-01,3825.330078125,0.010553814029047315,0.018347822632480408
4152,2022-07-05,3831.389892578125,0.0015841285142366157,0.018352149351153417
4153,2022-07-06,3845.080078125,0.0035731642904301975,0.017793628743252136
4154,2022-07-07,3902.6201171875,0.014964587965241805,0.01797699446566358
4155,2022-07-08,3899.3798828125,-0.000830271529819071,0.017940983249062747
4156,2022-07-11,3854.429931640625,-0.011527461422777274,0.017838106352462104
4157,2022-07-12,3818.800048828125,-0.009243878717321574,0.01781020442919748
4158,2022-07-13,3801.780029296875,-0.0044569025122100925,0.01721477566372529
4159,2022-07-14,3790.3798828125,-0.00299863390215227,0.01615035215945254
4160,2022-07-15,3863.159912109375,0.01920124935943668,0.014354785620902477
4161,2022-07-18,3830.85009765625,-0.008363571580831342,0.014467312246317232
4162,2022-07-19,3936.68994140625,0.02762829164595959,0.015283863354428832
4163,2022-07-20,3959.89990234375,0.005895806193263242,0.013228657825303573
4164,2022-07-21,3998.949951171875,0.00986137270919718,0.013291167963231832
4165,2022-07-22,3961.6298828125,-0.00933246697634671,0.012746063952424898
4166,2022-07-25,3966.840087890625,0.0013151670479691902,0.012722101182958486
4167,2022-07-26,3921.050048828125,-0.01154320266205866,0.012959821372515867
4168,2022-07-27,4023.610107421875,0.026156273782937722,0.012516606316064136
4169,2022-07-28,4072.429931640625,0.012133338697180918,0.012681043603412403
4170,2022-07-29,4130.2900390625,0.014207760082581844,0.011910536578308544
4171,2022-08-01,4118.6298828125,-0.0028230841271976725,0.011955396053859268
4172,2022-08-02,4091.18994140625,-0.006662395550704803,0.011860917232343705
4173,2022-08-03,4155.169921875,0.015638477163140152,0.012050804580227947
4174,2022-08-04,4151.93994140625,-0.0007773401640558397,0.012082287617658252
4175,2022-08-05,4145.18994140625,-0.0016257460597355333,0.012136182295200333
4176,2022-08-08,4140.06005859375,-0.0012375507238541195,0.011896041164350498
4177,2022-08-09,4122.47021484375,-0.004248692893594086,0.011967216541867881
4178,2022-08-10,4210.240234375,0.021290637641290244,0.012166128221667669
4179,2022-08-11,4207.27001953125,-0.0007054739583503,0.011852609742599078
4180,2022-08-12,4280.14990234375,0.017322368774566943,0.011979510689133312
4181,2022-08-15,4297.14013671875,0.0039695418998517695,0.011836210478292112
4182,2022-08-16,4305.2001953125,0.0018756797165810912,0.011471921416644604
4183,2022-08-17,4274.0400390625,-0.007237794954094601,0.011411832021721932
4184,2022-08-18,4283.740234375,0.002269561170191503,0.010243584964463698
4185,2022-08-19,4228.47998046875,-0.012900001139847905,0.010835680691742955
4186,2022-08-22,4137.990234375,-0.0214000649197158,0.011896786741408547
4187,2022-08-23,4128.72998046875,-0.0022378626777133093,0.011679884827692461
4188,2022-08-24,4140.77001953125,0.0029161604463010526,0.011680764347275746
4189,2022-08-25,4199.1201171875,0.014091605518061545,0.011541389002033315
4190,2022-08-26,4057.659912109375,-0.03368805871951874,0.012847335233404316
4191,2022-08-29,4030.610107421875,-0.006666355799502699,0.01265790723412412
4192,2022-08-30,3986.159912109375,-0.011028155571448206,0.012412918240844518
4193,2022-08-31,3955.0,-0.007817025105971265,0.01248297787455621
4194,2022-09-01,3966.85009765625,0.0029962320243361873,0.012472424660947213
4195,2022-09-02,3924.260009765625,-0.010736500458081055,0.012023520951425436
4196,2022-09-06,3908.18994140625,-0.004095056983834944,0.01202134831473133
4197,2022-09-07,3979.8701171875,0.018341016392734,0.012830946474729684
4198,2022-09-08,4006.179931640625,0.006610721877456038,0.012954940231985007
4199,2022-09-09,4067.360107421875,0.015271449816332883,0.013411854825389615
4200,2022-09-12,4110.41015625,0.0105842727693497,0.012761010708955193
4201,2022-09-13,3932.68994140625,-0.0432366134006168,0.015614879467788553
4202,2022-09-14,3946.010009765625,0.0033870120853238816,0.01502507210623046
4203,2022-09-15,3901.35009765625,-0.011317739184353415,0.015012858371400296
4204,2022-09-16,3873.330078125,-0.007182134089448455,0.014960300304217942
4205,2022-09-19,3899.889892578125,0.006857100716286535,0.01514643156173343
4206,2022-09-20,3855.929931640625,-0.011272103097361819,0.015152771203596007
4207,2022-09-21,3789.929931640625,-0.017116493600784488,0.0152880184329308
4208,2022-09-22,3757.989990234375,-0.00842758097968943,0.014863640961158817
4209,2022-09-23,3693.22998046875,-0.017232619015461026,0.015108183061337259
4210,2022-09-26,3655.0400390625,-0.010340526208282075,0.015044001978450213
4211,2022-09-27,3647.2900390625,-0.0021203598092424114,0.01442039968084935
4212,2022-09-28,3719.0400390625,0.019672139926234733,0.014074854901717547
4213,2022-09-29,3640.469970703125,-0.021126437880238824,0.014542137374550337
4214,2022-09-30,3585.6201171875,-0.015066695771983274,0.014653335231428859
4215,2022-10-03,3678.429931640625,0.025883894952576147,0.016010503058681097
4216,2022-10-04,3790.929931640625,0.030583700679551518,0.017524911811884522
4217,2022-10-05,3783.280029296875,-0.002017948757084831,0.017414101858182495
4218,2022-10-06,3744.52001953125,-0.010245080846639998,0.01750658499521916
4219,2022-10-07,3639.659912109375,-0.028003617786773516,0.01775468601187051
4220,2022-10-10,3612.389892578125,-0.00749246363390188,0.017611041777979737
4221,2022-10-11,3588.840087890625,-0.006519175777754405,0.017047285506883194
4222,2022-10-12,3577.030029296875,-0.0032907731480149582,0.016675173355462907
4223,2022-10-13,3669.909912109375,0.02596564246086497,0.01585597235331782
4224,2022-10-14,3583.070068359375,-0.02366266361565439,0.016375800993356955
4225,2022-10-17,3677.949951171875,0.026480052302171098,0.01754022733948277
4226,2022-10-18,3719.97998046875,0.011427569666488724,0.017752671880620387
4227,2022-10-19,3695.159912109375,-0.0066720972934503076,0.01767685474535303
4228,2022-10-20,3665.780029296875,-0.007950909706564868,0.017610637903124598
4229,2022-10-21,3752.75,0.02372481982226482,0.01810342667567725
4230,2022-10-24,3797.340087890625,0.011881976654619875,0.018186464608706616
4231,2022-10-25,3859.110107421875,0.016266654579669915,0.018021236061854313
4232,2022-10-26,3830.60009765625,-0.007387716072364547,0.017934539085098712
4233,2022-10-27,3807.300048828125,-0.006082610618211248,0.018000687069298495
4234,2022-10-28,3901.06005859375,0.024626377895927698,0.018260007815724278
4235,2022-10-31,3871.97998046875,-0.00745440410765752,0.01764591067097938
4236,2022-11-01,3856.10009765625,-0.004101230608784645,0.017263366393089077
4237,2022-11-02,3759.68994140625,-0.02500198485734284,0.017521843220742784
4238,2022-11-03,3719.889892578125,-0.010585992315429671,0.016389336346802154
4239,2022-11-04,3770.550048828125,0.013618724670070526,0.016667591927540446
4240,2022-11-07,3806.800048828125,0.009613981920559844,0.016625210370888512
4241,2022-11-08,3828.110107421875,0.005597892802462701,0.015338872961276227
4242,2022-11-09,3748.570068359375,-0.02077788695478977,0.015994754849764106
4243,2022-11-10,3956.3701171875,0.05543448436034493,0.01952386105105072
4244,2022-11-11,3992.929931640625,0.009240746788147902,0.019464745809946404
4245,2022-11-14,3957.25,-0.008935777048800997,0.019109973173414962
4246,2022-11-15,3991.72998046875,0.008713116550319144,0.018131745773146232
4247,2022-11-16,3958.7900390625,-0.008252046497990273,0.017685946752469973
4248,2022-11-17,3946.56005859375,-0.0030893228355314273,0.017646753870445956
4249,2022-11-18,3965.340087890625,0.00475858190881473,0.0175212571611549
4250,2022-11-21,3949.93994140625,-0.003883688698329779,0.01741740925196645
4251,2022-11-22,4003.580078125,0.013579987927526016,0.016986586587053838
4252,2022-11-23,4027.260009765625,0.0059146891478476515,0.016886708606144035
4253,2022-11-25,4026.1201171875,-0.0002830441976333642,0.016625287711640322
4254,2022-11-28,3963.93994140625,-0.015444192913123267,0.01692919330664062
4255,2022-11-29,3957.6298828125,-0.0015918653377758885,0.016857920308110282
4256,2022-11-30,4080.110107421875,0.030947872397389053,0.017311587562903543
4257,2022-12-01,4076.570068359375,-0.0008676332180498347,0.017193536276348738
4258,2022-12-02,4071.699951171875,-0.001194660488065602,0.017151656882802326
4259,2022-12-05,3998.840087890625,-0.017894212283564803,0.016666777911252026
4260,2022-12-06,3941.260009765625,-0.014399194981406072,0.016833108819098924
4261,2022-12-07,3933.919921875,-0.0018623708845491027,0.016680623194902777
4262,2022-12-08,3963.510009765625,0.00752178195750397,0.01664142490846933
4263,2022-12-09,3934.3798828125,-0.007349578247904498,0.016735512442212375
4264,2022-12-12,3990.56005859375,0.014279296218109305,0.01618555706256799
4265,2022-12-13,4019.64990234375,0.0072896644387934195,0.01125929799373306
4266,2022-12-14,3995.320068359375,-0.006052724634100337,0.011184025962990453
4267,2022-12-15,3895.75,-0.024921675023714007,0.012265175410335106
4268,2022-12-16,3852.360107421875,-0.011137750774080746,0.012274505492888681
4269,2022-12-19,3817.659912109375,-0.009007516001852345,0.012295209857601394
4270,2022-12-20,3821.6201171875,0.0010373383615349674,0.01230251050870033
4271,2022-12-21,3878.43994140625,0.014867993802734736,0.012724631797839324
4272,2022-12-22,3822.389892578125,-0.01445169956861636,0.013037099285270366
4273,2022-12-23,3844.820068359375,0.005868102525282026,0.01271454581307188
4274,2022-12-27,3829.25,-0.004049622110409712,0.012605122389205109
4275,2022-12-28,3783.219970703125,-0.012020638322615351,0.012766891136699213
4276,2022-12-29,3849.280029296875,0.01746133164481911,0.01313084797109298
4277,2022-12-30,3839.5,-0.0025407424823445934,0.013133578123791286
4278,2023-01-03,3824.139892578125,-0.004000548879248611,0.010986030445973505
4279,2023-01-04,3852.969970703125,0.007538970575044379,0.01120351325588069
4280,2023-01-05,3808.10009765625,-0.011645528874622113,0.011365879542075878
4281,2023-01-06,3895.080078125,0.02284078102943865,0.012113287186535685
4282,2023-01-09,3892.090087890625,-0.0007676325452631305,0.011744956274477608
4283,2023-01-10,3919.25,0.006978233159061986,0.01184708505003373
4284,2023-01-11,3969.610107421875,0.012849424614881588,0.01206284709676507
4285,2023-01-12,3983.169921875,0.0034159058663651987,0.011962524590397988
4286,2023-01-13,3999.090087890625,0.003996858363534361,0.011599140668247609
4287,2023-01-17,3990.969970703125,-0.0020304911890052235,0.011496134406099584
4288,2023-01-18,3928.860107421875,-0.015562598500411085,0.011896061079286683
4289,2023-01-19,3898.85009765625,-0.007638350296294338,0.010733855557002894
4290,2023-01-20,3972.610107421875,0.018918401045981525,0.01114162734731491
4291,2023-01-23,4019.81005859375,0.01188134498366522,0.011097345343983843
4292,2023-01-24,4016.949951171875,-0.0007115031258156934,0.011113872661771006
4293,2023-01-25,4016.219970703125,-0.0001817250594663422,0.010762830504854402
4294,2023-01-26,4060.429931640625,0.011007853469181317,0.010309038259686702
4295,2023-01-27,4070.56005859375,0.002494840970949097,0.010286298591578622
4296,2023-01-30,4017.77001953125,-0.012968740984683369,0.01072903903152941
4297,2023-01-31,4076.60009765625,0.014642470285510134,0.01054562149927113
4298,2023-02-01,4119.2099609375,0.010452303944590291,0.010202578262116457
4299,2023-02-02,4179.759765625,0.014699373244309921,0.010405941555807359
4300,2023-02-03,4136.47998046875,-0.010354610691310495,0.01071965863513239
4301,2023-02-06,4111.080078125,-0.006140463017754394,0.010877682128640629
4302,2023-02-07,4164.0,0.01287251059802652,0.010556111720330072
4303,2023-02-08,4117.85986328125,-0.011080724476164705,0.010161832775557548
4304,2023-02-09,4081.5,-0.00882979617773516,0.010430156313422128
4305,2023-02-10,4090.4599609375,0.0021952617756952897,0.01037583054140238
4306,2023-02-13,4137.2900390625,0.011448609342766147,0.010310149484864719
4307,2023-02-14,4136.1298828125,-0.0002804145319874607,0.010314950394024766
4308,2023-02-15,4147.60009765625,0.002773175690496066,0.010305637483404234
4309,2023-02-16,4090.409912109375,-0.013788741489130674,0.010801786854895905
4310,2023-02-17,4079.090087890625,-0.002767405825327751,0.010184502784491687
4311,2023-02-21,3997.340087890625,-0.020041234255327334,0.011036934649656984
4312,2023-02-22,3991.050048828125,-0.0015735561458868341,0.010310557339862534
4313,2023-02-23,4012.320068359375,0.005329429416074394,0.010050275565673278
4314,2023-02-24,3970.0400390625,-0.010537551485558128,0.010297009508282093
4315,2023-02-27,3982.239990234375,0.0030730045671669703,0.010324889757633236
4316,2023-02-28,3970.14990234375,-0.0030360018281855305,0.010019825075995763
4317,2023-03-01,3951.389892578125,-0.004725264845680033,0.010019055097720336
4318,2023-03-02,3981.35009765625,0.0075821940867943916,0.009835840647697746
4319,2023-03-03,4045.639892578125,0.0161477371607488,0.00994980300658405
4320,2023-03-06,4048.419921875,0.0006871667698291617,0.009660952378582145
4321,2023-03-07,3986.3701171875,-0.015326919115337678,0.009494994772489562
4322,2023-03-08,3992.010009765625,0.0014147940136839399,0.009338496981291654
4323,2023-03-09,3918.320068359375,-0.01845935787384867,0.009973177055207482
4324,2023-03-10,3861.590087890625,-0.01447813845705137,0.00971496435204722
4325,2023-03-13,3855.760009765625,-0.001509761003189447,0.00956668069152449
4326,2023-03-14,3919.2900390625,0.016476655480623936,0.010316903198374966
4327,2023-03-15,3891.929931640625,-0.00698088356543769,0.010333556812147125
4328,2023-03-16,3960.280029296875,0.017562006217166637,0.010790383119251458
4329,2023-03-17,3916.639892578125,-0.011019457310067593,0.01095387646042423
4330,2023-03-20,3951.570068359375,0.008918403718310097,0.011168804312030212
4331,2023-03-21,4002.8701171875,0.012982193897784988,0.011296714772328674
4332,2023-03-22,3936.969970703125,-0.01646322377571363,0.01177068912577534
4333,2023-03-23,3948.719970703125,0.0029845287333754023,0.011049267496127446
4334,2023-03-24,3970.989990234375,0.005639807253104534,0.011122608190631796
4335,2023-03-27,3977.530029296875,0.0016469543057482383,0.011063458374476387
4336,2023-03-28,3971.27001953125,-0.0015738434957162095,0.010832566591664882
4337,2023-03-29,4027.81005859375,0.014237268879836451,0.011234004130353019
4338,2023-03-30,4050.830078125,0.005715269388667954,0.011254875133277829
4339,2023-03-31,4109.31005859375,0.014436542471763847,0.011530771825059882
4340,2023-04-03,4124.509765625,0.0036988464765423945,0.01146833969810427
4341,2023-04-04,4100.60009765625,-0.005796972083329965,0.011097476252961746
4342,2023-04-05,4090.3798828125,-0.002492370531228194,0.01111795915430717
4343,2023-04-06,4105.02001953125,0.0035791630944272956,0.01055028657047174
4344,2023-04-10,4109.10986328125,0.0009963029974375814,0.01055061171878301
4345,2023-04-11,4108.93994140625,-4.1352477946232646e-05,0.009589329145109736
4346,2023-04-12,4091.949951171875,-0.004134884052006904,0.008965692807162475
4347,2023-04-13,4146.22021484375,0.01326268999363811,0.009187748536293639
4348,2023-04-14,4137.64013671875,-0.0020693734728036706,0.00876688441900563
4349,2023-04-17,4151.31982421875,0.00330615690296554,0.008507403395336996
4350,2023-04-18,4154.8701171875,0.0008552202959737354,0.00786434184445721
4351,2023-04-19,4154.52001953125,-8.42619976980652e-05,0.007314588969282135
4352,2023-04-20,4129.7900390625,-0.00595254815297297,0.007400089973475976
4353,2023-04-21,4133.52001953125,0.0009031888869577287,0.006985544185655967
4354,2023-04-24,4137.0400390625,0.0008515791660903549,0.005729689050869625
4355,2023-04-25,4071.6298828125,-0.015810858882773227,0.006900010685116475
4356,2023-04-26,4055.989990234375,-0.003841187197329843,0.0069197522025834304
4357,2023-04-27,4135.35009765625,0.01956614972249704,0.007975357599166389
4358,2023-04-28,4169.47998046875,0.008253202753460531,0.008052195044185114
4359,2023-05-01,4167.8701171875,-0.0003861064902076494,0.0076065332855042005
4360,2023-05-02,4119.580078125,-0.011586262936400304,0.008040893713266602
4361,2023-05-03,4090.75,-0.006998305064656485,0.007595674426348176
4362,2023-05-04,4061.219970703125,-0.007218732334382416,0.007686406731242616
4363,2023-05-05,4136.25,0.018474751389515376,0.008603363517281583
4364,2023-05-08,4138.1201171875,0.0004521286642489297,0.00857862442537093
4365,2023-05-09,4119.169921875,-0.004579421277258522,0.008618262722760544
4366,2023-05-10,4137.64013671875,0.004483965263404999,0.00866571388730063
4367,2023-05-11,4130.6201171875,-0.0016966239932159066,0.008676455210127563
4368,2023-05-12,4124.080078125,-0.0015833068345566526,0.008631637707895264
4369,2023-05-15,4136.27978515625,0.0029581644391338813,0.008166983532045993
4370,2023-05-16,4109.89990234375,-0.006377683373153031,0.008268051107137369
4371,2023-05-17,4158.77001953125,0.011890829058788244,0.00863926892390561
4372,2023-05-18,4198.0498046875,0.009445048649426635,0.008865368853468376
4373,2023-05-19,4191.97998046875,-0.0014458676054706077,0.008874444569358729
4374,2023-05-22,4192.6298828125,0.0001550346964389604,0.008759550598525274
4375,2023-05-23,4145.580078125,-0.011222026747550129,0.00912165595382201
4376,2023-05-24,4115.240234375,-0.007318600335353365,0.009257970042151727
4377,2023-05-25,4151.27978515625,0.008757581265902425,0.008753178697662123
4378,2023-05-26,4205.4501953125,0.01304908677799732,0.009051564784685637
4379,2023-05-30,4205.52001953125,1.660326849850513e-05,0.008124708537760934
4380,2023-05-31,4179.830078125,-0.006108624209833935,0.008073861531053706
4381,2023-06-01,4221.02001953125,0.009854453563032717,0.008332904050370843
4382,2023-06-02,4282.3701171875,0.014534424705965554,0.008373293576538146
4383,2023-06-05,4273.7900390625,-0.0020035816359177394,0.008189165502149782
4384,2023-06-06,4283.85009765625,0.0023538963079141606,0.007924752076398072
4385,2023-06-07,4267.52001953125,-0.0038120096998572883,0.007168262978085667
4386,2023-06-08,4293.93017578125,0.0061886426142414575,0.007234432888486956
4387,2023-06-09,4298.85986328125,0.001148059539441082,0.007099251906790191
4388,2023-06-12,4338.93017578125,0.009321148810237156,0.007254143752544979
4389,2023-06-13,4369.009765625,0.006932489951473775,0.007267456781850986
4390,2023-06-14,4372.58984375,0.0008194255259321714,0.007219828201733255
4391,2023-06-15,4425.83984375,0.01217813742034668,0.007498474806940737
4392,2023-06-16,4409.58984375,-0.0036716195284263176,0.007356327422461933
4393,2023-06-20,4388.7099609375,-0.0047351076976228645,0.007277816254962463
4394,2023-06-21,4365.68994140625,-0.005245281583003636,0.007281721119921497
4395,2023-06-22,4381.89013671875,0.003710798414438443,0.007254984977017992
4396,2023-06-23,4348.330078125,-0.007658808766684566,0.007537480172736519
4397,2023-06-26,4328.81982421875,-0.004486838293256468,0.007113074386338423
4398,2023-06-27,4378.41015625,0.011455854954693034,0.007068937234004969
4399,2023-06-28,4376.85986328125,-0.00035407668843834283,0.00697231365500229
4400,2023-06-29,4396.43994140625,0.004473544672805918,0.006579064072307356
4401,2023-06-30,4450.3798828125,0.012269004495714109,0.006909776873609018
4402,2023-07-03,4455.58984375,0.0011706778016009611,0.006642086171679342
4403,2023-07-05,4446.81982421875,-0.0019683184132291975,0.006532473415394907
4404,2023-07-06,4411.58984375,-0.007922511336500904,0.006294961969223266
4405,2023-07-07,4398.9501953125,-0.0028651005386203243,0.0063195863305541495
4406,2023-07-10,4409.52978515625,0.002405026057131332,0.0063199894607383475
4407,2023-07-11,4439.259765625,0.0067422110558885695,0.00631131542588921
4408,2023-07-12,4472.16015625,0.007411233485312474,0.006356887544396841
4409,2023-07-13,4510.0400390625,0.008470153458069118,0.006507215646472044
4410,2023-07-14,4505.419921875,-0.0010244071333035398,0.006339937391931801
4411,2023-07-17,4522.7900390625,0.0038553825145495324,0.006253094059686131
4412,2023-07-18,4554.97998046875,0.007117275205842377,0.006359285474852612
4413,2023-07-19,4565.72021484375,0.002357910335732072,0.005932215362883472
4414,2023-07-20,4534.8701171875,-0.006756896218903741,0.006092907718272112
4415,2023-07-21,4536.33984375,0.0003240945218980773,0.0059483588792047975
4416,2023-07-24,4554.64013671875,0.004034153877153557,0.005772042027729168
4417,2023-07-25,4567.4599609375,0.002814673351556163,0.005762130988385571
4418,2023-07-26,4566.75,-0.00015543889679858758,0.005378512332683862
4419,2023-07-27,4537.41015625,-0.006424666064487883,0.0055082929752621225
4420,2023-07-28,4582.22998046875,0.009877842794752345,0.005390437607977145
4421,2023-07-31,4588.9599609375,0.0014687129405193122,0.005365124948401174
4422,2023-08-01,4576.72998046875,-0.002665087639215691,0.0054344088818668555
4423,2023-08-02,4513.39013671875,-0.013839541336347905,0.005881452072749576
4424,2023-08-03,4501.89013671875,-0.0025479738404268204,0.0059192642686633394
4425,2023-08-04,4478.02978515625,-0.005300074155050516,0.006026714135012561
4426,2023-08-07,4518.43994140625,0.00902409277936278,0.006003951374924652
4427,2023-08-08,4499.3798828125,-0.004218283044793103,0.006053295665297028
4428,2023-08-09,4467.7099609375,-0.007038730380597102,0.006282691673446351
4429,2023-08-10,4468.830078125,0.00025071394456976925,0.006131841482425005
4430,2023-08-11,4464.0498046875,-0.0010696923700230787,0.005927986957927408
4431,2023-08-14,4489.72021484375,0.005750475751703066,0.005767694994170894
4432,2023-08-15,4437.85986328125,-0.011550909428841738,0.006256210865369234
4433,2023-08-16,4404.330078125,-0.007555395210577687,0.0063358564772438165
4434,2023-08-17,4370.35986328125,-0.007712913029036983,0.006197731274918997
4435,2023-08-18,4369.7099609375,-0.00014870682600087726,0.006139251332093135
4436,2023-08-21,4399.77001953125,0.006879188518795987,0.006319146138190484
4437,2023-08-22,4387.5498046875,-0.002777466728829614,0.006314504859734211
4438,2023-08-23,4436.009765625,0.011044879965972587,0.006767516683954454
4439,2023-08-24,4376.31005859375,-0.013457974663146133,0.007186750514975316
4440,2023-08-25,4405.7099609375,0.006717966037625089,0.0074128098115685374
4441,2023-08-28,4433.31005859375,0.006264619755036449,0.007512873032097945
4442,2023-08-29,4497.6298828125,0.01450830719454621,0.007888413370845797
4443,2023-08-30,4514.8701171875,0.003833182103508026,0.00793699570577127
4444,2023-08-31,4507.66015625,-0.0015969365120942491,0.007927725032943011
4445,2023-09-01,4515.77001953125,0.0017991292600010311,0.007371391567194112
4446,2023-09-05,4496.830078125,-0.004194177587506065,0.007407286329810888
4447,2023-09-06,4465.47998046875,-0.006971599351452862,0.007472258976396567
4448,2023-09-07,4451.14013671875,-0.0032112659361860363,0.007211536445344473
4449,2023-09-08,4457.490234375,0.0014266227216406246,0.00717914496349957
4450,2023-09-11,4487.4599609375,0.006723453106275201,0.007172758627270685
4451,2023-09-12,4461.89990234375,-0.005695885604828921,0.007282946367128659
4452,2023-09-13,4467.43994140625,0.0012416323054647016,0.0072841351902272165
4453,2023-09-14,4505.10009765625,0.00842991886716793,0.007405209699898501
4454,2023-09-15,4450.31982421875,-0.012159612938677844,0.007452122382640482
4455,2023-09-18,4453.52978515625,0.0007212876971294246,0.007250585240161082
4456,2023-09-19,4443.9501953125,-0.002151010615372817,0.007043487182341036
4457,2023-09-20,4402.2001953125,-0.0093947947580596,0.0073700102759545975
4458,2023-09-21,4330.0,-0.01640093410321941,0.008031421291812479
4459,2023-09-22,4320.06005859375,-0.002295598477193961,0.008026128307156627
4460,2023-09-25,4337.43994140625,0.0040230650909416354,0.007669632207351507
4461,2023-09-26,4273.52978515625,-0.014734533990868215,0.0077725681795501565
4462,2023-09-27,4274.509765625,0.00022931406074522265,0.007584572706348253
4463,2023-09-28,4299.7001953125,0.005893173970516585,0.007567218303546763
4464,2023-09-29,4288.0498046875,-0.002709582086142026,0.006686774282804375
4465,2023-10-02,4288.39013671875,7.936755559079245e-05,0.0065738980326439395
4466,2023-10-03,4229.4501953125,-0.013744071674259506,0.007006524209207636
4467,2023-10-04,4263.75,0.008109754957160709,0.007328476411777312
4468,2023-10-05,4258.18994140625,-0.001304030159777203,0.0073240875939880375
4469,2023-10-06,4308.5,0.011814893014644445,0.007848200882474139
4470,2023-10-09,4335.66015625,0.00630385429964031,0.008015342238777722
4471,2023-10-10,4358.240234375,0.005207990781392224,0.00811346917400385
4472,2023-10-11,4376.9501953125,0.00429300817103373,0.008019420442854665
4473,2023-10-12,4349.60986328125,-0.00624643434611849,0.008035281995654956
4474,2023-10-13,4327.77978515625,-0.005018858888767519,0.008058228206948717
4475,2023-10-16,4373.6298828125,0.01059436938392988,0.00819613866507188
4476,2023-10-17,4373.2001953125,-9.824505308242415e-05,0.007831341865393634
4477,2023-10-18,4314.60009765625,-0.013399820506516447,0.008270131324072233
4478,2023-10-19,4278.0,-0.008482848196321058,0.008406321391905662
4479,2023-10-20,4224.16015625,-0.012585283719027562,0.008571387608683837
4480,2023-10-23,4217.0400390625,-0.0016855698941634634,0.007931225778714973
4481,2023-10-24,4247.68017578125,0.007265792222727274,0.008126222476831622
4482,2023-10-25,4186.77001953125,-0.014339628627712542,0.008546299918108133
4483,2023-10-26,4137.22998046875,-0.011832519778109618,0.008353671073952748
4484,2023-10-27,4117.3701171875,-0.004800280229768528,0.008374640025513807
4485,2023-10-30,4166.81982421875,0.012010022325859904,0.008731542698241477
4486,2023-10-31,4193.7998046875,0.006474957307233353,0.008883662319771423
4487,2023-11-01,4237.85986328125,0.010505999486313922,0.009214392744514575
4488,2023-11-02,4317.77978515625,0.01885855702012762,0.00959640642332898
4489,2023-11-03,4358.33984375,0.009393730253031363,0.009645585852314726
4490,2023-11-06,4365.97998046875,0.0017529924220356374,0.009632185990244365
4491,2023-11-07,4378.3798828125,0.0028401189192852616,0.00934618524026363
4492,2023-11-08,4382.77978515625,0.0010049156221052513,0.009264794403003351
4493,2023-11-09,4347.35009765625,-0.008083839306732843,0.009378071616520378
4494,2023-11-10,4415.240234375,0.015616441094852496,0.009923884575340554
4495,2023-11-13,4411.5498046875,-0.0008358389332403515,0.009816677080776852
4496,2023-11-14,4495.7001953125,0.019075017703661823,0.010471719954134427
4497,2023-11-15,4502.8798828125,0.0015970120755575135,0.010285285014740804
4498,2023-11-16,4508.240234375,0.0011904273935798848,0.010280163001780205
4499,2023-11-17,4514.02001953125,0.0012820490603360213,0.009733373569758735
4500,2023-11-20,4547.3798828125,0.007390278097329839,0.009496905578408432
4501,2023-11-21,4538.18994140625,-0.0020209310950652926,0.008930955360020084
4502,2023-11-22,4556.6201171875,0.00406112922094648,0.008861882903580675
4503,2023-11-24,4559.33984375,0.0005968736678840791,0.008843265874458429
4504,2023-11-27,4550.43017578125,-0.001954157460090089,0.00802590591144354
4505,2023-11-28,4554.89013671875,0.0009801185306033133,0.007264471337397604
4506,2023-11-29,4550.580078125,-0.0009462486392383118,0.0070759080492576515
4507,2023-11-30,4567.7998046875,0.0037840728581564065,0.006879274092431394
4508,2023-12-01,4594.6298828125,0.005873742123607695,0.006871026646101268
4509,2023-12-04,4569.77978515625,-0.005408509126972105,0.007009665445657742
4510,2023-12-05,4567.18017578125,-0.0005688697261614362,0.006147693764679693
4511,2023-12-06,4549.33984375,-0.003906202808869552,0.006098835981889374
4512,2023-12-07,4585.58984375,0.007968189065892917,0.0062308682580383004
4513,2023-12-08,4604.3701171875,0.00409549786994079,0.006242252366066818
4514,2023-12-11,4622.43994140625,0.003924494286698943,0.006244248988638521
4515,2023-12-12,4643.7001953125,0.00459935752021523,0.005795596678857779
4516,2023-12-13,4707.08984375,0.013650676351045998,0.005604100675513297
4517,2023-12-14,4719.5498046875,0.0026470624846992585,0.005541540216815693
4518,2023-12-15,4719.18994140625,-7.62494933082003e-05,0.004268349571168015
4519,2023-12-18,4740.56005859375,0.004528344366900416,0.0042937723462329784
4520,2023-12-19,4768.3701171875,0.005866407818910568,0.004349036705809143
4521,2023-12-20,4698.35009765625,-0.014684266911006771,0.005696319150634022
4522,2023-12-21,4746.75,0.010301467821202559,0.0058628599784366926
4523,2023-12-22,4754.6298828125,0.0016600585268868873,0.00579571959391351
4524,2023-12-26,4774.75,0.0042316894655107795,0.0057985307335297965
4525,2023-12-27,4781.580078125,0.0014304577464787638,0.005790659257457522
4526,2023-12-28,4783.35009765625,0.0003701746080437829,0.0057325188600084315
4527,2023-12-29,4769.830078125,-0.0028264750133749628,0.00583046534712727
4528,2024-01-02,4742.830078125,-0.005660579005492328,0.006031475094122229
4529,2024-01-03,4704.81005859375,-0.008016314922730805,0.006371092350181305
4530,2024-01-04,4688.68017578125,-0.0034283812973570083,0.006366192410845374
4531,2024-01-05,4697.240234375,0.0018256861788026324,0.006207471448620995
4532,2024-01-08,4763.5400390625,0.014114629309846638,0.006764754395182879
4533,2024-01-09,4756.5,-0.0014779006799081618,0.006684203339582025
4534,2024-01-10,4783.4501953125,0.00566597189372442,0.006604643812260091
4535,2024-01-11,4780.240234375,-0.0006710555783868699,0.006608844046694098
4536,2024-01-12,4783.830078125,0.0007509755941104146,0.006593191525066459
4537,2024-01-16,4765.97998046875,-0.0037313402367431525,0.006650615864567344
4538,2024-01-17,4739.2099609375,-0.005616897183990499,0.006185794704396012
4539,2024-01-18,4780.93994140625,0.008805260963896,0.006430264407068231
4540,2024-01-19,4839.81005859375,0.012313502764936146,0.0068934182150069915
4541,2024-01-22,4850.43017578125,0.0021943252026270788,0.006857144608255498
4542,2024-01-23,4864.60009765625,0.002921374261968035,0.006787327381038271
4543,2024-01-24,4868.5498046875,0.0008119284117831249,0.005825641886390167
4544,2024-01-25,4894.16015625,0.005260365527706368,0.005561688670084719
4545,2024-01-26,4890.97021484375,-0.0006517852510764532,0.005578470691139645
4546,2024-01-29,4927.93017578125,0.007556774896180896,0.005705265719798138
4547,2024-01-30,4924.97021484375,-0.0006006499345398986,0.005722037497225327
4548,2024-01-31,4845.64990234375,-0.016105744611597972,0.006828839263457727
4549,2024-02-01,4906.18994140625,0.012493688211609788,0.007230948978036005
4550,2024-02-02,4958.60986328125,0.01068444607751462,0.0073201126711990305
4551,2024-02-05,4942.81005859375,-0.0031863375266721894,0.00707205661670336
4552,2024-02-06,4954.22998046875,0.0023104108269635937,0.006956780180544426
4553,2024-02-07,4995.06005859375,0.008241457963390042,0.0070595488817808486
4554,2024-02-08,4997.91015625,0.0005705832608251526,0.006603708431599596
4555,2024-02-09,5026.60986328125,0.0057423415255595245,0.006591294380726996
4556,2024-02-12,5021.83984375,-0.0009489536011326738,0.006592521449392438
4557,2024-02-13,4953.169921875,-0.013674255653625456,0.007398944053278675
4558,2024-02-14,5000.6201171875,0.009579763275017639,0.007585352130328973
4559,2024-02-15,5029.72998046875,0.005821250684729495,0.00751206075926013
4560,2024-02-16,5005.56982421875,-0.0048034698371121065,0.007472215373182596
4561,2024-02-20,4975.509765625,-0.006005322001165325,0.0075453561962053935
4562,2024-02-21,4981.7998046875,0.001264199922982101,0.007173742379214151
4563,2024-02-22,5087.02978515625,0.02112288421741404,0.008323995992548378
4564,2024-02-23,5088.7998046875,0.0003479475462115911,0.00833145773203911
4565,2024-02-26,5069.52978515625,-0.003786751350190576,0.008422069499858905
4566,2024-02-27,5078.18017578125,0.0017063496993998672,0.008388042539291006
4567,2024-02-28,5069.759765625,-0.001658155060430544,0.008404279510867549
4568,2024-02-29,5096.27001953125,0.005229094697149161,0.008341013593482648
4569,2024-03-01,5137.080078125,0.00800782894888763,0.008436149289331129
4570,2024-03-04,5130.9501953125,-0.0011932620709189656,0.007458554104084552
4571,2024-03-05,5078.64990234375,-0.010193100883444606,0.007596951163666952
4572,2024-03-06,5104.759765625,0.005141103203274655,0.0073697964485990985
4573,2024-03-07,5157.35986328125,0.010304127925951478,0.00753403869359909
4574,2024-03-08,5123.68994140625,-0.0065285190034379825,0.0077471418822778184
4575,2024-03-11,5117.93994140625,-0.001122238087346461,0.007618653504600644
4576,2024-03-12,5175.27001953125,0.011201787981366396,0.007912770764432673
4577,2024-03-13,5165.31005859375,-0.0019245297153407392,0.007891192829054601
4578,2024-03-14,5150.47998046875,-0.0028710915621273925,0.007927460507422376
4579,2024-03-15,5117.08984375,-0.006482917484461503,0.00741765666636371
4580,2024-03-18,5149.419921875,0.006318059504952345,0.007279940906443637
4581,2024-03-19,5178.509765625,0.0056491496501236416,0.007275008249278813
4582,2024-03-20,5224.6201171875,0.008904173912846591,0.007309717051204675
4583,2024-03-21,5241.52978515625,0.0032365354015160275,0.007091614488554032
4584,2024-03-22,5234.18017578125,-0.0014021878490156903,0.007134501952083343
4585,2024-03-25,5218.18994140625,-0.0030549644525015296,0.005836755041057837
4586,2024-03-26,5203.580078125,-0.002799795225030266,0.005896247123791836
4587,2024-03-27,5248.490234375,0.008630626525532925,0.006006412064328561
4588,2024-03-28,5254.35009765625,0.0011164855071790214,0.006007209551894297
4589,2024-04-01,5243.77001953125,-0.0020135845401164643,0.0060167710936493025
4590,2024-04-02,5205.81005859375,-0.0072390590731691296,0.0062371305257683685
4591,2024-04-03,5211.490234375,0.001091122364688113,0.00603743674632751
4592,2024-04-04,5147.2099609375,-0.012334336350379616,0.006638598573307668
4593,2024-04-05,5204.33984375,0.011099194174331695,0.00660863758574729
4594,2024-04-08,5202.39013671875,-0.00037463099831791524,0.00655372539900212
4595,2024-04-09,5209.91015625,0.0014454931932483817,0.006210402710333825
4596,2024-04-10,5160.64013671875,-0.009456980649108493,0.006396358776248096
4597,2024-04-11,5199.06005859375,0.007444797710585593,0.006561356092849538
4598,2024-04-12,5123.41015625,-0.01455068829580164,0.006893972983039357
4599,2024-04-15,5061.81982421875,-0.01202135494776202,0.007320733609017039
4600,2024-04-16,5051.41015625,-0.0020565070133361507,0.007312312417605031
4601,2024-04-17,5022.2099609375,-0.005780602724641426,0.007288074076825281
4602,2024-04-18,5011.1201171875,-0.002208160119998248,0.007114782337480926
4603,2024-04-19,4967.22998046875,-0.00875854812743615,0.007116203493489541
4604,2024-04-22,5010.60009765625,0.008731248071466746,0.007103823818796102
4605,2024-04-23,5070.5498046875,0.011964576270872662,0.007627327617584798
4606,2024-04-24,5071.6298828125,0.0002130100613548791,0.0076358664400021726
4607,2024-04-25,5048.419921875,-0.004576430353515626,0.007658377241088041
4608,2024-04-26,5099.9599609375,0.01020914263474304,0.008043685865851117
4609,2024-04-29,5116.169921875,0.0031784486665891176,0.00781742258805421
4610,2024-04-30,5035.68994140625,-0.01573051358686217,0.008390909899758991
4611,2024-05-01,5018.39013671875,-0.0034354388154940185,0.008397327526737499
4612,2024-05-02,5064.2001953125,0.009128437077573048,0.008629308426477906
4613,2024-05-03,5127.7900390625,0.012556739721478527,0.009108295980700105
4614,2024-05-06,5180.740234375,0.01032612390701182,0.0090102588052808
4615,2024-05-07,5187.7001953125,0.0013434298232750663,0.008689574696772888
4616,2024-05-08,5187.669921875,-5.835618166138978e-06,0.008689394538552008
4617,2024-05-09,5214.080078125,0.005090947698625836,0.008754637686137922
4618,2024-05-10,5222.68017578125,0.001649398844549843,0.00849530702303785
4619,2024-05-13,5221.419921875,-0.00024130405535727206,0.00835636483236814
4620,2024-05-14,5246.68017578125,0.004837813139759728,0.0077217732097649506
4621,2024-05-15,5308.14990234375,0.011715927882596233,0.0074533293588822875
4622,2024-05-16,5297.10009765625,-0.0020816677921287052,0.007454013684047208
4623,2024-05-17,5303.27001953125,0.0011647735102702228,0.00724460482484324
4624,2024-05-20,5308.1298828125,0.0009163899374069473,0.00717816490661754
4625,2024-05-21,5321.41015625,0.002501874243978186,0.006712661537197827
4626,2024-05-22,5307.009765625,-0.002706123039226127,0.006703295001060574
4627,2024-05-23,5267.83984375,-0.0073807894850155265,0.00669032305711092
4628,2024-05-24,5304.72021484375,0.0070010425881694704,0.006771712751338992
4629,2024-05-28,5306.0400390625,0.0002488018529340774,0.006622815632829557
4630,2024-05-29,5266.9501953125,-0.007367046509680453,0.006681358624464634
4631,2024-05-30,5235.47998046875,-0.005975035585443322,0.006853785833699303
4632,2024-05-31,5277.509765625,0.00802787620486467,0.005883474384921004
4633,2024-06-03,5283.39990234375,0.0011160825806737495,0.005756338678858438
4634,2024-06-04,5291.33984375,0.0015028090913065117,0.005555297051191215
4635,2024-06-05,5354.02978515625,0.011847649793331305,0.005492904707222341
4636,2024-06-06,5352.9599609375,-0.00019981663563317653,0.005180751930356902
4637,2024-06-07,5346.990234375,-0.0011152197300303701,0.005210729315615496
4638,2024-06-10,5360.7900390625,0.0025808546645145203,0.005206949288543911
4639,2024-06-11,5375.31982421875,0.0027103813151374556,0.005153364729953613
4640,2024-06-12,5421.02978515625,0.008503672791998707,0.005371854503898448
4641,2024-06-13,5433.740234375,0.0023446558536817097,0.0053554025811177715
4642,2024-06-14,5431.60009765625,-0.000393860697500914,0.005331445890815631
4643,2024-06-17,5473.22998046875,0.007664386564552705,0.005026226768913165
4644,2024-06-18,5487.02978515625,0.0025213273947457537,0.004969658519445794
4645,2024-06-20,5473.169921875,-0.0025259318472709014,0.005047243218775011
4646,2024-06-21,5464.6201171875,-0.001562130321101196,0.005087144287436985
4647,2024-06-24,5447.8701171875,-0.003065171894990004,0.00516415552406192
4648,2024-06-25,5469.2998046875,0.003933590015736899,0.005126178290318501
4649,2024-06-26,5477.89990234375,0.0015724312002203256,0.004738024617363467
4650,2024-06-27,5482.8701171875,0.0009073212238914774,0.004594810237492309
4651,2024-06-28,5460.47998046875,-0.004083652583445674,0.004742039644854996
4652,2024-07-01,5475.08984375,0.0026755639309195,0.004332055578968847
4653,2024-07-02,5509.009765625,0.006195317856513505,0.004064440435882953
4654,2024-07-03,5537.02001953125,0.005084444409779065,0.003913428056627852
4655,2024-07-05,5567.18994140625,0.005448765178485582,0.003965401591867223
4656,2024-07-08,5572.85009765625,0.0010166989647510949,0.00397192091739413
4657,2024-07-09,5576.97998046875,0.0007410719362856977,0.0033696138879568327
4658,2024-07-10,5633.91015625,0.010208065293514812,0.0037729043517003243
4659,2024-07-11,5584.5400390625,-0.008763028841120457,0.004405242721991315
4660,2024-07-12,5615.35009765625,0.0055170270744306915,0.004468118733110883
4661,2024-07-15,5631.22021484375,0.0028262026252154904,0.004468915029365968
4662,2024-07-16,5667.2001953125,0.006389375498743188,0.004346277517373757
4663,2024-07-17,5588.27001953125,-0.013927543241993745,0.005517030227797182
4664,2024-07-18,5544.58984375,-0.007816403936922511,0.005842280953736901
4665,2024-07-19,5505.0,-0.007140265531926926,0.005884854086556932
4666,2024-07-22,5564.41015625,0.01079203564940956,0.006285421195026334
4667,2024-07-23,5555.740234375,-0.001558102589770738,0.006265448023339046
4668,2024-07-24,5427.1298828125,-0.02314909375473495,0.008067679534053393
4669,2024-07-25,5399.22021484375,-0.005142620237842288,0.008113837559099179
4670,2024-07-26,5459.10009765625,0.011090468702846357,0.00843208496547777
4671,2024-07-29,5463.5400390625,0.0008133101292933098,0.008426677939324147
4672,2024-07-30,5436.43994140625,-0.004960171878030217,0.008486409155841824
4673,2024-07-31,5522.2998046875,0.0157933986591674,0.009105699433647607
4674,2024-08-01,5446.68017578125,-0.013693502993456064,0.009580288156919992
4675,2024-08-02,5346.56005859375,-0.018381860868696753,0.010212069702560283
4676,2024-08-05,5186.330078125,-0.02996879838863975,0.011780990588339457
4677,2024-08-06,5240.02978515625,0.010354085880061037,0.011991129013319377
4678,2024-08-07,5199.5,-0.007734647858502863,0.012007802322533852
4679,2024-08-08,5319.31005859375,0.023042611519136447,0.013225187608195826
4680,2024-08-09,5344.16015625,0.004671676849538509,0.013031809251987226
4681,2024-08-12,5344.39013671875,4.303397765514916e-05,0.012959387447170435
4682,2024-08-13,5434.43017578125,0.016847579753558328,0.013483383274682462
4683,2024-08-14,5455.2099609375,0.0038237284285767004,0.013499940515813528
4684,2024-08-15,5543.22021484375,0.016133247764330783,0.013919437674911318
4685,2024-08-16,5554.25,0.001989779357261412,0.013621185771072323
4686,2024-08-19,5608.25,0.009722284736913167,0.013666666085098617
4687,2024-08-20,5597.1201171875,-0.0019845553982971165,0.013571336695392813
4688,2024-08-21,5620.85009765625,0.004239676828782013,0.013413578940713218
4689,2024-08-22,5570.64013671875,-0.008932805548120926,0.01355999153729099
4690,2024-08-23,5634.60986328125,0.01148337085011919,0.012702219296581429
4691,2024-08-26,5616.83984375,-0.0031537266931381813,0.012657572390959375
4692,2024-08-27,5625.7998046875,0.0015951960865450143,0.01248912279408657
4693,2024-08-28,5592.18017578125,-0.00597597320797616,0.012588901954117621
4694,2024-08-29,5591.9599609375,-3.937906806072977e-05,0.012518984108039187
4695,2024-08-30,5648.39990234375,0.010093051774424433,0.01226234422497755
4696,2024-09-03,5528.93017578125,-0.02115107439771169,0.01278277083826897
4697,2024-09-04,5520.06982421875,-0.0016025435809103872,0.012066802993313865
4698,2024-09-05,5503.41015625,-0.003018017615584734,0.00988904920780714
4699,2024-09-06,5408.419921875,-0.01726024985928465,0.010604248180116264
4700,2024-09-09,5471.0498046875,0.0115800702824842,0.010603499177867928
4701,2024-09-10,5495.52001953125,0.004472672652839682,0.009568100721290045
4702,2024-09-11,5554.1298828125,0.010665025888896507,0.009745598774550352
4703,2024-09-12,5595.759765625,0.007495302358939249,0.009810965257533813
4704,2024-09-13,5626.02001953125,0.005407711405364557,0.009283145418420638
4705,2024-09-16,5633.08984375,0.0012566297656613212,0.009270216746844064
4706,2024-09-17,5634.580078125,0.00026455008109871336,0.008675763076995597
4707,2024-09-18,5618.259765625,-0.002896455862498093,0.00870579420948224
4708,2024-09-19,5713.64013671875,0.01697685316676334,0.009193217912034464
4709,2024-09-20,5702.5498046875,-0.0019410273951238066,0.009192575120582355
4710,2024-09-23,5718.56982421875,0.0028092730585327352,0.009172785075245653
4711,2024-09-24,5732.93017578125,0.0025111788443470395,0.008913974068990518
4712,2024-09-25,5722.259765625,-0.0018612489301417234,0.008641029693403718
4713,2024-09-26,5745.3701171875,0.00403867571712313,0.00862283280432137
4714,2024-09-27,5738.169921875,-0.0012532169669905446,0.008635860597145504
4715,2024-09-30,5762.47998046875,0.004236552581176722,0.008520384969363996
4716,2024-10-01,5708.75,-0.009324107094664358,0.00881972663360795
4717,2024-10-02,5709.5400390625,0.00013839090212397487,0.008581932137698334
4718,2024-10-03,5699.93994140625,-0.001681413492255035,0.0071195084104067035
4719,2024-10-04,5751.06982421875,0.008970249395274354,0.007261907948559046
4720,2024-10-07,5695.93994140625,-0.009586022165882668,0.007600424375696377
4721,2024-10-08,5751.1298828125,0.009689347495581924,0.0065109932546294404
4722,2024-10-09,5792.0400390625,0.007113411987488272,0.006290630041226889
4723,2024-10-10,5780.0498046875,-0.002070122839989974,0.0063529134630264
4724,2024-10-11,5815.02978515625,0.006051847587953629,0.0061366806872078
4725,2024-10-14,5859.85009765625,0.0077076668832223305,0.006145720972782366
4726,2024-10-15,5815.259765625,-0.007609466332438197,0.006433627310667608
4727,2024-10-16,5842.47021484375,0.004679145956573816,0.0064681254186378335
4728,2024-10-17,5841.47021484375,-0.00017116047891174713,0.006473331384048062
4729,2024-10-18,5864.669921875,0.00397155273894878,0.0064083914652128615
4730,2024-10-21,5853.97998046875,-0.0018227694906369774,0.005501636453034632
4731,2024-10-22,5851.2001953125,-0.0004748538883844189,0.005471614201617725
4732,2024-10-23,5797.419921875,-0.009191323428069387,0.005884547106863693
4733,2024-10-24,5809.85986328125,0.002145772011323821,0.005879525289103911
4734,2024-10-25,5808.1201171875,-0.00029944716993013376,0.0058574941952339935
4735,2024-10-28,5823.52001953125,0.0026514435020339455,0.005827157633022089
4736,2024-10-29,5832.919921875,0.001614127248163344,0.005815072305027026
4737,2024-10-30,5813.669921875,-0.003300233889343751,0.0058225603934380955
4738,2024-10-31,5705.4501953125,-0.018614700871699585,0.0068151202150987
4739,2024-11-01,5728.7998046875,0.004092509543626166,0.006870966405180254
4740,2024-11-04,5712.68994140625,-0.002812083478299976,0.006889721994790154
4741,2024-11-05,5782.759765625,0.012265644545291332,0.0071230724131308475
4742,2024-11-06,5929.0400390625,0.025295927786425976,0.008560885914443405
4743,2024-11-07,5973.10009765625,0.007431229727488331,0.008475653276937641
4744,2024-11-08,5995.5400390625,0.0037568333092317108,0.008404553098691953
4745,2024-11-11,6001.35009765625,0.0009690634297987444,0.008366168409495348
4746,2024-11-12,5983.990234375,-0.00289265965137242,0.008364116459775145
4747,2024-11-13,5985.3798828125,0.00023222772482434095,0.008243922870383462
4748,2024-11-14,5949.169921875,-0.006049734794859041,0.008172790572053426
4749,2024-11-15,5870.6201171875,-0.013203489851361216,0.008670563598393034
4750,2024-11-18,5893.6201171875,0.003917814394541086,0.008704768094280304
4751,2024-11-19,5916.97998046875,0.003963584828470035,0.008704614330650996
4752,2024-11-20,5917.10986328125,2.195086225209586e-05,0.008690655462523707
4753,2024-11-21,5948.7099609375,0.0053404615405816536,0.008747095287181726
4754,2024-11-22,5969.33984375,0.003467959094991535,0.008471400899134847
4755,2024-11-25,5987.3701171875,0.003020480305938378,0.008477298469146485
4756,2024-11-26,6021.6298828125,0.005722005647630368,0.008516824194141561
4757,2024-11-27,5998.740234375,-0.003801238017440034,0.008592435773561908
4758,2024-11-29,6032.3798828125,0.005607785488815242,0.008639596515064381
4759,2024-12-02,6047.14990234375,0.0024484564662998753,0.00857210960825514
4760,2024-12-03,6049.8798828125,0.0004514491145146682,0.007272361246564352
4761,2024-12-04,6086.490234375,0.006051417924264779,0.007302243258300891
4762,2024-12-05,6075.10986328125,-0.0018697756269248078,0.0072705625675834095
4763,2024-12-06,6090.27001953125,0.0024954538421815275,0.006958120505272121
4764,2024-12-09,6052.85009765625,-0.006144213927296471,0.004973093723838984
4765,2024-12-10,6034.91015625,-0.002963883313944371,0.0048196043515270305
4766,2024-12-11,6084.18994140625,0.008165786048233592,0.005048609564780533
4767,2024-12-12,6051.25,-0.005414022527810203,0.005211954720773118
4768,2024-12-13,6051.08984375,-2.6466639124200775e-05,0.005161585513139097
4769,2024-12-16,6074.080078125,0.0037993543260221863,0.005207943468395229
4770,2024-12-17,6050.60986328125,-0.003863994965801476,0.005092989614542539
4771,2024-12-18,5872.16015625,-0.02949284635160343,0.0077262551502360385
4772,2024-12-19,5867.080078125,-0.0008651123249070469,0.007679115018620972
4773,2024-12-20,5930.85009765625,0.010869123768910471,0.007991198741933377
4774,2024-12-23,5974.06982421875,0.007287273468533639,0.008135033628593686
4775,2024-12-24,6040.0400390625,0.01104275925539211,0.008384697867697459
4776,2024-12-26,6037.58984375,-0.00040565878647391695,0.00836504103536403
4777,2024-12-27,5970.83984375,-0.011055736101235558,0.008698805904508758
4778,2024-12-30,5906.93994140625,-0.010701995701766776,0.008879227329593547
4779,2024-12-31,5881.6298828125,-0.004284800394927402,0.008887512524500922
4780,2025-01-02,5868.5498046875,-0.0022238866412221947,0.008772308392729715
4781,2025-01-03,5942.47021484375,0.01259602672149196,0.009228934245832926
4782,2025-01-06,5975.3798828125,0.005538045085450305,0.009323760207978161
4783,2025-01-07,5909.02978515625,-0.01110391288210788,0.009464214321289303
4784,2025-01-08,5918.25,0.001560360190925314,0.009482634815240119
4785,2025-01-10,5827.0400390625,-0.01541164380306681,0.009913992948731317
4786,2025-01-13,5836.22021484375,0.0015754440882007614,0.009895407534106856
4787,2025-01-14,5842.91015625,0.0011462798112440442,0.009907385568409185
4788,2025-01-15,5949.91015625,0.018312792279639112,0.010587785213038558
4789,2025-01-16,5937.33984375,-0.0021126894641922966,0.010544962399498342
4790,2025-01-17,5996.66015625,0.009991058969353706,0.010793758319558205
4791,2025-01-21,6049.240234375,0.008768227105582893,0.010935871787795648
4792,2025-01-22,6086.3701171875,0.006137941522227575,0.010981008388044439
4793,2025-01-23,6118.7099609375,0.00531348622041139,0.008763814198903784
4794,2025-01-24,6101.240234375,-0.002855132319398823,0.008803976432161855
4795,2025-01-27,6012.27978515625,-0.014580715690809543,0.00922015175545963
4796,2025-01-28,6067.7001953125,0.009217869449967608,0.009295108161851353
4797,2025-01-29,6039.31005859375,-0.004678895760321544,0.009067538816776138
4798,2025-01-30,6071.169921875,0.005275414405311762,0.009135072187878577
4799,2025-01-31,6040.52978515625,-0.005046825754019935,0.008865479850783585
4800,2025-02-03,5994.56982421875,-0.007608597684666707,0.008701281382857728
4801,2025-02-04,6037.8798828125,0.007224881828679752,0.008732890573063945
4802,2025-02-05,6061.47998046875,0.003908672930614365,0.008715287784739153
4803,2025-02-06,6083.56982421875,0.003644298722618622,0.0083752800438569
4804,2025-02-07,6025.990234375,-0.009464770111542897,0.008604431183068884
4805,2025-02-10,6066.43994140625,0.006712541085862833,0.00830137927430672
4806,2025-02-11,6068.5,0.00033958278885926063,0.008303136210468838
4807,2025-02-12,6051.97021484375,-0.0027238667143857365,0.007497928845265517
4808,2025-02-13,6115.06982421875,0.010426292122230674,0.007722221711293311
4809,2025-02-14,6114.6298828125,-7.194380749464546e-05,0.00773413673737712
4810,2025-02-18,6129.580078125,0.0024449877750611915,0.006837822961548006
4811,2025-02-19,6144.14990234375,0.0023769693899173827,0.006795626017884685
4812,2025-02-20,6117.52001953125,-0.0043341850761716705,0.0066357039969329006
4813,2025-02-21,6013.1298828125,-0.01706412670256352,0.007421407627475463
4814,2025-02-24,5983.25,-0.00496910650440241,0.007343849085669557
4815,2025-02-25,5955.25,-0.004679730915472358,0.007259477131618309
4816,2025-02-26,5956.06005859375,0.00013602428004699796,0.007255106303417168
4817,2025-02-27,5861.56982421875,-0.015864553655509872,0.007373166494666231
4818,2025-02-28,5954.5,0.01585414463498891,0.00793119053403328
4819,2025-03-03,5849.72021484375,-0.0175967394669998,0.00867349033642727
4820,2025-03-04,5778.14990234375,-0.012234826602200433,0.008832480525261633
4821,2025-03-05,5842.6298828125,0.011159277893187936,0.009250420789592918
4822,2025-03-06,5738.52001953125,-0.017819007085749905,0.009812051199464614
4823,2025-03-07,5770.2001953125,0.00552061780274804,0.009742763370845975
4824,2025-03-10,5614.56005859375,-0.0269730913054258,0.01099329482193474
4825,2025-03-11,5572.06982421875,-0.007567865323653167,0.010909911034738456
4826,2025-03-12,5599.2998046875,0.004886869929446425,0.010991779767883783
4827,2025-03-13,5521.52001953125,-0.013890984206835322,0.010978055170838576
4828,2025-03-14,5638.93994140625,0.021265869083087807,0.01222669967622207
4829,2025-03-17,5675.1201171875,0.006416130719105961,0.012399842254507378
4830,2025-03-18,5614.66015625,-0.010653512117636543,0.012137204784940146
4831,2025-03-19,5675.2900390625,0.010798495567894584,0.012511806036593026
4832,2025-03-20,5662.89013671875,-0.0021848931523151816,0.012449203546505652
4833,2025-03-21,5667.56005859375,0.0008246534476661349,0.012418556306410818
4834,2025-03-24,5767.56982421875,0.017646000146633645,0.013214468896431554
4835,2025-03-25,5776.64990234375,0.0015743334544251475,0.012834355439511473
4836,2025-03-26,5712.2001953125,-0.011156934922627149,0.012975443737225752
4837,2025-03-27,5693.31005859375,-0.003306980860763864,0.012965363901876447
4838,2025-03-28,5580.93994140625,-0.01973722070834405,0.013493760806678357
4839,2025-03-31,5611.85009765625,0.005538521570653376,0.013281819845670392
4840,2025-04-01,5633.06982421875,0.0037812354559083605,0.01275251945426067
4841,2025-04-02,5670.97021484375,0.006728194715792668,0.01242628115893102
4842,2025-04-03,5396.52001953125,-0.04839563335990149,0.015855106565692972
4843,2025-04-04,5074.080078125,-0.05974960534553109,0.019607437265812204
4844,2025-04-07,5062.25,-0.0023314724921273955,0.019447881469538367
4845,2025-04-08,4982.77001953125,-0.015700524562941354,0.019401536428931093
4846,2025-04-09,5456.89990234375,0.09515387644904849,0.02856255465342382
4847,2025-04-10,5268.0498046875,-0.03460757958472693,0.02943117394577194
4848,2025-04-11,5363.35986328125,0.018092095201708958,0.029714621944191413
4849,2025-04-14,5405.97021484375,0.007944712390868913,0.02964705548213968
4850,2025-04-15,5396.6298828125,-0.0017277808903947145,0.029243975230392
4851,2025-04-16,5275.7001953125,-0.0224083715440897,0.029512514441209836
4852,2025-04-17,5282.7001953125,0.0013268380955802073,0.02947320755342484
4853,2025-04-21,5158.2001953125,-0.023567493023827546,0.029652805867035146
4854,2025-04-22,5287.759765625,0.025117204723895226,0.03029332245334229
4855,2025-04-23,5375.85986328125,0.01666113847096007,0.030567484416041627
4856,2025-04-24,5484.77001953125,0.020259113708281262,0.03065225685780866
4857,2025-04-25,5525.2099609375,0.007373133469998461,0.030707910103931348
4858,2025-04-28,5528.75,0.0006407067039131409,0.030635590926743235
4859,2025-04-29,5560.830078125,0.005802410694099036,0.030665061008897036
4860,2025-04-30,5569.06005859375,0.00147999135976562,0.03036764099436174
4861,2025-05-01,5604.14013671875,0.006299102138585644,0.030374277007840497
4862,2025-05-02,5686.669921875,0.01472657412963474,0.03052206762981079
4863,2025-05-05,5650.3798828125,-0.006381597588933863,0.030530200591549556
4864,2025-05-06,5606.91015625,-0.007693239651855532,0.02861357840376826
4865,2025-05-07,5631.27978515625,0.00434635623313584,0.025055594256948303
4866,2025-05-08,5663.93994140625,0.005799775094835535,0.02500164518047898
4867,2025-05-09,5659.91015625,-0.0007114809122162891,0.024600084493996904
4868,2025-05-12,5844.18994140625,0.032558782749008364,0.01588389709483671
4869,2025-05-13,5886.5498046875,0.0072482009835321826,0.013455507754224445
4870,2025-05-14,5892.580078125,0.001024415597859818,0.013162300607169192
4871,2025-05-15,5916.93017578125,0.004132332074135769,0.013138056532997074
4872,2025-05-16,5958.3798828125,0.007005272294898557,0.013082372686621017
4873,2025-05-19,5963.60009765625,0.0008761131291423752,0.011658288818503823
4874,2025-05-20,5940.4599609375,-0.0038802294486252054,0.011802227326914756
4875,2025-05-21,5844.60986328125,-0.01613513066101424,0.011013120644580312
4876,2025-05-22,5842.009765625,-0.00044487103794299543,0.010190485771386258
4877,2025-05-23,5802.81982421875,-0.006708297825321674,0.010089824278522088
4878,2025-05-27,5921.5400390625,0.0204590558452733,0.010105689760713686
4879,2025-05-28,5888.5498046875,-0.005571225417268844,0.010247545344554531
4880,2025-05-29,5912.169921875,0.004011194261904327,0.010236584928468333
4881,2025-05-30,5911.68994140625,-8.118516130162234e-05,0.010239530749015775
4882,2025-06-02,5935.93994140625,0.0041020419271569075,0.010238273279773162
4883,2025-06-03,5970.3701171875,0.005800290454605506,0.010231061743013511
4884,2025-06-04,5970.81005859375,7.36874595066439e-05,0.009898142906609664
4885,2025-06-05,5939.2998046875,-0.005277383403094138,0.009854914998453656
4886,2025-06-06,6000.35986328125,0.010280683010067904,0.009729928409605706
4887,2025-06-09,6005.8798828125,0.0009199480792858594,0.009736988577087278
4888,2025-06-10,6038.81005859375,0.00548298940767844,0.009732847901689882
4889,2025-06-11,6022.240234375,-0.002743888954607865,0.009778913330975839
4890,2025-06-12,6045.259765625,0.0038224199557175265,0.0072048235741858655
4891,2025-06-13,5976.97021484375,-0.011296379879250695,0.0075829601602707625
4892,2025-06-16,6033.10986328125,0.009392659896159117,0.007805545209956092
4893,2025-06-17,5982.72021484375,-0.008352184790166306,0.008025388686482306
4894,2025-06-18,5980.8701171875,-0.0003092402101070313,0.007894958159792926
4895,2025-06-20,5967.83984375,-0.002178658486505891,0.007909368236266525
4896,2025-06-23,6025.169921875,0.009606504133156335,0.00810938896973131
4897,2025-06-24,6092.18017578125,0.01112172017970181,0.007476254885510623
4898,2025-06-25,6092.16015625,-3.2861029504172024e-06,0.007470210374555034
4899,2025-06-26,6141.02001953125,0.008020121275230219,0.007317205874496832
4900,2025-06-27,6173.06982421875,0.005218970885222163,0.006179220420166241
4901,2025-06-30,6204.9501953125,0.005164427424532603,0.005980931911892814
4902,2025-07-01,6198.009765625,-0.001118531087121899,0.006014977531001274
4903,2025-07-02,6227.419921875,0.004745096791088033,0.006017137936535667
4904,2025-07-03,6279.35009765625,0.008338955206607324,0.006141232735802063
4905,2025-07-07,6229.97998046875,-0.007862297279128794,0.006481227680406196
4906,2025-07-08,6225.52001953125,-0.0007158868810946961,0.0064943239957156035
4907,2025-07-09,6263.259765625,0.0060621034026635545,0.0063440779217990625
4908,2025-07-10,6280.4599609375,0.0027462050044453346,0.006099076909848991
4909,2025-07-11,6259.75,-0.0032975229626984737,0.006203120381918486
4910,2025-07-14,6268.56005859375,0.001407413809457303,0.006151728281802366
4911,2025-07-15,6243.759765625,-0.003956298214731202,0.0061988415322900585
4912,2025-07-16,6263.7001953125,0.003193657417327689,0.00618984773141659
4913,2025-07-17,6297.35986328125,0.00537376740890938,0.005515299522732404
4914,2025-07-18,6296.7900390625,-9.048620868445933e-05,0.005308717888643647
4915,2025-07-21,6305.60009765625,0.001399134882868358,0.004788320367427025
4916,2025-07-22,6309.6201171875,0.0006375316336257875,0.004766990410795109
4917,2025-07-23,6358.91015625,0.007811886951519131,0.004781292806449394
4918,2025-07-24,6363.35009765625,0.0006982236416543941,0.004558310174296921
4919,2025-07-25,6388.64013671875,0.00397432777929585,0.004150681339939613
4920,2025-07-28,6389.77001953125,0.00017685810881817865,0.0041463645077725
4921,2025-07-29,6370.85986328125,-0.002959442388724254,0.0040698315119096565
4922,2025-07-30,6362.89990234375,-0.0012494327466496813,0.004035453186354955
4923,2025-07-31,6339.39013671875,-0.0036948193411530106,0.004082152048421822
4924,2025-08-01,6238.009765625,-0.015992133140148468,0.005449416024337367
4925,2025-08-04,6329.93994140625,0.01473710033091602,0.00620145236789648
4926,2025-08-05,6299.18994140625,-0.004857865996303334,0.006070398596682787
4927,2025-08-06,6345.06005859375,0.007281907295092482,0.005975161475347947
4928,2025-08-07,6340.0,-0.0007974800154801898,0.005976204527763604
4929,2025-08-08,6389.4501953125,0.007799715348974834,0.006059332733234756
4930,2025-08-11,6373.4501953125,-0.0025041278217863283,0.0060875016653281315
4931,2025-08-12,6445.759765625,0.01134543584661274,0.006422505977602994
4932,2025-08-13,6466.580078125,0.0032300788824048965,0.006435004201067075
4933,2025-08-14,6468.5400390625,0.00030309080129242716,0.006328281768484643
4934,2025-08-15,6449.7998046875,-0.0028971350972291088,0.0063894629409889
4935,2025-08-18,6449.14990234375,-0.00010076318078544588,0.006331684093234293
4936,2025-08-19,6411.3701171875,-0.005858103118756786,0.006500577368549979
4937,2025-08-20,6395.77978515625,-0.0024316693228262354,0.006536101786391162
4938,2025-08-21,6370.169921875,-0.004004181529308926,0.006611548704533765
4939,2025-08-22,6466.91015625,0.015186444876893468,0.007166000389198527
4940,2025-08-25,6439.31982421875,-0.004266385548063467,0.007246752285269126
4941,2025-08-26,6465.93994140625,0.004133995191134998,0.007250408753236857
4942,2025-08-27,6481.39990234375,0.0023909843081744153,0.007260025211852892
4943,2025-08-28,6501.85986328125,0.0031567194195349924,0.007231370717296798
4944,2025-08-29,6460.259765625,-0.00639818429357164,0.007387588756087441
4945,2025-09-02,6415.5400390625,-0.006922279936861564,0.007510384725084975
4946,2025-09-03,6448.259765625,0.0051000736279842585,0.006584715954224619
4947,2025-09-04,6502.080078125,0.008346486409699372,0.00609718841503328
4948,2025-09-05,6481.5,-0.003165152978388819,0.006026874952698497
4949,2025-09-08,6495.14990234375,0.0021059789159529885,0.005882141385533885
4950,2025-09-09,6512.60986328125,0.0026881536531127015,0.005876111242998513
4951,2025-09-10,6532.0400390625,0.002983469943562689,0.005707304940754394
4952,2025-09-11,6587.47021484375,0.008485890387959882,0.005863068425177025
4953,2025-09-12,6584.2900390625,-0.00048276131466740146,0.005446582140856753
4954,2025-09-15,6615.27978515625,0.004706619226962694,0.005484579301123174
4955,2025-09-16,6606.759765625,-0.0012879303382402618,0.005505322952608467
4956,2025-09-17,6600.35009765625,-0.0009701681605103207,0.005455875441001791
4957,2025-09-18,6631.9599609375,0.004789119185128365,0.005505563751165
4958,2025-09-19,6664.35986328125,0.004885418870829605,0.005314901508576132
4959,2025-09-22,6693.75,0.004410046474333074,0.005256938715885028
4960,2025-09-23,6656.919921875,-0.005502159197012135,0.005348469628248572
4961,2025-09-24,6637.97021484375,-0.002846617843333288,0.004557403033633544
4962,2025-09-25,6604.72021484375,-0.0050090613431266195,0.004602330719490465
4963,2025-09-26,6643.7001953125,0.005901836747171263,0.004671576064656547
4964,2025-09-29,6661.2099609375,0.00263554421636214,0.00467472545120415
4965,2025-09-30,6688.4599609375,0.0040908483833717035,0.004697010022970365
4966,2025-10-01,6711.2001953125,0.003399920834961989,0.004386845402812213
4967,2025-10-02,6715.35009765625,0.0006183547238911569,0.003950453161317701
4968,2025-10-03,6715.7900390625,6.551280273581206e-05,0.003913162054517333
4969,2025-10-06,6740.27978515625,0.0036465919796933033,0.00366224466302369
4970,2025-10-07,6714.58984375,-0.0038114057910215715,0.0037049913701555455
4971,2025-10-08,6753.72021484375,0.0058276636405680815,0.003811955724081754
4972,2025-10-09,6735.10986328125,-0.002755570407195318,0.003925392893566257
4973,2025-10-10,6552.509765625,-0.02711167321141361,0.007240686218152486
4974,2025-10-13,6654.72021484375,0.015598671787557583,0.007769302962108647
4975,2025-10-14,6644.31005859375,-0.0015643266604626893,0.007779172770767919
4976,2025-10-15,6671.06005859375,0.004026001159503689,0.007762739824304926
4977,2025-10-16,6629.06982421875,-0.006294387099829435,0.007887291837201599
4978,2025-10-17,6664.009765625,0.0052707155502571545,0.00795576796653676
4979,2025-10-20,6735.1298828125,0.010672270853256949,0.008203002624935911
4980,2025-10-21,6735.35009765625,3.2696450934288634e-05,0.008151144149246375
4981,2025-10-22,6699.39990234375,-0.005337539220865439,0.008194076945979277
4982,2025-10-23,6738.43994140625,0.0058273934429324825,0.008183172816966091
4983,2025-10-24,6791.68994140625,0.00790242258787388,0.008288702291355142
4984,2025-10-27,6875.16015625,0.012290050865671143,0.00850193456554676
4985,2025-10-28,6890.89013671875,0.0022879438603986557,0.00845491565283788
4986,2025-10-29,6890.58984375,-4.3578255173426506e-05,0.008460035154972059
4987,2025-10-30,6822.33984375,-0.00990481243951924,0.00878189314236201
4988,2025-10-31,6840.2001953125,0.0026179217059763005,0.008773033271570708
4989,2025-11-03,6851.97021484375,0.0017207127269924793,0.008774479425177692
4990,2025-11-04,6771.5498046875,-0.011736830084583816,0.009182620489444182
4991,2025-11-05,6796.2900390625,0.0036535556982648654,0.009182737258202466
4992,2025-11-06,6720.31982421875,-0.011178189042419073,0.009473959411751559
4993,2025-11-07,6728.7998046875,0.0012618418007710464,0.009391750800601081
4994,2025-11-10,6832.43017578125,0.01540101862170995,0.009931867065907757
4995,2025-11-11,6846.60986328125,0.002075350517340535,0.007749604263838532
4996,2025-11-12,6850.919921875,0.0006295171887717999,0.007133891538699012
4997,2025-11-13,6737.490234375,-0.01655685496159698,0.008078668677986062
4998,2025-11-14,6734.10986328125,-0.0005017255648851471,0.008046562317415358
4999,2025-11-17,6672.41015625,-0.00916226617680782,0.008183243403131564
5000,2025-11-18,6617.31982421875,-0.008256436690967983,0.008301538869213032
5001,2025-11-19,6642.16015625,0.0037538357962292324,0.00799189735210489
5002,2025-11-20,6538.759765625,-0.015567283563270418,0.008601778266332327
5003,2025-11-21,6602.990234375,0.009823035415319481,0.008866963342064903
5004,2025-11-24,6705.1201171875,0.015467217001293498,0.009421631780670422
5005,2025-11-25,6765.8798828125,0.009061696817220577,0.009472112122858473
5006,2025-11-26,6812.60986328125,0.006906711511012631,0.009201649263422502
5007,2025-11-28,6849.08984375,0.005354773163420257,0.009266910356962994
5008,2025-12-01,6812.6298828125,-0.005323329342915684,0.009329855746216476
5009,2025-12-02,6829.3701171875,0.002457235261999813,0.009104453346019503
5010,2025-12-03,6849.72021484375,0.0029797912994984355,0.009109570113874876
5011,2025-12-04,6857.1201171875,0.0010803218396737702,0.009105176420848555
5012,2025-12-05,6870.39990234375,0.001936641757662061,0.008719083049648413
5013,2025-12-08,6846.509765625,-0.003477255626794018,0.008736399365973263
5014,2025-12-09,6840.509765625,-0.0008763589340257116,0.008355673539343642
5015,2025-12-10,6886.68017578125,0.00674955693920154,0.008450261145445006
5016,2025-12-11,6901.0,0.002079350841514227,0.007830410878889997
5017,2025-12-12,6827.41015625,-0.010663649289958,0.008170698197187617
5018,2025-12-15,6816.509765625,-0.0015965630269072495,0.008175072090179052
5019,2025-12-16,6800.259765625,-0.0023839179519623555,0.007340273549757613
5020,2025-12-17,6721.43017578125,-0.011592143912241393,0.007776428025719434
5021,2025-12-18,6774.759765625,0.007934262269941872,0.007676774523570891
5022,2025-12-19,6834.5,0.008818059450332205,0.007588616114116556
5023,2025-12-22,6878.490234375,0.006436496360377575,0.007647938128094508
5024,2025-12-23,6909.7900390625,0.004550388765703239,0.006630243939442438
5025,2025-12-24,6932.0498046875,0.0032214822012188726,0.006430985556623593
5026,2025-12-26,6929.93994140625,-0.00030436354912266594,0.005725834531743215
5027,2025-12-29,6905.740234375,-0.00349205148036813,0.00556119698399979
5028,2025-12-30,6896.240234375,-0.0013756671519022934,0.005416881262925763
